window_index,op_mode,is_healthy,reconstruction_error
0,0,1,0.5981363
1,2,1,0.5810958
2,0,1,0.5854765
3,0,1,0.6001653
4,3,1,0.6238991
5,0,1,0.62593144
6,0,1,0.6368802
7,0,1,0.6457704
8,0,1,0.6457786
9,0,1,0.6570684
10,0,1,0.6578211
11,2,1,0.65254444
12,1,1,0.6642892
13,1,1,0.6648273
14,3,1,0.68996364
15,1,0,0.70879406
16,1,0,0.6850375
17,1,0,0.68436325
18,1,0,0.68469626
19,1,0,0.67910373
20,2,0,0.71195316
21,1,0,0.7106278
22,2,0,0.71248376
23,2,0,0.7230546
24,1,0,0.74681413
25,2,0,0.7632926
26,0,0,0.76989913
27,0,0,0.76641417
28,1,0,0.77619874
29,0,0,0.7642113
30,0,0,0.772969
31,1,0,0.7644291
32,1,0,0.7721718
33,0,0,0.7564425
34,0,0,0.76054317
35,2,0,0.7686492
36,0,0,0.79181486
37,1,0,0.7954458
38,1,0,0.8071328
39,1,0,0.8031415
40,0,0,0.79716265
41,3,0,0.7889338
42,0,0,0.7771645
43,0,0,0.77502155
44,2,0,0.76987666
45,3,0,0.75092757
46,1,0,0.7529724
47,0,0,0.73837686
48,0,0,0.7234714
49,1,0,0.7278542
50,0,0,0.7200377
51,1,0,0.7265627
52,1,0,0.7460054
53,1,0,0.73003197
54,0,0,0.7127795
55,3,0,0.7205442
56,2,0,0.7136614
57,2,0,0.70836663
58,3,0,0.71477664
59,2,0,0.72230047
60,2,0,0.7367119
61,0,0,0.737587
62,2,0,0.72293466
63,0,0,0.7143281
64,0,0,0.69551307
65,3,0,0.70699054
66,1,0,0.6836851
67,0,0,0.6673588
68,0,0,0.6718719
69,1,0,0.66950166
70,0,0,0.68563724
71,0,0,0.6980323
72,0,0,0.7282129
73,1,0,0.7477598
74,1,0,0.77113587
75,2,0,0.78971225
76,0,0,0.8037943
77,3,0,0.8289525
78,0,0,0.83591986
79,0,0,0.83706135
80,0,0,0.8535728
81,0,0,0.86735296
82,1,0,0.86498684
83,1,0,0.8727656
84,3,0,0.8859743
85,0,0,0.9180663
86,0,0,0.93826157
87,3,0,0.9430116
88,0,0,0.9492984
89,3,0,0.93986547
90,1,0,0.95496935
91,0,0,0.9743502
92,0,0,0.9857822
93,0,0,1.0112638
94,3,0,1.0163808
95,1,0,1.0094632
96,0,0,1.0293638
97,1,0,1.0505884
98,0,0,1.0560769
99,3,0,1.0717986
100,2,0,1.073621
101,2,0,1.101603
102,0,0,1.1204836
103,2,0,1.1225182
104,0,0,1.1307148
105,1,0,1.1350306
106,1,0,1.1828358
107,3,0,1.1880387
108,0,0,1.2125493
109,0,0,1.2324829
110,1,0,1.2575032
111,1,0,1.3028675
112,1,0,1.3438435
113,1,0,1.3669935
114,0,0,1.3653076
115,2,0,1.3817104
116,3,0,1.3993769
117,0,0,1.4398173
118,0,0,1.4324366
119,1,0,1.4749342
120,1,1,0.6373385
121,1,1,0.6229677
122,0,1,0.6060858
123,0,1,0.5933976
124,0,1,0.60596
125,0,1,0.6066906
126,0,1,0.6138697
127,0,1,0.60151124
128,3,1,0.58448213
129,0,1,0.58399683
130,0,1,0.6014427
131,2,1,0.5852075
132,0,1,0.5871824
133,1,1,0.6014842
134,0,1,0.581287
135,3,1,0.5742343
136,0,1,0.57427764
137,3,1,0.5781684
138,1,1,0.5674519
139,1,1,0.55742747
140,0,1,0.5485005
141,3,1,0.5617416
142,3,1,0.55684274
143,1,1,0.5545448
144,0,1,0.55278385
145,0,1,0.5453552
146,0,1,0.5615049
147,0,1,0.5592835
148,3,1,0.5619951
149,3,1,0.55938494
150,1,1,0.5485903
151,0,1,0.5527105
152,2,1,0.55690074
153,1,1,0.57198894
154,1,1,0.56509775
155,1,1,0.54680145
156,2,1,0.54604995
157,1,1,0.54018825
158,2,1,0.5341528
159,3,1,0.5132989
160,1,1,0.49026853
161,3,1,0.49467644
162,0,1,0.48735294
163,1,1,0.48232955
164,3,1,0.48147148
165,0,1,0.50246006
166,0,1,0.48025015
167,0,1,0.47718066
168,2,1,0.47771394
169,2,1,0.47677782
170,0,1,0.47682467
171,2,0,0.46139666
172,3,0,0.47846514
173,2,0,0.48160404
174,2,0,0.48393807
175,0,0,0.47677496
176,3,0,0.47509798
177,1,0,0.47918376
178,3,0,0.48721755
179,0,0,0.4716034
180,3,0,0.47891575
181,1,0,0.481198
182,3,0,0.48398957
183,1,0,0.47997212
184,1,0,0.47458956
185,0,0,0.49263874
186,1,0,0.49290133
187,0,0,0.49326637
188,2,0,0.5092147
189,3,0,0.50569445
190,1,0,0.5314467
191,0,0,0.5493055
192,2,0,0.5726943
193,2,0,0.55919284
194,0,0,0.5791267
195,2,0,0.5859343
196,0,0,0.59478486
197,1,0,0.5931837
198,0,0,0.61524355
199,1,0,0.6195911
200,2,0,0.59893465
201,2,0,0.6022151
202,1,0,0.60687685
203,3,0,0.6042754
204,0,0,0.61119866
205,1,0,0.6217168
206,1,0,0.62907267
207,0,0,0.63169754
208,1,0,0.61538446
209,0,0,0.6129719
210,3,0,0.607799
211,1,0,0.6058241
212,1,0,0.62138325
213,0,0,0.60975236
214,2,0,0.62593234
215,0,0,0.6083354
216,1,0,0.61231077
217,1,0,0.6142892
218,2,0,0.6015898
219,0,0,0.6167194
220,0,0,0.5965301
221,0,0,0.5852443
222,2,0,0.56111574
223,2,0,0.5814451
224,2,0,0.56854206
225,2,0,0.54740417
226,1,0,0.5445863
227,0,0,0.5454553
228,1,0,0.5510362
229,3,0,0.5405732
230,2,0,0.53996974
231,3,0,0.5449418
232,3,0,0.547973
233,0,0,0.5281697
234,0,0,0.5351065
235,2,0,0.549944
236,3,0,0.54805356
237,0,0,0.5512857
238,0,0,0.5499069
239,3,0,0.55012345
240,0,0,0.5751982
241,0,0,0.57408166
242,0,0,0.55830204
243,1,0,0.5622368
244,3,0,0.56999075
245,0,0,0.57400113
246,0,0,0.58036715
247,3,0,0.5863272
248,1,0,0.5901191
249,0,0,0.60624427
250,0,0,0.6116789
251,0,0,0.6223119
252,2,0,0.6205343
253,2,0,0.6183071
254,0,0,0.62068486
255,3,0,0.6295051
256,3,0,0.63792044
257,0,0,0.6323774
258,0,0,0.6177033
259,2,0,0.61930794
260,0,0,0.62969095
261,0,0,0.6335355
262,3,0,0.6131523
263,1,0,0.61386454
264,0,0,0.6050637
265,1,0,0.59425366
266,3,0,0.5762462
267,1,0,0.5812594
268,3,0,0.6046206
269,1,0,0.6309342
270,2,0,0.6093889
271,1,0,0.62286574
272,0,0,0.6433162
273,0,0,0.6586465
274,0,0,0.65320617
275,3,0,0.6634542
276,2,0,0.6898453
277,3,0,0.7033007
278,0,0,0.70026195
279,0,0,0.6852533
280,0,0,0.7035175
281,2,0,0.6924854
282,1,0,0.70662045
283,0,0,0.7000659
284,0,0,0.7202251
285,1,0,0.71542317
286,0,0,0.71367365
287,1,0,0.7141047
288,0,0,0.72854334
289,1,0,0.71477354
290,0,0,0.72305584
291,3,0,0.74633557
292,3,0,0.76388437
293,2,0,0.7822474
294,1,0,0.8050873
295,0,0,0.8093046
296,0,0,0.82619756
297,0,0,0.8476613
298,1,0,0.8455628
299,1,0,0.84042555
300,0,0,0.8620638
301,0,0,0.86829996
302,1,0,0.8727902
303,0,0,0.8782862
304,1,0,0.8662367
305,0,0,0.8652207
306,1,0,0.8535884
307,3,0,0.8815128
308,0,0,0.892877
309,0,0,0.90705025
310,3,0,0.895315
311,1,0,0.9022793
312,0,0,0.91346747
313,2,0,0.93116
314,1,0,0.9295575
315,0,0,0.9460301
316,0,0,0.9582664
317,0,0,0.9589582
318,3,0,0.9698993
319,1,0,1.006396
320,1,0,1.0042999
321,3,0,0.9938348
322,0,0,0.98859894
323,1,0,1.0101775
324,2,0,0.9983641
325,2,0,1.0218178
326,0,0,1.0360831
327,1,0,1.0298282
328,0,0,1.0462255
329,0,0,1.0361967
330,1,0,1.0348274
331,1,0,1.0380661
332,0,0,1.0205991
333,3,0,1.0269659
334,0,0,1.0387189
335,0,0,1.0641648
336,0,0,1.0818298
337,0,0,1.0639759
338,1,0,1.0871131
339,0,0,1.0983847
340,0,0,1.1105479
341,0,0,1.1367655
342,2,0,1.1960995
343,0,0,1.2202477
344,0,0,1.2548959
345,3,0,1.2597849
346,0,0,1.3127161
347,2,0,1.3263185
348,0,0,1.3298277
349,3,0,1.3181046
350,0,0,1.3225492
351,1,0,1.3412142
352,2,0,1.3506534
353,1,0,1.3400722
354,0,0,1.3880848
355,0,0,1.381144
356,3,0,1.3618201
357,2,0,1.3965662
358,0,0,1.4782654
359,2,0,1.5052497
360,0,1,0.53365636
361,3,1,0.53475994
362,2,1,0.56712765
363,0,1,0.579507
364,3,1,0.5627422
365,2,1,0.55252993
366,0,1,0.53458285
367,0,1,0.5321733
368,1,1,0.53866446
369,0,1,0.5311066
370,1,1,0.5239668
371,2,1,0.52519524
372,1,1,0.5410762
373,0,1,0.57258445
374,1,1,0.58284163
375,1,1,0.5889635
376,0,1,0.58268607
377,2,1,0.60777503
378,0,1,0.636795
379,3,1,0.62012976
380,1,1,0.6201018
381,0,1,0.61540085
382,2,1,0.6563404
383,1,1,0.66418314
384,0,1,0.68324476
385,2,1,0.659247
386,0,1,0.65661997
387,0,1,0.69411755
388,1,1,0.6812983
389,1,1,0.6821591
390,0,1,0.67906725
391,0,1,0.6666354
392,1,0,0.6414672
393,3,0,0.66188246
394,1,0,0.6949302
395,0,0,0.68582207
396,0,0,0.7082981
397,1,0,0.73864555
398,0,0,0.7322246
399,0,0,0.7185939
400,1,0,0.72037077
401,0,0,0.7064902
402,3,0,0.7088562
403,0,0,0.700224
404,1,0,0.68600386
405,3,0,0.67058223
406,0,0,0.6701113
407,0,0,0.66374636
408,1,0,0.6455403
409,0,0,0.64240783
410,1,0,0.63017166
411,0,0,0.6495378
412,0,0,0.61923385
413,3,0,0.60524637
414,2,0,0.61228466
415,0,0,0.63361835
416,0,0,0.6189733
417,1,0,0.6212886
418,0,0,0.6332824
419,0,0,0.6543079
420,1,0,0.6483746
421,1,0,0.6484134
422,3,0,0.64930516
423,0,0,0.6484991
424,0,0,0.63094044
425,0,0,0.6311662
426,0,0,0.60995805
427,0,0,0.5963974
428,1,0,0.6107655
429,0,0,0.61818063
430,0,0,0.60346746
431,0,0,0.60732037
432,3,0,0.59244657
433,0,0,0.60229105
434,0,0,0.6379309
435,3,0,0.63681006
436,0,0,0.6506706
437,1,0,0.6305643
438,3,0,0.63104886
439,0,0,0.65744036
440,3,0,0.68057287
441,1,0,0.65947235
442,1,0,0.66654897
443,1,0,0.6859467
444,0,0,0.66222966
445,1,0,0.663556
446,1,0,0.65852773
447,2,0,0.6346054
448,0,0,0.6235948
449,0,0,0.61078495
450,0,0,0.60594875
451,0,0,0.62530553
452,0,0,0.64547735
453,1,0,0.65075094
454,1,0,0.7190615
455,2,0,0.71266955
456,1,0,0.73164
457,0,0,0.7249305
458,0,0,0.7087223
459,1,0,0.7102272
460,3,0,0.70722616
461,0,0,0.71313965
462,0,0,0.6912284
463,2,0,0.67432946
464,0,0,0.65080106
465,0,0,0.6529629
466,1,0,0.6522919
467,0,0,0.66761506
468,0,0,0.66453695
469,3,0,0.6583517
470,0,0,0.6493432
471,2,0,0.63810766
472,2,0,0.6223597
473,1,0,0.5925137
474,3,0,0.6090465
475,0,0,0.6104807
476,3,0,0.6308403
477,3,0,0.6333971
478,3,0,0.6349537
479,0,0,0.62483925
480,0,0,0.6419726
481,1,0,0.62994367
482,2,0,0.61174244
483,0,0,0.583528
484,0,0,0.5283511
485,3,0,0.5503856
486,3,0,0.54182
487,2,0,0.5508723
488,1,0,0.55363065
489,1,0,0.5572286
490,1,0,0.5711459
491,0,0,0.56216556
492,2,0,0.57033026
493,3,0,0.5920846
494,1,0,0.58873177
495,0,0,0.5979931
496,2,0,0.5966055
497,3,0,0.58648413
498,1,0,0.59970784
499,2,0,0.6299085
500,2,0,0.6249072
501,0,0,0.64267
502,0,0,0.66749305
503,0,0,0.68375266
504,1,0,0.68331796
505,1,0,0.67220926
506,0,0,0.66600263
507,0,0,0.69319254
508,2,0,0.7281092
509,0,0,0.7368769
510,1,0,0.7350666
511,0,0,0.74159306
512,3,0,0.76025456
513,0,0,0.7889416
514,2,0,0.80161065
515,1,0,0.8184779
516,0,0,0.8391195
517,0,0,0.8558991
518,1,0,0.8811948
519,2,0,0.8896526
520,0,0,0.9073525
521,0,0,0.9335234
522,0,0,0.990473
523,2,0,0.9946142
524,1,0,1.066611
525,0,0,1.1122843
526,1,0,1.1478262
527,3,0,1.1772717
528,3,0,1.1838175
529,3,0,1.1660339
530,1,0,1.1914417
531,0,0,1.2096297
532,0,0,1.2338923
533,0,0,1.2837507
534,3,0,1.2853818
535,3,0,1.3616025
536,3,0,1.4066509
537,1,1,0.55437475
538,0,1,0.55784845
539,0,1,0.564553
540,0,1,0.56557655
541,0,1,0.5875913
542,2,1,0.589833
543,1,1,0.6129218
544,1,1,0.5871425
545,1,1,0.60484636
546,3,1,0.6059023
547,3,1,0.59898895
548,1,1,0.6221155
549,3,1,0.6184831
550,0,1,0.6154037
551,0,1,0.61540717
552,1,1,0.6164294
553,0,1,0.6015406
554,2,1,0.6131213
555,1,1,0.6085584
556,1,1,0.6176945
557,0,1,0.6212897
558,0,1,0.6365899
559,1,1,0.62475026
560,1,1,0.60404205
561,1,1,0.58332115
562,0,1,0.58772415
563,3,1,0.594442
564,2,1,0.5965451
565,3,1,0.61922836
566,3,1,0.6272696
567,0,1,0.6060171
568,1,1,0.60326487
569,0,1,0.5858383
570,1,1,0.595312
571,0,1,0.595359
572,0,1,0.5959541
573,0,1,0.5681484
574,3,1,0.5865311
575,2,1,0.57469165
576,2,1,0.5764964
577,1,1,0.5672614
578,0,0,0.5693554
579,0,0,0.5862225
580,3,0,0.60254425
581,3,0,0.6155927
582,1,0,0.6094587
583,2,0,0.6031478
584,0,0,0.5819085
585,1,0,0.58235997
586,1,0,0.56702155
587,3,0,0.5586967
588,0,0,0.54127306
589,0,0,0.5421303
590,1,0,0.561872
591,0,0,0.5886749
592,0,0,0.59715796
593,1,0,0.5872923
594,1,0,0.56402266
595,1,0,0.5582892
596,2,0,0.5691168
597,2,0,0.58802956
598,3,0,0.58864385
599,0,0,0.58586574
600,0,0,0.5871266
601,3,0,0.57398397
602,2,0,0.5622365
603,3,0,0.5651513
604,1,0,0.53375465
605,1,0,0.53547317
606,0,0,0.5489486
607,2,0,0.5791332
608,2,0,0.5525132
609,0,0,0.5609353
610,1,0,0.56008685
611,1,0,0.56516993
612,1,0,0.56565195
613,0,0,0.5700517
614,0,0,0.57538897
615,1,0,0.5726072
616,0,0,0.57764524
617,0,0,0.58846116
618,3,0,0.5855662
619,0,0,0.6073258
620,0,0,0.6132486
621,0,0,0.61546344
622,0,0,0.6058824
623,1,0,0.5997124
624,1,0,0.6238858
625,1,0,0.6194395
626,2,0,0.6155166
627,3,0,0.60180503
628,0,0,0.6013391
629,2,0,0.6054463
630,0,0,0.60546106
631,0,0,0.5973554
632,2,0,0.6096687
633,0,0,0.6241821
634,0,0,0.618969
635,0,0,0.6165117
636,3,0,0.6057953
637,3,0,0.6007213
638,0,0,0.62342685
639,1,0,0.60508597
640,1,0,0.6148091
641,0,0,0.6132437
642,0,0,0.63316286
643,0,0,0.6385026
644,0,0,0.64224035
645,2,0,0.64162916
646,1,0,0.6609035
647,0,0,0.6675204
648,2,0,0.679557
649,3,0,0.6619044
650,0,0,0.6453081
651,0,0,0.63689345
652,0,0,0.65625036
653,2,0,0.6567842
654,0,0,0.6377106
655,1,0,0.635229
656,1,0,0.6259202
657,3,0,0.63011515
658,0,0,0.6156081
659,3,0,0.6255491
660,1,0,0.63690084
661,0,0,0.62670016
662,0,0,0.6110464
663,0,0,0.61001337
664,0,0,0.6383528
665,1,0,0.6494
666,0,0,0.66662735
667,2,0,0.66350996
668,3,0,0.6571898
669,1,0,0.6619016
670,2,0,0.656901
671,0,0,0.6659967
672,2,0,0.65521514
673,0,0,0.67011935
674,0,0,0.67487735
675,3,0,0.69683343
676,3,0,0.70080894
677,1,0,0.711227
678,1,0,0.7220738
679,0,0,0.7293423
680,1,0,0.73530954
681,0,0,0.7288544
682,0,0,0.71481
683,2,0,0.77448463
684,0,0,0.7968501
685,0,0,0.78830355
686,0,0,0.7950826
687,0,0,0.8055537
688,2,0,0.8159254
689,1,0,0.82594496
690,0,0,0.852994
691,0,0,0.87682515
692,3,0,0.90772784
693,0,0,0.9219656
694,3,0,0.9259092
695,0,0,0.94733256
696,0,0,0.95695066
697,0,0,0.96008754
698,0,0,0.95280385
699,3,0,0.96999085
700,3,0,0.984997
701,0,0,0.99834645
702,0,0,1.0145397
703,1,0,1.0428407
704,0,0,1.072466
705,2,0,1.0827045
706,0,0,1.0906183
707,0,0,1.1059824
708,1,0,1.1223447
709,1,0,1.1485586
710,3,0,1.1879907
711,1,0,1.2248952
712,1,0,1.2868001
713,0,0,1.2914895
714,0,0,1.2846836
715,3,0,1.3391516
716,1,0,1.3543859
717,3,0,1.4372058
718,0,0,1.4995908
719,1,0,1.5510504
720,0,0,1.5446427
721,1,0,1.5603837
722,0,0,1.5624025
723,1,0,1.6382889
724,0,0,1.6821045
725,2,0,1.6978403
726,2,0,1.7156628
727,3,0,1.7701561
728,1,0,1.8626815
729,3,0,1.9838687
730,1,0,2.0346868
731,0,0,2.1355076
732,2,0,2.2457275
733,0,0,2.2431128
734,1,0,2.3648655
735,1,0,2.498549
736,1,0,2.5186565
737,3,0,2.7071207
738,0,0,2.7350562
739,1,0,2.7674015
740,1,0,2.787836
741,0,0,2.8056154
742,0,0,2.7967732
743,1,1,0.71285003
744,2,1,0.693054
745,1,1,0.65991014
746,3,1,0.639032
747,0,1,0.6521604
748,1,1,0.64088017
749,0,1,0.6448016
750,1,1,0.6475124
751,3,1,0.64126754
752,1,1,0.64585763
753,1,1,0.6544672
754,0,1,0.6526757
755,1,1,0.65054435
756,0,1,0.6237471
757,2,1,0.6189964
758,1,1,0.5970662
759,2,1,0.5833763
760,0,0,0.56551784
761,0,0,0.53741676
762,0,0,0.5519
763,1,0,0.60367006
764,2,0,0.58422565
765,2,0,0.5648804
766,2,0,0.58446246
767,0,0,0.58548516
768,1,0,0.5770543
769,3,0,0.5664483
770,0,0,0.5491482
771,3,0,0.57362485
772,1,0,0.5714606
773,1,0,0.570787
774,0,0,0.5660935
775,0,0,0.57065034
776,2,0,0.577486
777,0,0,0.57600445
778,2,0,0.58264405
779,2,0,0.60153675
780,0,0,0.6085828
781,0,0,0.61857176
782,0,0,0.6261828
783,2,0,0.65828395
784,2,0,0.6805917
785,0,0,0.6830139
786,0,0,0.68465346
787,3,0,0.69292843
788,1,0,0.7086012
789,0,0,0.70022285
790,3,0,0.7150829
791,2,0,0.71183866
792,1,0,0.7047166
793,1,0,0.65431315
794,1,0,0.65118283
795,2,0,0.64473253
796,2,0,0.6235595
797,0,0,0.63348645
798,1,0,0.64643073
799,1,0,0.6623306
800,0,0,0.6503018
801,1,0,0.65136176
802,1,0,0.66922456
803,3,0,0.6685359
804,1,0,0.675375
805,3,0,0.68773425
806,1,0,0.6822651
807,0,0,0.6986147
808,0,0,0.7007996
809,2,0,0.6846152
810,2,0,0.67380434
811,1,0,0.67972654
812,0,0,0.6942044
813,1,0,0.6729462
814,3,0,0.6828932
815,0,0,0.6902037
816,1,0,0.69497204
817,2,0,0.697443
818,0,0,0.6779531
819,1,0,0.68111235
820,2,0,0.6721732
821,0,0,0.68630147
822,1,0,0.6919121
823,3,0,0.69131315
824,0,0,0.7193871
825,0,0,0.7275017
826,0,0,0.7503321
827,2,0,0.74086475
828,0,0,0.72947395
829,0,0,0.71528006
830,0,0,0.7415833
831,1,0,0.7183731
832,3,0,0.7180732
833,0,0,0.7394732
834,0,0,0.719072
835,1,0,0.714861
836,0,0,0.7297148
837,0,0,0.73644143
838,0,0,0.7309657
839,0,0,0.744943
840,0,0,0.7736273
841,3,0,0.7961772
842,3,0,0.79747534
843,2,0,0.83423936
844,1,0,0.82891953
845,3,0,0.8342601
846,2,0,0.8513633
847,1,0,0.85638934
848,3,0,0.90047365
849,3,0,0.9423708
850,0,0,0.96904296
851,0,0,0.9778487
852,0,0,1.0313462
853,2,0,1.0623404
854,0,0,1.0592881
855,1,0,1.1097388
856,1,0,1.119775
857,0,0,1.1906568
858,1,0,1.2205331
859,3,0,1.2690526
860,0,0,1.2915303
861,1,0,1.4021086
862,3,0,1.5155238
863,0,0,1.6019022
864,0,0,1.6407982
865,1,0,1.6750842
866,0,0,1.8092812
867,0,0,1.8585982
868,0,1,0.6240218
869,0,1,0.64472306
870,2,1,0.647607
871,1,1,0.6769085
872,3,1,0.71102744
873,3,1,0.70878756
874,1,1,0.72304666
875,3,1,0.7069952
876,3,1,0.6847361
877,1,1,0.7333634
878,1,1,0.69377935
879,3,1,0.67039245
880,1,1,0.6421884
881,2,1,0.65518856
882,1,1,0.6543457
883,1,1,0.63632125
884,3,1,0.63716245
885,0,1,0.606641
886,0,1,0.6371706
887,0,1,0.6562927
888,3,1,0.68894196
889,3,1,0.7162415
890,0,1,0.7021343
891,0,0,0.7110646
892,2,0,0.7229115
893,1,0,0.71132606
894,2,0,0.70060784
895,0,0,0.70190156
896,1,0,0.6814434
897,0,0,0.6987738
898,0,0,0.68141174
899,0,0,0.6880904
900,1,0,0.7027339
901,0,0,0.6922383
902,1,0,0.68291414
903,1,0,0.7044606
904,0,0,0.7142246
905,1,0,0.7437378
906,1,0,0.75722814
907,3,0,0.70262116
908,0,0,0.70903194
909,2,0,0.68759066
910,2,0,0.68635464
911,1,0,0.68024176
912,2,0,0.6703325
913,0,0,0.6866447
914,1,0,0.6667388
915,1,0,0.66000324
916,1,0,0.6446126
917,1,0,0.61711186
918,0,0,0.6176811
919,0,0,0.6004969
920,1,0,0.5973683
921,1,0,0.6107674
922,2,0,0.5914302
923,2,0,0.5917757
924,3,0,0.59366906
925,1,0,0.597569
926,0,0,0.598529
927,1,0,0.5932342
928,3,0,0.5966418
929,3,0,0.59565705
930,0,0,0.5880888
931,3,0,0.57406783
932,1,0,0.57425404
933,3,0,0.5763616
934,0,0,0.5596154
935,0,0,0.55678016
936,3,0,0.55642295
937,0,0,0.5474565
938,2,0,0.5442057
939,2,0,0.5678342
940,3,0,0.6365276
941,0,0,0.6154756
942,0,0,0.62654275
943,0,0,0.6134754
944,2,0,0.63056153
945,2,0,0.6425911
946,1,0,0.6414384
947,1,0,0.6448378
948,0,0,0.6310274
949,0,0,0.6350144
950,1,0,0.6345229
951,0,0,0.60897404
952,0,0,0.61752474
953,1,0,0.63667667
954,0,0,0.636579
955,2,0,0.63430744
956,0,0,0.64469624
957,0,0,0.65769124
958,1,0,0.6701343
959,0,0,0.65628994
960,2,0,0.6545599
961,0,0,0.6650109
962,2,0,0.64984316
963,0,0,0.63748
964,3,0,0.6580123
965,2,0,0.6437348
966,0,0,0.6217067
967,0,0,0.6475644
968,0,0,0.65151334
969,0,0,0.65541863
970,0,0,0.58772314
971,1,0,0.6023097
972,1,0,0.58436596
973,0,0,0.6187126
974,0,0,0.6417815
975,1,0,0.6499803
976,0,0,0.67614746
977,2,0,0.68386936
978,1,0,0.6948211
979,1,0,0.7070813
980,0,0,0.7243176
981,1,0,0.74494606
982,0,0,0.75451803
983,3,0,0.7465955
984,0,0,0.75351644
985,1,0,0.76732516
986,3,0,0.76602525
987,1,0,0.7681079
988,0,0,0.7692885
989,1,0,0.78784084
990,0,0,0.80860496
991,0,0,0.82702935
992,1,0,0.8535931
993,1,0,0.87937915
994,0,0,0.89405936
995,2,0,0.8875773
996,0,0,0.900999
997,0,0,0.91771203
998,0,0,0.96253496
999,1,0,0.97896343
1000,2,0,1.0360887
1001,0,0,1.0379717
1002,0,0,1.0662857
1003,1,0,1.070889
1004,0,0,1.1158515
1005,0,0,1.1242533
1006,0,0,1.1296709
1007,3,0,1.1942048
1008,0,0,1.230845
1009,0,0,1.2628809
1010,1,0,1.2938867
1011,0,0,1.3197902
1012,0,0,1.3487991
1013,1,0,1.3914558
1014,2,1,0.49131343
1015,0,1,0.4870895
1016,3,1,0.48351127
1017,0,1,0.5148022
1018,3,1,0.5100047
1019,0,1,0.48369464
1020,0,1,0.4718809
1021,1,1,0.47850755
1022,2,1,0.4777602
1023,0,1,0.47837335
1024,3,1,0.47556347
1025,0,1,0.4691575
1026,1,1,0.4586733
1027,3,1,0.49822876
1028,2,1,0.5257843
1029,3,1,0.51272523
1030,2,1,0.5378891
1031,1,1,0.5439921
1032,3,1,0.5391837
1033,0,1,0.5620328
1034,0,1,0.5858122
1035,1,1,0.5866429
1036,0,1,0.5910488
1037,2,0,0.607269
1038,2,0,0.59846765
1039,0,0,0.5953594
1040,0,0,0.61792105
1041,0,0,0.64189035
1042,1,0,0.62376976
1043,0,0,0.62719244
1044,0,0,0.632307
1045,2,0,0.6274441
1046,2,0,0.62703055
1047,0,0,0.62656206
1048,1,0,0.645994
1049,0,0,0.6562008
1050,1,0,0.65905315
1051,0,0,0.64507484
1052,0,0,0.65746725
1053,0,0,0.6692876
1054,1,0,0.6849959
1055,1,0,0.6956726
1056,3,0,0.6993915
1057,1,0,0.6820293
1058,1,0,0.6701975
1059,0,0,0.6878154
1060,3,0,0.6717678
1061,1,0,0.67522013
1062,1,0,0.6728226
1063,1,0,0.6692746
1064,0,0,0.6714184
1065,3,0,0.65770334
1066,0,0,0.6380087
1067,0,0,0.6369748
1068,2,0,0.6297462
1069,1,0,0.6289631
1070,0,0,0.61568666
1071,0,0,0.5969821
1072,3,0,0.59553593
1073,0,0,0.59708285
1074,3,0,0.58517027
1075,0,0,0.60522366
1076,2,0,0.61018515
1077,1,0,0.5939432
1078,1,0,0.5996524
1079,3,0,0.58366513
1080,2,0,0.5771732
1081,1,0,0.59202397
1082,3,0,0.58754426
1083,0,0,0.56350553
1084,3,0,0.54563123
1085,2,0,0.52995104
1086,3,0,0.5396451
1087,1,0,0.5324726
1088,0,0,0.56123114
1089,0,0,0.56732684
1090,0,0,0.565646
1091,3,0,0.5599011
1092,0,0,0.56040627
1093,2,0,0.5375564
1094,3,0,0.524388
1095,1,0,0.54664975
1096,1,0,0.55079895
1097,3,0,0.5387895
1098,0,0,0.5594433
1099,0,0,0.5549922
1100,1,0,0.55247116
1101,3,0,0.5570605
1102,0,0,0.5653732
1103,0,0,0.56617254
1104,2,0,0.5609544
1105,3,0,0.5525309
1106,1,0,0.56852263
1107,2,0,0.5697863
1108,3,0,0.55655736
1109,0,0,0.5739955
1110,0,0,0.5922126
1111,3,0,0.5929318
1112,1,0,0.58680946
1113,2,0,0.59798366
1114,3,0,0.5991272
1115,2,0,0.61670476
1116,1,0,0.6207557
1117,1,0,0.640029
1118,3,0,0.62189513
1119,1,0,0.6127928
1120,0,0,0.6133853
1121,0,0,0.63477784
1122,0,0,0.63173443
1123,1,0,0.66215235
1124,1,0,0.6805689
1125,1,0,0.6689255
1126,0,0,0.68002963
1127,2,0,0.694185
1128,2,0,0.68573207
1129,1,0,0.7040184
1130,1,0,0.72827524
1131,2,0,0.7508409
1132,3,0,0.7562804
1133,3,0,0.76037693
1134,0,0,0.7893842
1135,1,0,0.7989474
1136,0,0,0.8100634
1137,0,0,0.8339673
1138,1,0,0.86478466
1139,0,0,0.8791256
1140,0,0,0.9140778
1141,0,0,1.0218171
1142,3,0,1.0508128
1143,3,0,1.1027092
1144,2,0,1.1360967
1145,1,0,1.1508268
1146,1,0,1.1716667
1147,3,0,1.2424278
1148,2,0,1.2946563
1149,1,0,1.3122934
1150,3,0,1.4035194
1151,1,0,1.4262029
1152,2,0,1.5757225
1153,1,0,1.7273823
1154,3,0,1.7562599
1155,0,0,1.912756
1156,1,0,1.9578516
1157,0,0,2.0068388
1158,1,0,2.1615791
1159,2,1,0.62760824
1160,1,1,0.6275871
1161,0,1,0.6023568
1162,2,1,0.6064146
1163,1,1,0.62468994
1164,0,1,0.6361986
1165,0,1,0.610289
1166,2,1,0.60075206
1167,1,1,0.58935624
1168,1,1,0.5637983
1169,0,1,0.5842932
1170,0,1,0.6199254
1171,1,1,0.6390749
1172,1,1,0.6364357
1173,1,1,0.65948147
1174,1,1,0.6618696
1175,0,0,0.6847432
1176,3,0,0.6753947
1177,1,0,0.6800857
1178,1,0,0.68654776
1179,3,0,0.6814072
1180,0,0,0.6952553
1181,3,0,0.71950376
1182,0,0,0.7340681
1183,0,0,0.7135546
1184,0,0,0.7130316
1185,1,0,0.7243106
1186,0,0,0.7412122
1187,1,0,0.7320731
1188,0,0,0.72279465
1189,0,0,0.7152812
1190,0,0,0.69777614
1191,0,0,0.68942064
1192,1,0,0.7066999
1193,1,0,0.7095061
1194,0,0,0.7100151
1195,0,0,0.72044075
1196,1,0,0.73289144
1197,3,0,0.7477007
1198,1,0,0.7475794
1199,1,0,0.7458712
1200,0,0,0.7247425
1201,2,0,0.71340585
1202,3,0,0.70753366
1203,0,0,0.68375075
1204,3,0,0.67544
1205,2,0,0.6516691
1206,1,0,0.6449207
1207,0,0,0.6564038
1208,1,0,0.6422754
1209,1,0,0.64481163
1210,0,0,0.6414151
1211,1,0,0.62259287
1212,3,0,0.6110238
1213,1,0,0.61932504
1214,0,0,0.601901
1215,0,0,0.6048368
1216,0,0,0.59907955
1217,2,0,0.59841955
1218,0,0,0.60942686
1219,0,0,0.6115569
1220,2,0,0.6176299
1221,1,0,0.6261851
1222,3,0,0.62407875
1223,1,0,0.62660027
1224,1,0,0.60340685
1225,0,0,0.6030742
1226,0,0,0.60910904
1227,3,0,0.5883966
1228,3,0,0.6081807
1229,1,0,0.596654
1230,1,0,0.6138044
1231,0,0,0.614285
1232,1,0,0.6365213
1233,2,0,0.640919
1234,3,0,0.6375237
1235,2,0,0.63300514
1236,1,0,0.6412826
1237,0,0,0.62568754
1238,3,0,0.6370882
1239,0,0,0.6426936
1240,1,0,0.6438239
1241,3,0,0.6446916
1242,1,0,0.6464873
1243,0,0,0.6522428
1244,1,0,0.6588061
1245,0,0,0.65631634
1246,0,0,0.6417071
1247,0,0,0.6575146
1248,1,0,0.64834285
1249,2,0,0.66771406
1250,3,0,0.68649095
1251,2,0,0.7031781
1252,2,0,0.6965959
1253,0,0,0.6865694
1254,1,0,0.7031704
1255,0,0,0.682987
1256,3,0,0.67296064
1257,1,0,0.6913374
1258,0,0,0.68865395
1259,1,0,0.70085
1260,2,0,0.7025079
1261,1,0,0.7164706
1262,0,0,0.7160689
1263,0,0,0.7416319
1264,0,0,0.7542864
1265,1,0,0.7919835
1266,0,0,0.79875875
1267,3,0,0.8149089
1268,3,0,0.8255583
1269,3,0,0.83422244
1270,3,0,0.8355556
1271,0,0,0.85115945
1272,1,0,0.8911593
1273,2,0,0.89731735
1274,2,0,0.9283373
1275,0,0,0.94598216
1276,3,0,0.98345494
1277,1,0,1.0138946
1278,3,0,1.0288334
1279,0,0,1.0288477
1280,1,0,1.0538366
1281,0,1,0.66893774
1282,3,1,0.6455775
1283,1,1,0.6377488
1284,1,1,0.64601254
1285,0,1,0.64772433
1286,1,1,0.63338417
1287,3,1,0.64320284
1288,2,1,0.6318198
1289,2,1,0.6435664
1290,0,1,0.65757495
1291,0,1,0.64848393
1292,0,1,0.6465526
1293,1,1,0.63779795
1294,0,1,0.6330811
1295,1,1,0.6371322
1296,3,1,0.65793306
1297,0,1,0.668057
1298,1,1,0.68095
1299,1,1,0.66317844
1300,3,1,0.6620135
1301,1,1,0.68141
1302,0,1,0.66653854
1303,1,1,0.6654112
1304,2,1,0.6911202
1305,1,1,0.7120796
1306,2,1,0.7279359
1307,0,1,0.723758
1308,3,1,0.7212519
1309,0,1,0.7064482
1310,0,1,0.70804846
1311,1,0,0.69750583
1312,1,0,0.715636
1313,2,0,0.72070175
1314,1,0,0.7024383
1315,0,0,0.70723087
1316,0,0,0.72824264
1317,2,0,0.7210515
1318,1,0,0.72700393
1319,1,0,0.73481
1320,1,0,0.73075914
1321,0,0,0.7175324
1322,0,0,0.7280204
1323,3,0,0.7440003
1324,0,0,0.7502541
1325,0,0,0.7433525
1326,1,0,0.7424158
1327,1,0,0.72419935
1328,0,0,0.7058617
1329,1,0,0.70785475
1330,1,0,0.71053237
1331,2,0,0.7015129
1332,2,0,0.69677305
1333,1,0,0.7061449
1334,0,0,0.70132816
1335,3,0,0.6890108
1336,1,0,0.6675694
1337,1,0,0.6776867
1338,0,0,0.677305
1339,1,0,0.6972348
1340,2,0,0.6789216
1341,3,0,0.68155825
1342,3,0,0.6639027
1343,0,0,0.6631521
1344,0,0,0.6576074
1345,1,0,0.64424044
1346,2,0,0.6486253
1347,0,0,0.6527952
1348,0,0,0.64741296
1349,0,0,0.64804274
1350,3,0,0.6455889
1351,2,0,0.6540335
1352,0,0,0.64377594
1353,1,0,0.6310033
1354,3,0,0.6432954
1355,0,0,0.6262433
1356,3,0,0.6179018
1357,1,0,0.6370904
1358,0,0,0.6399109
1359,2,0,0.64411044
1360,0,0,0.6260372
1361,1,0,0.6258086
1362,0,0,0.6329787
1363,0,0,0.6350407
1364,0,0,0.6440334
1365,1,0,0.6528094
1366,0,0,0.6681555
1367,0,0,0.6631494
1368,0,0,0.6657525
1369,2,0,0.649659
1370,1,0,0.6587563
1371,1,0,0.65824777
1372,2,0,0.860211
1373,2,0,0.8699868
1374,0,0,0.87807435
1375,1,0,0.87597054
1376,0,0,0.85059464
1377,2,0,0.8573271
1378,1,0,0.8631771
1379,2,0,0.8770194
1380,2,0,0.88879067
1381,0,0,0.87255406
1382,0,0,0.87542397
1383,2,0,0.89628327
1384,0,0,0.89612526
1385,3,0,0.90362394
1386,2,0,0.890557
1387,0,0,0.8999406
1388,1,0,0.9053951
1389,0,0,0.9246958
1390,3,0,0.9410924
1391,1,0,0.9291258
1392,2,0,0.93523455
1393,0,0,0.9494452
1394,1,0,0.9454862
1395,2,0,0.95184714
1396,0,0,0.95056415
1397,0,0,0.97274345
1398,0,0,0.97496724
1399,3,0,0.99563736
1400,3,0,1.0080378
1401,3,0,1.0323113
1402,2,0,0.8457841
1403,0,0,0.8548988
1404,1,0,0.85931647
1405,0,0,0.8611638
1406,2,0,0.87371504
1407,1,0,0.8726379
1408,3,0,0.88464326
1409,1,0,0.86099803
1410,0,0,0.86618257
1411,0,0,0.8968968
1412,2,0,0.91936976
1413,1,0,0.913861
1414,1,0,0.9067005
1415,1,0,0.9253331
1416,3,0,0.92937243
1417,0,0,0.9257785
1418,3,0,0.9308986
1419,0,0,0.9164782
1420,2,0,0.9331873
1421,3,0,0.949872
1422,1,0,0.9626645
1423,2,0,0.9695385
1424,1,0,1.0120348
1425,0,0,1.0176427
1426,3,0,1.0336744
1427,3,0,1.0390903
1428,0,0,1.0588402
1429,0,0,1.0865424
1430,2,0,1.1005251
1431,0,0,1.1109002
1432,0,0,1.1306137
1433,2,0,1.1683362
1434,0,0,1.1709601
1435,1,0,1.1864576
1436,1,0,1.20146
1437,1,0,1.2231249
1438,3,0,1.2407554
1439,1,0,1.2564604
1440,1,0,1.2537525
1441,0,0,1.3079033
1442,0,0,1.3075979
1443,0,0,1.3394866
1444,2,0,1.395056
1445,1,0,1.4140761
1446,0,0,1.4507782
1447,3,0,1.473766
1448,1,0,1.5116518
1449,1,0,1.6232618
1450,1,0,1.6297028
1451,1,1,0.64077246
1452,1,1,0.649147
1453,1,1,0.645471
1454,2,1,0.6726254
1455,0,1,0.65582675
1456,0,1,0.6608224
1457,0,1,0.6476544
1458,3,1,0.64271337
1459,2,1,0.63348883
1460,1,1,0.64892685
1461,3,1,0.65083134
1462,0,1,0.64744556
1463,1,1,0.6495711
1464,1,1,0.63508195
1465,2,1,0.63830787
1466,2,1,0.6258898
1467,0,1,0.6112775
1468,0,1,0.5946459
1469,2,1,0.6010746
1470,1,1,0.58851326
1471,3,1,0.5799174
1472,0,1,0.575626
1473,2,1,0.55162984
1474,0,1,0.5585251
1475,0,1,0.55714065
1476,0,1,0.56301016
1477,3,0,0.5616537
1478,3,0,0.55902666
1479,0,0,0.5495171
1480,2,0,0.54133034
1481,2,0,0.5669725
1482,3,0,0.5556013
1483,0,0,0.5541329
1484,0,0,0.53677976
1485,2,0,0.53521395
1486,1,0,0.5187017
1487,2,0,0.51261705
1488,0,0,0.51515746
1489,3,0,0.54421026
1490,0,0,0.5188296
1491,0,0,0.53503984
1492,0,0,0.5292146
1493,2,0,0.5309499
1494,2,0,0.53481114
1495,0,0,0.5352249
1496,3,0,0.53029543
1497,0,0,0.5302622
1498,2,0,0.5564662
1499,3,0,0.5646256
1500,2,0,0.5699271
1501,2,0,0.56600815
1502,0,0,0.55215025
1503,0,0,0.55238485
1504,0,0,0.56013864
1505,1,0,0.58455014
1506,1,0,0.5651439
1507,0,0,0.5611506
1508,0,0,0.53882074
1509,3,0,0.57137406
1510,0,0,0.55573946
1511,2,0,0.5403321
1512,0,0,0.54139394
1513,0,0,0.543398
1514,1,0,0.5634485
1515,2,0,0.56203485
1516,0,0,0.5637271
1517,2,0,0.5631275
1518,2,0,0.5552154
1519,0,0,0.5304493
1520,0,0,0.5262742
1521,0,0,0.51219565
1522,0,0,0.49971837
1523,0,0,0.49808258
1524,2,0,0.49057516
1525,2,0,0.49084866
1526,0,0,0.49116942
1527,0,0,0.48517674
1528,1,0,0.46380275
1529,0,0,0.4726271
1530,0,0,0.48578206
1531,2,0,0.5169368
1532,3,0,0.5422554
1533,2,0,0.5436651
1534,3,0,0.5361457
1535,0,0,0.5332449
1536,0,0,0.52493584
1537,2,0,0.5400572
1538,2,0,0.5570542
1539,0,0,0.5500289
1540,3,0,0.5543033
1541,0,0,0.5447414
1542,3,0,0.55980974
1543,0,0,0.57856166
1544,1,0,0.56971335
1545,0,0,0.57097626
1546,0,0,0.5814906
1547,2,0,0.60282856
1548,3,0,0.60806394
1549,1,0,0.62755454
1550,3,0,0.6347016
1551,0,0,0.63588893
1552,1,0,0.6326055
1553,1,0,0.6546821
1554,3,0,0.6831041
1555,2,0,0.6938173
1556,0,0,0.7053122
1557,0,0,0.7077843
1558,3,0,0.7191743
1559,3,0,0.6959745
1560,1,0,0.6890056
1561,1,0,0.6793538
1562,0,0,0.6752824
1563,1,0,0.684442
1564,0,0,0.6798094
1565,3,0,0.6837773
1566,3,0,0.6945312
1567,0,0,0.6929506
1568,1,0,0.68979025
1569,1,0,0.6908134
1570,0,0,0.69507736
1571,3,0,0.7093801
1572,1,0,0.7123309
1573,2,0,0.7020299
1574,2,0,0.7197724
1575,3,0,0.7411356
1576,0,0,0.7522417
1577,0,0,0.75122553
1578,2,0,0.7684709
1579,0,0,0.7646297
1580,2,0,0.7809948
1581,1,0,0.8089961
1582,0,0,0.84108084
1583,1,0,0.85625786
1584,2,0,0.8581287
1585,1,0,0.85415095
1586,3,0,0.87097216
1587,1,0,0.88891816
1588,3,0,0.91400766
1589,2,0,0.9641457
1590,1,0,1.0019306
1591,1,0,1.0133519
1592,0,0,1.0648718
1593,0,0,1.1029888
1594,0,0,1.1554562
1595,0,0,1.1587888
1596,3,0,1.1784714
1597,3,0,1.1967891
1598,0,0,1.209041
1599,0,0,1.2162741
1600,0,0,1.2694554
1601,0,0,1.2984178
1602,0,0,1.3170147
1603,3,0,1.3468988
1604,3,0,1.4152863
1605,0,0,1.4203807
1606,0,1,0.7503178
1607,1,1,0.7382447
1608,2,1,0.74008137
1609,2,1,0.73150533
1610,0,1,0.7195924
1611,0,1,0.7276683
1612,3,1,0.74066484
1613,0,1,0.73358494
1614,1,1,0.7158067
1615,0,1,0.6877579
1616,1,1,0.71171385
1617,0,1,0.7102149
1618,1,1,0.6984795
1619,3,1,0.6959642
1620,2,1,0.6864082
1621,0,1,0.68405
1622,1,1,0.6538418
1623,3,1,0.6595148
1624,1,1,0.66877735
1625,0,1,0.67741185
1626,0,1,0.68280035
1627,1,1,0.7632211
1628,3,1,0.7548571
1629,0,1,0.7591106
1630,0,1,0.7474217
1631,1,1,0.739559
1632,0,1,0.7378264
1633,0,1,0.736324
1634,0,1,0.7183168
1635,0,1,0.7151267
1636,0,1,0.7417844
1637,1,1,0.7567487
1638,3,1,0.74136543
1639,1,1,0.7339333
1640,1,1,0.7149854
1641,0,1,0.68940014
1642,2,1,0.7021156
1643,0,1,0.69260687
1644,0,1,0.69021565
1645,0,1,0.7188406
1646,0,1,0.7237966
1647,1,1,0.7166685
1648,2,1,0.7168371
1649,2,1,0.72476053
1650,1,1,0.7811094
1651,0,1,0.7917128
1652,0,1,0.858421
1653,2,1,0.8482195
1654,3,1,0.86345416
1655,0,1,0.86495197
1656,0,1,0.85237
1657,2,1,0.79609144
1658,0,0,0.8124533
1659,0,0,0.8210652
1660,1,0,0.8261153
1661,3,0,0.83487993
1662,3,0,0.8305975
1663,0,0,0.82158405
1664,0,0,0.83444846
1665,1,0,0.83584505
1666,0,0,0.8278208
1667,0,0,0.80529606
1668,0,0,0.80037665
1669,1,0,0.80763644
1670,0,0,0.8067215
1671,1,0,0.80873895
1672,3,0,0.8086207
1673,1,0,0.84649754
1674,2,0,0.84129214
1675,1,0,0.8143588
1676,1,0,0.82664406
1677,0,0,0.822199
1678,3,0,0.8514338
1679,0,0,0.8672411
1680,3,0,0.7990076
1681,0,0,0.8000363
1682,2,0,0.7536368
1683,2,0,0.7395237
1684,0,0,0.7388312
1685,2,0,0.786465
1686,0,0,0.79432905
1687,0,0,0.7936013
1688,0,0,0.7894883
1689,2,0,0.7785972
1690,0,0,0.77324414
1691,2,0,0.80780613
1692,0,0,0.8127395
1693,0,0,0.81527257
1694,3,0,0.79861426
1695,1,0,0.8004497
1696,1,0,0.79736155
1697,0,0,0.82195985
1698,1,0,0.8147372
1699,0,0,0.8058995
1700,0,0,0.80725735
1701,1,0,0.7990159
1702,1,0,0.7770253
1703,3,0,0.7548695
1704,0,0,0.80415446
1705,0,0,0.8794077
1706,0,0,0.87512916
1707,3,0,0.89468944
1708,3,0,0.88759494
1709,3,0,0.8664353
1710,1,0,0.9309993
1711,0,0,0.910885
1712,2,0,0.8971968
1713,3,0,0.90148675
1714,2,0,0.8877071
1715,2,0,0.80575144
1716,3,0,0.82771575
1717,0,0,0.82370293
1718,0,0,0.8732577
1719,0,0,0.8875847
1720,1,0,0.897506
1721,0,0,0.84580207
1722,1,0,0.8321388
1723,2,0,0.8397301
1724,0,0,0.85481364
1725,2,0,0.8647294
1726,0,0,0.84627783
1727,0,0,0.82766026
1728,0,0,0.84775263
1729,2,0,0.86540467
1730,0,0,0.8773757
1731,3,0,0.8884037
1732,0,0,0.90525496
1733,0,0,0.91078675
1734,1,0,0.86396414
1735,3,0,0.7881961
1736,2,0,0.7893184
1737,2,0,0.78386414
1738,1,0,0.7848031
1739,0,0,0.79543847
1740,2,0,0.72405994
1741,0,0,0.7326659
1742,1,0,0.73302823
1743,1,0,0.736038
1744,1,0,0.7477368
1745,1,0,0.7761338
1746,0,0,0.767974
1747,1,0,0.7682282
1748,0,0,0.6927758
1749,3,0,0.6782924
1750,0,0,0.66378766
1751,1,0,0.66877264
1752,1,0,0.6733516
1753,0,0,0.686728
1754,0,0,0.68433785
1755,2,0,0.6608542
1756,0,0,0.67571616
1757,0,0,0.6848032
1758,1,0,0.6762181
1759,0,0,0.67730045
1760,1,0,0.66715264
1761,1,0,0.66247493
1762,3,0,0.6579813
1763,2,0,0.64082795
1764,3,0,0.640355
1765,2,0,0.65580344
1766,0,0,0.64295465
1767,0,0,0.63405144
1768,0,0,0.6165948
1769,2,0,0.6351448
1770,2,0,0.6411054
1771,1,0,0.65501755
1772,0,0,0.6774374
1773,1,0,0.68053544
1774,0,0,0.67643285
1775,2,0,0.6518647
1776,1,0,0.64437115
1777,2,0,0.63487154
1778,2,0,0.6365793
1779,0,0,0.65905195
1780,0,0,0.68650013
1781,0,0,0.68924767
1782,3,0,0.70199186
1783,0,0,0.6950609
1784,0,0,0.6880716
1785,1,0,0.68667847
1786,0,0,0.6926524
1787,0,0,0.6831714
1788,2,0,0.6872534
1789,3,0,0.68825424
1790,0,0,0.71132565
1791,0,0,0.708481
1792,3,0,0.7246038
1793,0,0,0.7568172
1794,0,0,0.7617999
1795,3,0,0.7616172
1796,1,0,0.7748305
1797,0,0,0.7904834
1798,3,0,0.80737257
1799,3,0,0.7987105
1800,2,0,0.8089898
1801,2,0,0.81420577
1802,0,0,0.8062254
1803,1,0,0.8299559
1804,0,0,0.84227854
1805,2,0,0.8705639
1806,0,0,0.8868606
1807,0,0,0.9572717
1808,2,0,0.9796265
1809,3,0,1.0301269
1810,1,0,1.0278889
1811,1,0,1.0477533
1812,3,0,1.0579123
1813,3,0,1.073619
1814,0,0,1.102075
1815,3,0,1.1359189
1816,0,0,1.1559767
1817,3,0,1.1792665
1818,0,0,1.2277819
1819,3,0,1.2374468
1820,1,0,1.2357279
1821,0,0,1.2761381
1822,1,0,1.272903
1823,0,0,1.3094561
1824,1,0,1.3766778
1825,1,0,1.4170605
1826,1,0,1.42628
1827,1,0,1.4944931
1828,1,0,1.5724435
1829,2,0,1.589463
1830,2,0,1.668633
1831,0,0,1.770031
1832,3,0,1.840259
1833,1,0,1.9047688
1834,1,0,2.0307417
1835,0,0,2.061022
1836,1,0,2.1508448
1837,3,0,2.2236428
1838,3,0,2.3215005
1839,0,0,2.3657777
1840,1,0,2.4214456
1841,3,0,2.4559548
1842,0,0,2.470838
1843,1,0,2.5003557
1844,3,0,2.6662738
1845,3,0,2.7769604
1846,2,0,2.9254198
1847,2,0,3.0552366
1848,0,1,0.6805294
1849,1,1,0.6880323
1850,2,1,0.6693904
1851,3,1,0.6717887
1852,2,1,0.7041679
1853,0,1,0.70558786
1854,3,1,0.7021392
1855,3,1,0.6970306
1856,0,1,0.6267734
1857,0,1,0.6275738
1858,1,1,0.66062057
1859,1,1,0.6553985
1860,3,1,0.65130085
1861,2,1,0.6273332
1862,0,1,0.65392435
1863,3,1,0.6662913
1864,0,1,0.6649251
1865,1,1,0.65323263
1866,1,1,0.6540569
1867,3,1,0.67421573
1868,0,1,0.6771869
1869,2,1,0.6630002
1870,1,1,0.68849903
1871,2,1,0.6859294
1872,0,1,0.65366673
1873,1,1,0.6750862
1874,0,1,0.6439314
1875,0,1,0.6527898
1876,1,1,0.6629082
1877,1,1,0.6570197
1878,0,1,0.6856979
1879,0,1,0.6795874
1880,0,1,0.65784955
1881,1,1,0.6614314
1882,1,1,0.64354074
1883,3,1,0.6484541
1884,1,1,0.6786245
1885,1,1,0.70080996
1886,0,1,0.7535845
1887,0,1,0.7614768
1888,0,1,0.736645
1889,1,1,0.74201715
1890,2,1,0.73542243
1891,2,1,0.7437822
1892,1,1,0.7420947
1893,2,0,0.73260486
1894,2,0,0.74370056
1895,1,0,0.745572
1896,3,0,0.75774235
1897,3,0,0.757382
1898,0,0,0.7494976
1899,1,0,0.7406706
1900,0,0,0.7279141
1901,0,0,0.75630146
1902,0,0,0.77612597
1903,0,0,0.77192897
1904,2,0,0.7723618
1905,1,0,0.7875635
1906,1,0,0.79601836
1907,2,0,0.8134037
1908,1,0,0.82372826
1909,0,0,0.82222486
1910,1,0,0.84528637
1911,2,0,0.8298115
1912,0,0,0.82432395
1913,3,0,0.8238609
1914,0,0,0.80136806
1915,0,0,0.78111076
1916,1,0,0.7356524
1917,0,0,0.7383771
1918,1,0,0.7359855
1919,0,0,0.7158771
1920,0,0,0.7490727
1921,0,0,0.7472603
1922,0,0,0.7266926
1923,3,0,0.72169256
1924,0,0,0.7255096
1925,3,0,0.73897576
1926,0,0,0.7475091
1927,1,0,0.75271434
1928,2,0,0.7664159
1929,3,0,0.768759
1930,0,0,0.77884793
1931,0,0,0.75280607
1932,0,0,0.7450728
1933,3,0,0.7462454
1934,1,0,0.7513604
1935,1,0,0.74185157
1936,3,0,0.7312707
1937,0,0,0.7228993
1938,1,0,0.71112645
1939,1,0,0.72237885
1940,0,0,0.71258014
1941,1,0,0.7232178
1942,1,0,0.7273454
1943,0,0,0.726738
1944,1,0,0.7333516
1945,0,0,0.7386751
1946,0,0,0.7255176
1947,1,0,0.7025946
1948,0,0,0.71477467
1949,1,0,0.7090154
1950,1,0,0.7072982
1951,2,0,0.69775504
1952,1,0,0.7061035
1953,0,0,0.7004445
1954,1,0,0.6997578
1955,0,0,0.6781941
1956,0,0,0.66143113
1957,1,0,0.649531
1958,0,0,0.64796364
1959,0,0,0.64541847
1960,2,0,0.6354467
1961,3,0,0.6548673
1962,1,0,0.6443876
1963,2,0,0.64722705
1964,1,0,0.6321255
1965,3,0,0.63464314
1966,1,0,0.61786306
1967,2,0,0.6023685
1968,1,0,0.6024119
1969,2,0,0.5976141
1970,2,0,0.6007516
1971,3,0,0.60177106
1972,0,0,0.6140273
1973,2,0,0.60406375
1974,0,0,0.5832011
1975,1,0,0.5939641
1976,2,0,0.59023285
1977,0,0,0.5939762
1978,0,0,0.5966775
1979,0,0,0.60187596
1980,2,0,0.60339653
1981,3,0,0.59868455
1982,1,0,0.58272374
1983,1,0,0.5988638
1984,1,0,0.5826425
1985,0,0,0.58897126
1986,1,0,0.5851112
1987,0,0,0.60165346
1988,3,0,0.5876906
1989,0,0,0.5818399
1990,0,0,0.5939306
1991,2,0,0.59171826
1992,1,0,0.60039294
1993,0,0,0.5801694
1994,1,0,0.58712816
1995,0,0,0.5727636
1996,3,0,0.60261685
1997,1,0,0.60155
1998,2,0,0.5822274
1999,0,0,0.5729519
2000,0,0,0.5578102
2001,1,0,0.55112934
2002,0,0,0.5370974
2003,2,0,0.5396826
2004,1,0,0.5364691
2005,1,0,0.5118642
2006,0,0,0.5469461
2007,0,0,0.5514326
2008,1,0,0.54072016
2009,1,0,0.5481059
2010,1,0,0.5332956
2011,3,0,0.5414641
2012,0,0,0.54403716
2013,0,0,0.5661107
2014,0,0,0.5982995
2015,1,0,0.60089004
2016,2,0,0.60362965
2017,1,0,0.58900607
2018,0,0,0.59542114
2019,3,0,0.6065199
2020,0,0,0.59974337
2021,2,0,0.6001769
2022,3,0,0.5990983
2023,2,0,0.60860366
2024,3,0,0.5988223
2025,2,0,0.60724634
2026,2,0,0.6138819
2027,0,0,0.63903964
2028,0,0,0.64651245
2029,0,0,0.6809
2030,0,0,0.7019493
2031,0,0,0.7088469
2032,3,0,0.72979194
2033,3,0,0.74120486
2034,0,0,0.7510617
2035,1,0,0.7897656
2036,0,0,0.8009904
2037,1,0,0.8099855
2038,0,0,0.82135826
2039,0,0,0.8319107
2040,0,0,0.8436744
2041,3,0,0.86924165
2042,3,0,0.88500714
2043,3,0,0.88579625
2044,1,0,0.87085444
2045,1,0,0.8980155
2046,1,0,0.92604536
2047,0,0,0.9536598
2048,1,0,0.97630584
2049,3,0,0.9955663
2050,3,0,1.0076069
2051,1,0,1.0107329
2052,2,0,1.0574535
2053,0,0,1.0543201
2054,0,0,1.0651802
2055,2,0,1.0665509
2056,1,0,1.0615542
2057,1,0,1.062778
2058,2,0,1.1252924
2059,1,0,1.1171057
2060,1,0,1.1263542
2061,1,0,1.1550484
2062,1,0,1.1576273
2063,1,0,1.1599926
2064,0,0,1.2260668
2065,1,0,1.3045036
2066,2,0,1.3332325
2067,0,0,1.3511295
2068,0,1,0.70440304
2069,0,1,0.72110146
2070,0,1,0.6946533
2071,0,1,0.6799306
2072,1,1,0.6773132
2073,0,1,0.66110045
2074,1,1,0.67862743
2075,2,1,0.67206186
2076,0,1,0.6588946
2077,1,1,0.64863527
2078,2,1,0.6489427
2079,0,1,0.62102956
2080,0,1,0.61630404
2081,0,1,0.5832977
2082,3,1,0.5706907
2083,1,1,0.5993704
2084,0,1,0.5963905
2085,2,1,0.57639533
2086,2,1,0.56959367
2087,1,1,0.5541034
2088,0,1,0.57654935
2089,1,1,0.5927514
2090,1,1,0.6030743
2091,0,1,0.6196058
2092,3,1,0.7066252
2093,0,1,0.6929232
2094,1,1,0.72516316
2095,0,1,0.75214493
2096,0,1,0.75618476
2097,1,1,0.77578884
2098,3,1,0.7868758
2099,1,1,0.77414227
2100,3,1,0.7883795
2101,2,1,0.7983666
2102,0,1,0.7967069
2103,0,1,0.79646313
2104,1,1,0.7952799
2105,3,1,0.78880805
2106,0,1,0.7740972
2107,2,0,0.7826413
2108,1,0,0.7729543
2109,1,0,0.7798329
2110,3,0,0.77840865
2111,1,0,0.7779372
2112,0,0,0.78431827
2113,3,0,0.78290576
2114,0,0,0.7825539
2115,1,0,0.79222673
2116,0,0,0.7907548
2117,1,0,0.78150076
2118,0,0,0.7727153
2119,2,0,0.7645158
2120,2,0,0.75395554
2121,3,0,0.749543
2122,1,0,0.68889135
2123,1,0,0.69950503
2124,1,0,0.70563793
2125,2,0,0.7005693
2126,3,0,0.71000034
2127,3,0,0.705294
2128,0,0,0.69901997
2129,0,0,0.69905174
2130,0,0,0.6871757
2131,0,0,0.6830091
2132,0,0,0.69548434
2133,1,0,0.6852175
2134,2,0,0.6684525
2135,0,0,0.6708205
2136,1,0,0.68880075
2137,1,0,0.68568796
2138,1,0,0.6916534
2139,3,0,0.6943614
2140,0,0,0.6943485
2141,3,0,0.6950754
2142,0,0,0.6870413
2143,2,0,0.680753
2144,1,0,0.6618168
2145,3,0,0.6485808
2146,0,0,0.6517149
2147,0,0,0.6550671
2148,2,0,0.6621896
2149,1,0,0.6689406
2150,1,0,0.6794393
2151,0,0,0.69671154
2152,0,0,0.6844547
2153,1,0,0.6682448
2154,1,0,0.6815685
2155,0,0,0.67120445
2156,2,0,0.6488989
2157,0,0,0.633348
2158,0,0,0.6088847
2159,1,0,0.5972566
2160,2,0,0.58769125
2161,0,0,0.6067069
2162,1,0,0.58016956
2163,1,0,0.57858145
2164,1,0,0.60235375
2165,1,0,0.6121125
2166,1,0,0.5998168
2167,3,0,0.59280306
2168,0,0,0.590177
2169,0,0,0.57369953
2170,2,0,0.57383937
2171,3,0,0.5952918
2172,3,0,0.5972643
2173,3,0,0.6112465
2174,1,0,0.6250523
2175,0,0,0.603705
2176,3,0,0.6183258
2177,0,0,0.61212975
2178,1,0,0.59151655
2179,1,0,0.5837013
2180,0,0,0.56849927
2181,3,0,0.5700602
2182,1,0,0.5732076
2183,3,0,0.56801194
2184,1,0,0.5452994
2185,1,0,0.55777055
2186,0,0,0.5638044
2187,1,0,0.5630913
2188,1,0,0.57373405
2189,3,0,0.5798266
2190,1,0,0.58348113
2191,3,0,0.5646314
2192,3,0,0.58428586
2193,2,0,0.5772197
2194,2,0,0.576556
2195,0,0,0.5630134
2196,1,0,0.56768644
2197,3,0,0.5660102
2198,2,0,0.5499624
2199,1,0,0.5733585
2200,0,0,0.5548228
2201,3,0,0.5411259
2202,2,0,0.5515872
2203,3,0,0.55134934
2204,0,0,0.5421831
2205,2,0,0.5398605
2206,1,0,0.51622516
2207,3,0,0.51943654
2208,1,0,0.52424246
2209,0,0,0.526894
2210,1,0,0.5530262
2211,2,0,0.5432487
2212,0,0,0.5543982
2213,0,0,0.5663319
2214,2,0,0.56016445
2215,0,0,0.5448299
2216,1,0,0.55495965
2217,1,0,0.5671895
2218,0,0,0.5576704
2219,0,0,0.5567048
2220,2,0,0.53423464
2221,2,0,0.53867275
2222,2,0,0.5639977
2223,1,0,0.5778473
2224,1,0,0.5951307
2225,2,0,0.59991103
2226,1,0,0.59491086
2227,1,0,0.6314079
2228,2,0,0.6420411
2229,0,0,0.61990213
2230,2,0,0.6411281
2231,1,0,0.63991493
2232,2,0,0.6269562
2233,0,0,0.62422824
2234,0,0,0.6298188
2235,0,0,0.65351886
2236,0,0,0.68175745
2237,3,0,0.71975493
2238,1,0,0.73841715
2239,0,0,0.731076
2240,0,0,0.7291474
2241,0,0,0.7466419
2242,3,0,0.76911193
2243,2,0,0.76850075
2244,1,0,0.80304235
2245,2,0,0.82382
2246,2,0,0.85139567
2247,0,0,0.8506547
2248,1,0,0.89079213
2249,1,0,0.92052585
2250,1,0,0.9513736
2251,2,0,0.9648386
2252,1,0,0.97124064
2253,0,0,0.98551255
2254,0,0,0.99073535
2255,3,0,1.0051081
2256,0,0,1.030856
2257,1,0,1.0458456
2258,0,0,1.0741311
2259,2,0,1.0949771
2260,0,0,1.1100711
2261,0,0,1.1531012
2262,0,0,1.1739256
2263,3,0,1.2573948
2264,1,0,1.3150767
2265,1,0,1.3591489
2266,2,1,0.6812973
2267,0,1,0.6548816
2268,1,1,0.6418313
2269,0,1,0.6321911
2270,1,1,0.6216535
2271,0,1,0.63357896
2272,0,1,0.6363789
2273,0,1,0.6598333
2274,0,1,0.65134305
2275,1,1,0.64349276
2276,1,1,0.6455304
2277,3,1,0.64273924
2278,1,1,0.62084174
2279,0,1,0.6390959
2280,0,1,0.642566
2281,3,1,0.63331366
2282,3,1,0.6316022
2283,3,1,0.6235012
2284,1,1,0.6109859
2285,1,1,0.58664745
2286,1,1,0.58020204
2287,1,1,0.5825267
2288,0,1,0.5883552
2289,1,1,0.58972126
2290,1,1,0.6035224
2291,3,1,0.6065928
2292,2,1,0.59785724
2293,0,1,0.60109013
2294,0,0,0.5956043
2295,0,0,0.60624164
2296,0,0,0.5871272
2297,3,0,0.59349465
2298,3,0,0.59896094
2299,0,0,0.6351196
2300,2,0,0.6213465
2301,0,0,0.6261354
2302,1,0,0.6309035
2303,2,0,0.64400584
2304,1,0,0.6477758
2305,1,0,0.6376058
2306,0,0,0.6334208
2307,2,0,0.6248324
2308,1,0,0.649575
2309,2,0,0.6202502
2310,1,0,0.6029922
2311,2,0,0.6339315
2312,1,0,0.6316025
2313,1,0,0.639652
2314,1,0,0.66626626
2315,0,0,0.66872346
2316,1,0,0.6645035
2317,0,0,0.6745971
2318,0,0,0.6771101
2319,3,0,0.71413475
2320,1,0,0.70462376
2321,0,0,0.7053522
2322,0,0,0.7403324
2323,0,0,0.7457852
2324,1,0,0.7452912
2325,1,0,0.7369948
2326,0,0,0.7259097
2327,0,0,0.7161244
2328,1,0,0.7083955
2329,0,0,0.6890791
2330,0,0,0.67788893
2331,3,0,0.64608556
2332,0,0,0.6533195
2333,0,0,0.6358014
2334,3,0,0.63716966
2335,1,0,0.64977676
2336,0,0,0.6411159
2337,0,0,0.66615784
2338,1,0,0.65076154
2339,2,0,0.67624444
2340,0,0,0.65759635
2341,3,0,0.6345479
2342,1,0,0.63222367
2343,0,0,0.6231114
2344,1,0,0.603434
2345,3,0,0.6120032
2346,1,0,0.6227178
2347,2,0,0.6177243
2348,0,0,0.60941684
2349,3,0,0.57810944
2350,2,0,0.6155497
2351,0,0,0.60832584
2352,1,0,0.59924805
2353,0,0,0.6230632
2354,2,0,0.64529896
2355,0,0,0.6438719
2356,2,0,0.6736017
2357,3,0,0.7093532
2358,3,0,0.70469165
2359,2,0,0.7257765
2360,1,0,0.71418977
2361,0,0,0.7119089
2362,1,0,0.7172169
2363,0,0,0.7435568
2364,0,0,0.75156355
2365,1,0,0.76874214
2366,3,0,0.7639529
2367,1,0,0.7621894
2368,0,0,0.7638261
2369,1,0,0.7474493
2370,0,0,0.7493065
2371,1,0,0.7747427
2372,0,0,0.7832265
2373,1,0,0.798533
2374,0,0,0.8263621
2375,0,0,0.8192057
2376,0,0,0.83246875
2377,0,0,0.84664047
2378,3,0,0.85550904
2379,0,0,0.8551879
2380,2,0,0.8419823
2381,1,0,0.8338529
2382,1,0,0.850741
2383,2,0,0.8608259
2384,0,0,0.8477692
2385,0,0,0.8584689
2386,2,0,0.8549394
2387,1,0,0.86491585
2388,0,0,0.8823422
2389,2,0,0.87964505
2390,0,0,0.89243215
2391,1,0,0.9123194
2392,0,0,0.9181313
2393,2,0,0.9003098
2394,2,0,0.904364
2395,0,0,0.8931669
2396,3,0,0.91207236
2397,0,0,0.9193848
2398,3,0,0.9255357
2399,0,0,0.93505967
2400,3,0,0.95560354
2401,0,0,0.9749297
2402,3,0,0.9959255
2403,2,0,0.9967665
2404,1,0,1.014263
2405,1,0,1.0508124
2406,0,0,1.0710572
2407,3,0,1.0747023
2408,0,0,1.0954307
2409,0,0,1.1442212
2410,1,0,1.1655143
2411,1,0,1.1776142
2412,0,0,1.1941898
2413,0,0,1.2053877
2414,1,0,1.2362196
2415,0,0,1.2292854
2416,3,0,1.2456254
2417,3,0,1.259826
2418,3,0,1.285616
2419,0,0,1.2995982
2420,0,0,1.331294
2421,1,0,1.3999513
2422,0,0,1.4244894
2423,3,0,1.5046532
2424,2,0,1.5689393
2425,1,0,1.5879561
2426,2,0,1.5901781
2427,2,0,1.6143811
2428,0,0,1.6496241
2429,1,0,1.6976225
2430,3,1,0.69390404
2431,1,1,0.6891751
2432,2,1,0.6940269
2433,2,1,0.71094036
2434,0,1,0.7234939
2435,1,1,0.73460627
2436,0,1,0.7670711
2437,1,1,0.76710534
2438,1,1,0.7916261
2439,0,1,0.785385
2440,0,1,0.75175506
2441,1,1,0.7415081
2442,3,1,0.71396047
2443,1,1,0.72709113
2444,2,1,0.7302168
2445,0,1,0.71765965
2446,0,1,0.7033391
2447,3,1,0.70125824
2448,1,1,0.6864339
2449,3,1,0.7033781
2450,1,1,0.7250888
2451,0,1,0.71643174
2452,0,1,0.72751874
2453,0,1,0.71856886
2454,3,1,0.7294797
2455,2,1,0.7378256
2456,1,1,0.72289044
2457,0,1,0.71746874
2458,3,1,0.71992314
2459,0,1,0.7113954
2460,2,1,0.7133798
2461,0,1,0.71317726
2462,1,1,0.7121056
2463,1,0,0.7182512
2464,1,0,0.6970238
2465,3,0,0.68600863
2466,1,0,0.66671634
2467,3,0,0.6675503
2468,0,0,0.6365268
2469,1,0,0.6659729
2470,0,0,0.6855243
2471,3,0,0.7042629
2472,0,0,0.71663046
2473,0,0,0.7273725
2474,0,0,0.7208241
2475,2,0,0.7249352
2476,2,0,0.7502768
2477,0,0,0.7384881
2478,2,0,0.72570276
2479,0,0,0.71475077
2480,0,0,0.721678
2481,0,0,0.6995051
2482,0,0,0.7163837
2483,1,0,0.7174327
2484,0,0,0.72005457
2485,3,0,0.73682237
2486,0,0,0.7553818
2487,0,0,0.75910693
2488,2,0,0.7526011
2489,1,0,0.7560439
2490,0,0,0.7695169
2491,0,0,0.7724858
2492,2,0,0.7821725
2493,3,0,0.76260847
2494,0,0,0.78101695
2495,2,0,0.78482455
2496,0,0,0.79928243
2497,1,0,0.80333334
2498,1,0,0.8135041
2499,0,0,0.8178086
2500,0,0,0.800032
2501,0,0,0.78216124
2502,0,0,0.7541932
2503,1,0,0.7372158
2504,1,0,0.75137943
2505,0,0,0.7529204
2506,0,0,0.74052465
2507,3,0,0.74548095
2508,1,0,0.7561368
2509,0,0,0.7540965
2510,1,0,0.7421791
2511,1,0,0.746071
2512,0,0,0.7431094
2513,1,0,0.73161936
2514,2,0,0.71673924
2515,0,0,0.6951274
2516,2,0,0.69080496
2517,2,0,0.6779697
2518,1,0,0.67304
2519,1,0,0.6539142
2520,1,0,0.64443356
2521,3,0,0.6600925
2522,1,0,0.64295036
2523,0,0,0.63922316
2524,3,0,0.62556356
2525,3,0,0.60431206
2526,1,0,0.59361064
2527,0,0,0.5771135
2528,3,0,0.5751166
2529,0,0,0.57353765
2530,0,0,0.5934029
2531,1,0,0.5992562
2532,0,0,0.6095816
2533,3,0,0.60515714
2534,3,0,0.5889772
2535,0,0,0.5851615
2536,0,0,0.5726359
2537,2,0,0.5641102
2538,0,0,0.5306359
2539,0,0,0.53981316
2540,0,0,0.5648602
2541,3,0,0.5956904
2542,2,0,0.60259295
2543,1,0,0.60698587
2544,1,0,0.6055397
2545,3,0,0.598966
2546,2,0,0.59393525
2547,3,0,0.5854963
2548,0,0,0.5809047
2549,1,0,0.5771746
2550,1,0,0.58984494
2551,3,0,0.577262
2552,3,0,0.5807261
2553,0,0,0.58692247
2554,0,0,0.5830345
2555,0,0,0.5950417
2556,1,0,0.6097948
2557,0,0,0.62231123
2558,3,0,0.6208091
2559,2,0,0.6148817
2560,1,0,0.6082666
2561,0,0,0.60971284
2562,3,0,0.6121952
2563,3,0,0.6317325
2564,0,0,0.64583635
2565,0,0,0.66369224
2566,0,0,0.65868014
2567,1,0,0.6730818
2568,3,0,0.69580466
2569,1,0,0.70929724
2570,1,0,0.7129066
2571,1,0,0.7005755
2572,0,0,0.70603466
2573,2,0,0.7291322
2574,0,0,0.73382515
2575,0,0,0.7603466
2576,2,0,0.7611578
2577,0,0,0.76582694
2578,1,0,0.7808561
2579,0,0,0.80404913
2580,0,0,0.8147843
2581,1,0,0.8276671
2582,0,0,0.84764445
2583,1,0,0.8671714
2584,0,0,0.90367043
2585,1,0,0.9217348
2586,1,0,0.9238357
2587,0,0,0.94312686
2588,0,0,0.9644136
2589,2,0,0.975776
2590,2,0,0.9960016
2591,0,0,1.0183707
2592,3,0,1.0848548
2593,1,0,1.1006242
2594,0,0,1.1194024
2595,1,0,1.1155429
2596,1,0,1.1477456
2597,3,0,1.2276251
2598,2,0,1.2516538
2599,0,0,1.262042
2600,0,0,1.2610383
2601,0,0,1.2895591
2602,1,0,1.3136532
2603,1,0,1.3166189
2604,0,0,1.3513274
2605,0,0,1.4887025
2606,3,0,1.5546494
2607,0,0,1.6171144
2608,1,0,1.7619377
2609,0,0,1.7701455
2610,0,1,0.81407267
2611,1,1,0.8086785
2612,2,1,0.78710407
2613,0,1,0.8122139
2614,0,1,0.8008605
2615,0,1,0.7824211
2616,3,1,0.815091
2617,1,1,0.7593691
2618,0,1,0.7555356
2619,0,1,0.7368391
2620,1,1,0.76016355
2621,0,1,0.75242573
2622,0,1,0.70615727
2623,0,1,0.72063
2624,3,1,0.72188014
2625,2,1,0.7304192
2626,0,1,0.7289999
2627,1,0,0.74554026
2628,1,0,0.74188364
2629,3,0,0.77267486
2630,1,0,0.7909199
2631,0,0,0.75771236
2632,0,0,0.74494916
2633,3,0,0.7482245
2634,1,0,0.7507025
2635,0,0,0.7594224
2636,0,0,0.7634751
2637,0,0,0.72528636
2638,2,0,0.7402956
2639,1,0,0.74772996
2640,0,0,0.7370951
2641,0,0,0.73282516
2642,0,0,0.73999745
2643,0,0,0.7307399
2644,0,0,0.7270051
2645,0,0,0.7248317
2646,2,0,0.7097503
2647,0,0,0.70943433
2648,0,0,0.7067673
2649,1,0,0.6919172
2650,0,0,0.6922578
2651,3,0,0.6885271
2652,0,0,0.6690453
2653,3,0,0.637244
2654,3,0,0.6504751
2655,3,0,0.65953493
2656,2,0,0.6682003
2657,2,0,0.6675176
2658,2,0,0.6747348
2659,0,0,0.6583196
2660,0,0,0.64745665
2661,0,0,0.657818
2662,0,0,0.6395741
2663,2,0,0.6118959
2664,0,0,0.607343
2665,0,0,0.6146578
2666,3,0,0.58761364
2667,3,0,0.59396064
2668,1,0,0.57070386
2669,1,0,0.59360164
2670,1,0,0.58228457
2671,1,0,0.58717436
2672,3,0,0.5685157
2673,1,0,0.5970023
2674,0,0,0.6144911
2675,1,0,0.63396585
2676,2,0,0.6435354
2677,0,0,0.6600846
2678,2,0,0.67737466
2679,0,0,0.6733319
2680,3,0,0.65950745
2681,1,0,0.67473465
2682,1,0,0.68846077
2683,1,0,0.7062334
2684,0,0,0.7075895
2685,3,0,0.68870366
2686,3,0,0.6802565
2687,1,0,0.6610894
2688,0,0,0.651036
2689,1,0,0.6395826
2690,2,0,0.6509292
2691,1,0,0.64952123
2692,0,0,0.6486122
2693,3,0,0.6639972
2694,2,0,0.66195744
2695,1,0,0.65668195
2696,0,0,0.67675763
2697,1,0,0.6675044
2698,0,0,0.65948915
2699,3,0,0.6527449
2700,2,0,0.6700482
2701,2,0,0.66621
2702,0,0,0.6924507
2703,0,0,0.6923434
2704,0,0,0.6913335
2705,1,0,0.690769
2706,2,0,0.6939962
2707,1,0,0.6786071
2708,0,0,0.6722023
2709,0,0,0.67625064
2710,1,0,0.6780276
2711,2,0,0.6640245
2712,3,0,0.65727526
2713,0,0,0.66880965
2714,1,0,0.6666321
2715,3,0,0.6842605
2716,0,0,0.6916662
2717,1,0,0.7117026
2718,0,0,0.7256206
2719,0,0,0.74168116
2720,0,0,0.7388831
2721,3,0,0.7511694
2722,3,0,0.7947978
2723,2,0,0.794995
2724,0,0,0.8175272
2725,2,0,0.8358752
2726,2,0,0.8598374
2727,0,0,0.87350035
2728,0,0,0.91806716
2729,1,0,0.9399286
2730,1,0,0.9641716
2731,2,0,1.0110438
2732,0,0,1.0228262
2733,1,0,1.0454603
2734,0,0,1.1175374
2735,0,1,0.782827
2736,1,1,0.78687084
2737,1,1,0.78495663
2738,0,1,0.79041535
2739,3,1,0.80990815
2740,2,1,0.8270777
2741,0,1,0.81311095
2742,0,1,0.7888144
2743,0,1,0.77382165
2744,0,1,0.7938748
2745,0,1,0.7974668
2746,1,1,0.8129624
2747,1,1,0.80322546
2748,0,1,0.8690844
2749,0,1,0.8646302
2750,1,1,0.8634109
2751,2,1,0.7990728
2752,0,1,0.79941386
2753,0,1,0.7811942
2754,0,1,0.76113194
2755,2,1,0.77510744
2756,0,1,0.76985216
2757,3,1,0.7694364
2758,0,1,0.7722895
2759,1,1,0.7812098
2760,0,0,0.78664523
2761,2,0,0.7865628
2762,0,0,0.78917974
2763,1,0,0.77870935
2764,3,0,0.7738053
2765,1,0,0.7669612
2766,1,0,0.778156
2767,0,0,0.7756003
2768,0,0,0.742169
2769,0,0,0.71501404
2770,0,0,0.69602877
2771,0,0,0.69226015
2772,2,0,0.722488
2773,2,0,0.72582877
2774,1,0,0.69370997
2775,3,0,0.71007895
2776,0,0,0.6792006
2777,2,0,0.6887671
2778,0,0,0.61939263
2779,0,0,0.60780704
2780,0,0,0.5924942
2781,3,0,0.58044237
2782,2,0,0.5659465
2783,1,0,0.5631158
2784,3,0,0.56509876
2785,3,0,0.53958064
2786,1,0,0.5761508
2787,3,0,0.5787209
2788,0,0,0.57274276
2789,1,0,0.5605794
2790,3,0,0.55555975
2791,1,0,0.54878193
2792,1,0,0.55906665
2793,3,0,0.5631821
2794,0,0,0.56555635
2795,2,0,0.5582692
2796,2,0,0.56372494
2797,0,0,0.561908
2798,1,0,0.56115395
2799,2,0,0.5507033
2800,1,0,0.5400454
2801,2,0,0.5291337
2802,3,0,0.5082823
2803,0,0,0.49092728
2804,1,0,0.48068175
2805,1,0,0.49733108
2806,0,0,0.5054174
2807,1,0,0.49720702
2808,1,0,0.4955621
2809,0,0,0.49976718
2810,1,0,0.52572984
2811,1,0,0.55275625
2812,0,0,0.5782715
2813,2,0,0.658707
2814,2,0,0.6505159
2815,0,0,0.6490092
2816,2,0,0.6287147
2817,0,0,0.6559012
2818,0,0,0.66123337
2819,0,0,0.66923374
2820,0,0,0.65864164
2821,0,0,0.6712847
2822,1,0,0.6506568
2823,0,0,0.63899976
2824,0,0,0.633427
2825,1,0,0.6278887
2826,1,0,0.6082919
2827,0,0,0.6132509
2828,2,0,0.61527383
2829,2,0,0.6361427
2830,0,0,0.635568
2831,0,0,0.63546455
2832,0,0,0.63054514
2833,1,0,0.6318575
2834,0,0,0.65117776
2835,0,0,0.62357485
2836,2,0,0.64536655
2837,0,0,0.6598453
2838,0,0,0.66303736
2839,3,0,0.65746295
2840,0,0,0.65838873
2841,1,0,0.66214657
2842,0,0,0.6560196
2843,1,0,0.60320395
2844,3,0,0.5947192
2845,0,0,0.60552764
2846,2,0,0.6010071
2847,0,0,0.6040356
2848,0,0,0.6250804
2849,3,0,0.63681144
2850,0,0,0.64981204
2851,1,0,0.63249695
2852,0,0,0.65082115
2853,3,0,0.66987544
2854,0,0,0.6692616
2855,1,0,0.6953085
2856,0,0,0.7030983
2857,1,0,0.70131105
2858,0,0,0.70993
2859,1,0,0.70622915
2860,3,0,0.7186868
2861,0,0,0.7344975
2862,0,0,0.76037145
2863,2,0,0.79083335
2864,1,0,0.7980832
2865,0,0,0.8370559
2866,2,0,0.8420261
2867,0,0,0.8509725
2868,0,0,0.8574683
2869,2,0,0.8788045
2870,2,0,0.87431604
2871,1,0,0.89901745
2872,0,0,0.9213162
2873,0,0,0.9292435
2874,3,0,0.9459775
2875,1,0,0.96235293
2876,0,0,0.98402274
2877,0,0,0.99062914
2878,1,0,0.9833176
2879,0,0,0.9929007
2880,0,0,1.0045118
2881,1,0,1.1013263
2882,3,0,1.1169664
2883,0,0,1.1202457
2884,1,0,1.156772
2885,0,0,1.1693681
2886,1,1,0.64419883
2887,1,1,0.65268916
2888,1,1,0.6634609
2889,1,1,0.6488908
2890,2,1,0.66064
2891,3,1,0.6411407
2892,1,1,0.6535513
2893,0,1,0.6605279
2894,2,1,0.657406
2895,0,1,0.658651
2896,2,1,0.6650352
2897,0,1,0.6620479
2898,1,1,0.6520674
2899,3,1,0.67061484
2900,0,1,0.6462165
2901,1,1,0.6476762
2902,0,1,0.63705665
2903,0,1,0.6253911
2904,1,1,0.6296546
2905,2,1,0.6316107
2906,0,1,0.64220095
2907,3,1,0.6467443
2908,3,1,0.6325392
2909,0,1,0.6451667
2910,0,1,0.65063703
2911,3,1,0.6219789
2912,0,1,0.6416062
2913,1,1,0.63934755
2914,3,1,0.62782013
2915,0,1,0.6505925
2916,3,1,0.6471215
2917,0,1,0.64711183
2918,0,1,0.63738424
2919,1,0,0.6388026
2920,0,0,0.6209444
2921,0,0,0.6139975
2922,3,0,0.59589165
2923,1,0,0.58537203
2924,0,0,0.5766228
2925,3,0,0.5501754
2926,0,0,0.51988435
2927,0,0,0.5277681
2928,0,0,0.53534675
2929,0,0,0.5087701
2930,1,0,0.54564095
2931,1,0,0.5717986
2932,1,0,0.5614391
2933,3,0,0.55389804
2934,3,0,0.5278986
2935,0,0,0.52396804
2936,2,0,0.5520266
2937,3,0,0.550686
2938,0,0,0.5507957
2939,0,0,0.5484517
2940,0,0,0.57196003
2941,1,0,0.56928205
2942,2,0,0.5691696
2943,2,0,0.5783735
2944,0,0,0.5764966
2945,1,0,0.55395216
2946,3,0,0.55326104
2947,3,0,0.5614374
2948,0,0,0.5485752
2949,1,0,0.5654714
2950,1,0,0.5827105
2951,2,0,0.5983137
2952,0,0,0.590231
2953,1,0,0.60440373
2954,0,0,0.60063785
2955,0,0,0.59430027
2956,1,0,0.5962607
2957,0,0,0.5837787
2958,0,0,0.5730065
2959,2,0,0.5746927
2960,1,0,0.55006695
2961,1,0,0.53614855
2962,0,0,0.55123836
2963,1,0,0.5782389
2964,1,0,0.59149575
2965,1,0,0.59831744
2966,2,0,0.5944734
2967,1,0,0.59151006
2968,3,0,0.5900611
2969,2,0,0.5683065
2970,0,0,0.53614783
2971,0,0,0.53099424
2972,2,0,0.5111033
2973,2,0,0.49236983
2974,3,0,0.50153303
2975,0,0,0.51511765
2976,1,0,0.5075602
2977,0,0,0.5247052
2978,1,0,0.52102727
2979,1,0,0.50587445
2980,1,0,0.51507163
2981,0,0,0.5032939
2982,0,0,0.5381391
2983,3,0,0.55308884
2984,3,0,0.5687746
2985,3,0,0.5768223
2986,3,0,0.5863013
2987,1,0,0.58412224
2988,1,0,0.5764815
2989,1,0,0.58178556
2990,0,0,0.58537453
2991,0,0,0.61802584
2992,3,0,0.6242376
2993,1,0,0.62488574
2994,1,0,0.6372153
2995,0,0,0.6357012
2996,1,0,0.62487614
2997,0,0,0.64644873
2998,1,0,0.66032094
2999,0,0,0.666878
3000,3,0,0.6739596
3001,0,0,0.68045443
3002,3,0,0.68004996
3003,0,0,0.6804214
3004,3,0,0.6607999
3005,0,0,0.6510185
3006,1,0,0.6662809
3007,0,0,0.6495222
3008,0,0,0.6561256
3009,1,0,0.65957695
3010,0,0,0.6495179
3011,0,0,0.6472943
3012,1,0,0.635577
3013,0,0,0.6199205
3014,3,0,0.6223369
3015,0,0,0.6321496
3016,0,0,0.63081074
3017,0,0,0.6363939
3018,2,0,0.63885045
3019,0,0,0.6552542
3020,1,0,0.6724489
3021,0,0,0.6706451
3022,0,0,0.67368937
3023,0,0,0.66514444
3024,0,0,0.6612408
3025,2,0,0.65218794
3026,0,0,0.66219723
3027,2,0,0.64731914
3028,1,0,0.66070026
3029,0,0,0.6786795
3030,2,0,0.6936725
3031,0,0,0.7045934
3032,2,0,0.7167501
3033,1,0,0.71974605
3034,1,0,0.743031
3035,1,0,0.76649874
3036,1,0,0.76064104
3037,1,0,0.7870844
3038,1,0,0.8045905
3039,0,0,0.80502623
3040,0,0,0.81763625
3041,0,0,0.8278184
3042,0,0,0.8317004
3043,0,0,0.8447469
3044,1,0,0.8495499
3045,2,0,0.8775441
3046,3,0,0.8855764
3047,1,0,0.9096418
3048,2,0,0.95152944
3049,1,0,0.9675725
3050,0,0,0.9856185
3051,3,0,0.99778754
3052,2,0,1.0432333
3053,1,0,1.0483845
3054,1,0,1.0946764
3055,0,0,1.1135567
3056,0,0,1.1371189
3057,1,0,1.1592938
3058,0,0,1.1605531
3059,0,0,1.1687609
3060,2,0,1.1842793
3061,1,0,1.2355638
3062,2,0,1.2885907
3063,2,0,1.3286566
3064,0,0,1.3457557
3065,0,0,1.3548421
3066,3,1,0.64251643
3067,0,1,0.6437934
3068,1,1,0.64853966
3069,0,1,0.64971846
3070,0,1,0.65175897
3071,3,1,0.67475176
3072,3,1,0.69500965
3073,0,1,0.6944379
3074,1,1,0.6915566
3075,2,1,0.6986543
3076,0,1,0.6833619
3077,2,1,0.6854654
3078,0,1,0.68374026
3079,3,1,0.67849964
3080,0,1,0.6840723
3081,2,1,0.6735135
3082,0,1,0.6788573
3083,0,1,0.65480715
3084,2,1,0.65527284
3085,0,0,0.66610104
3086,0,0,0.67007124
3087,0,0,0.66988146
3088,1,0,0.67765486
3089,0,0,0.67021954
3090,3,0,0.67636245
3091,0,0,0.68656445
3092,1,0,0.6978645
3093,2,0,0.7010159
3094,1,0,0.7236833
3095,3,0,0.7400129
3096,0,0,0.75323826
3097,3,0,0.75070465
3098,0,0,0.75342476
3099,1,0,0.76805085
3100,0,0,0.7788554
3101,0,0,0.7599834
3102,0,0,0.74366266
3103,2,0,0.7385194
3104,1,0,0.7458911
3105,1,0,0.7482689
3106,0,0,0.76077056
3107,3,0,0.7664025
3108,0,0,0.76936585
3109,1,0,0.7661157
3110,1,0,0.77796096
3111,1,0,0.78356355
3112,0,0,0.76809835
3113,1,0,0.7845096
3114,3,0,0.782596
3115,0,0,0.76836145
3116,0,0,0.74140555
3117,1,0,0.759952
3118,0,0,0.74708205
3119,3,0,0.75646645
3120,1,0,0.757828
3121,0,0,0.75592357
3122,1,0,0.72596943
3123,0,0,0.7364204
3124,0,0,0.7083979
3125,0,0,0.6964294
3126,0,0,0.69062346
3127,1,0,0.6852022
3128,1,0,0.6906556
3129,3,0,0.7011192
3130,2,0,0.7028344
3131,1,0,0.71007556
3132,0,0,0.7124497
3133,2,0,0.72728217
3134,1,0,0.71725506
3135,1,0,0.72349447
3136,3,0,0.7404441
3137,1,0,0.75108665
3138,3,0,0.7457731
3139,2,0,0.75707966
3140,0,0,0.74463385
3141,1,0,0.75617445
3142,0,0,0.7563246
3143,1,0,0.7605819
3144,1,0,0.77953434
3145,0,0,0.798625
3146,0,0,0.8086235
3147,0,0,0.79939115
3148,0,0,0.8123896
3149,1,0,0.82369876
3150,0,0,0.8254001
3151,0,0,0.8293344
3152,3,0,0.85389024
3153,1,0,0.86345905
3154,1,0,0.9261963
3155,1,0,0.9409833
3156,3,0,0.97125804
3157,1,0,0.98719317
3158,0,0,1.0099214
3159,1,0,1.0147989
3160,0,0,1.0396289
3161,3,0,1.1150091
3162,1,0,1.1407523
3163,1,0,1.1438029
3164,0,0,1.1830076
3165,1,0,1.2539079
3166,3,0,1.2539538
3167,1,0,1.2727199
3168,0,0,1.2988123
3169,0,0,1.344102
3170,0,0,1.3907237
3171,2,0,1.4732243
3172,2,0,1.4995809
3173,2,0,1.543092
3174,2,0,1.6055207
3175,0,0,1.6413336
3176,3,0,1.7339226
3177,0,0,1.8487521
3178,0,0,1.9489666
3179,0,0,2.0630283
3180,1,0,2.091697
3181,1,0,2.2134721
3182,1,0,2.243058
3183,2,0,2.3582392
3184,3,0,2.3513882
3185,0,0,2.4697812
3186,1,0,2.488572
3187,0,0,2.6691172
3188,3,0,2.8112266
3189,0,0,2.9805226
3190,3,0,3.2146685
3191,0,0,3.4365168
3192,0,0,3.7268865
3193,2,0,4.0339303
3194,1,0,4.224345
3195,2,0,4.2409453
3196,1,0,4.6385217
3197,0,0,4.952017
3198,1,0,5.033234
3199,0,0,5.2830677
3200,0,1,0.62529516
3201,0,1,0.6488854
3202,1,1,0.6485998
3203,0,1,0.63535017
3204,2,1,0.6342474
3205,1,1,0.65815556
3206,1,1,0.6781612
3207,0,1,0.6925596
3208,0,1,0.70361096
3209,0,1,0.6853305
3210,1,1,0.67827475
3211,1,1,0.68177503
3212,1,1,0.695281
3213,3,1,0.68915224
3214,1,1,0.6754932
3215,0,1,0.6888455
3216,1,1,0.69331974
3217,2,0,0.68319243
3218,0,0,0.67956704
3219,0,0,0.6952064
3220,1,0,0.70220256
3221,1,0,0.70489746
3222,1,0,0.6846124
3223,2,0,0.69723743
3224,0,0,0.71411014
3225,0,0,0.7209333
3226,0,0,0.7090627
3227,0,0,0.7041276
3228,0,0,0.7107267
3229,1,0,0.72180516
3230,0,0,0.71333617
3231,1,0,0.7118502
3232,1,0,0.71527934
3233,0,0,0.7108958
3234,0,0,0.7253696
3235,0,0,0.70641327
3236,3,0,0.6988003
3237,0,0,0.6980649
3238,0,0,0.6990702
3239,1,0,0.7022251
3240,0,0,0.68462855
3241,0,0,0.6780792
3242,1,0,0.65611184
3243,3,0,0.66736966
3244,0,0,0.68241197
3245,1,0,0.6722191
3246,0,0,0.6832906
3247,3,0,0.65919584
3248,1,0,0.64424485
3249,3,0,0.6199711
3250,0,0,0.61627007
3251,1,0,0.5977552
3252,1,0,0.6255173
3253,0,0,0.60527146
3254,0,0,0.6083745
3255,2,0,0.59945184
3256,2,0,0.6000466
3257,1,0,0.5972022
3258,1,0,0.5909753
3259,3,0,0.5885743
3260,1,0,0.58623827
3261,0,0,0.59683996
3262,0,0,0.57725614
3263,0,0,0.60622436
3264,0,0,0.60802203
3265,1,0,0.62995344
3266,0,0,0.6384489
3267,0,0,0.64570266
3268,0,0,0.63829243
3269,3,0,0.6525956
3270,0,0,0.6576148
3271,2,0,0.6667663
3272,3,0,0.6748245
3273,0,0,0.6705557
3274,2,0,0.6753496
3275,1,0,0.6881522
3276,0,0,0.6875022
3277,1,0,0.69466364
3278,1,0,0.68730605
3279,0,0,0.6931224
3280,0,0,0.6995184
3281,0,0,0.7108551
3282,3,0,0.71407753
3283,3,0,0.726144
3284,0,0,0.7140504
3285,2,0,0.7150185
3286,0,0,0.7419678
3287,1,0,0.7468394
3288,1,0,0.7687231
3289,2,0,0.77821994
3290,1,0,0.7915809
3291,0,0,0.8019077
3292,2,0,0.8288551
3293,0,0,0.82594055
3294,0,0,0.83167243
3295,0,0,0.8225841
3296,1,0,0.82082546
3297,0,0,0.82606435
3298,0,0,0.84000206
3299,0,0,0.856672
3300,1,0,0.8790561
3301,2,0,0.8907525
3302,1,0,0.9057159
3303,1,0,0.91834337
3304,0,0,0.9069316
3305,1,0,0.93843657
3306,0,0,0.9329149
3307,1,0,0.9556137
3308,1,0,0.9986873
3309,3,0,1.0287203
3310,0,0,1.0984546
3311,3,0,1.0952982
3312,1,0,1.094372
3313,0,0,1.1248684
3314,3,0,1.1476544
3315,0,0,1.185305
3316,1,0,1.1938266
3317,0,0,1.2128868
3318,0,0,1.2108631
3319,3,0,1.2511346
3320,2,0,1.2783799
3321,2,0,1.3329415
3322,0,0,1.3562436
3323,3,0,1.3762668
3324,3,0,1.3757781
3325,1,1,0.83409387
3326,1,1,0.8078271
3327,1,1,0.79170316
3328,2,1,0.8000391
3329,2,1,0.7855895
3330,1,1,0.78580564
3331,0,1,0.7906426
3332,2,1,0.81549865
3333,2,1,0.8073424
3334,0,1,0.8179775
3335,2,1,0.8325688
3336,1,1,0.84032506
3337,0,1,0.83700365
3338,0,1,0.8362972
3339,3,1,0.8393882
3340,0,1,0.8317826
3341,0,1,0.8181437
3342,0,1,0.806662
3343,0,1,0.8141549
3344,0,1,0.8157567
3345,1,1,0.83496326
3346,3,1,0.83715343
3347,2,1,0.8347821
3348,0,1,0.8300016
3349,0,1,0.8168459
3350,2,1,0.8211563
3351,0,1,0.83904475
3352,1,0,0.8421318
3353,0,0,0.78521633
3354,0,0,0.7872016
3355,0,0,0.7762406
3356,0,0,0.78052604
3357,0,0,0.7785848
3358,3,0,0.7611708
3359,1,0,0.7604749
3360,2,0,0.7707472
3361,1,0,0.77509296
3362,2,0,0.7567466
3363,0,0,0.7485122
3364,0,0,0.7321828
3365,0,0,0.71920186
3366,2,0,0.7166413
3367,0,0,0.71552324
3368,0,0,0.69674486
3369,0,0,0.69330925
3370,0,0,0.69272596
3371,0,0,0.6941721
3372,3,0,0.7003152
3373,0,0,0.6836077
3374,1,0,0.6845968
3375,1,0,0.6848666
3376,1,0,0.66860044
3377,2,0,0.647359
3378,3,0,0.6418095
3379,1,0,0.67001915
3380,3,0,0.6877246
3381,0,0,0.6559418
3382,2,0,0.64330137
3383,3,0,0.6454446
3384,0,0,0.64232844
3385,0,0,0.62912184
3386,1,0,0.63449705
3387,1,0,0.6289856
3388,3,0,0.6438466
3389,0,0,0.66020894
3390,0,0,0.6715912
3391,2,0,0.6535173
3392,0,0,0.6469788
3393,0,0,0.6650525
3394,1,0,0.6604205
3395,2,0,0.6517218
3396,2,0,0.67159706
3397,1,0,0.66068494
3398,3,0,0.6806005
3399,1,0,0.686612
3400,3,0,0.67749083
3401,0,0,0.66817814
3402,1,0,0.66216284
3403,1,0,0.656287
3404,1,0,0.6474884
3405,2,0,0.63222986
3406,2,0,0.6423902
3407,0,0,0.63998216
3408,1,0,0.6505759
3409,0,0,0.63304424
3410,1,0,0.63640946
3411,2,0,0.64898896
3412,0,0,0.6546847
3413,2,0,0.6412003
3414,2,0,0.64562804
3415,2,0,0.6328423
3416,0,0,0.6288345
3417,3,0,0.699136
3418,0,0,0.68813735
3419,3,0,0.67258406
3420,1,0,0.67339015
3421,3,0,0.66894144
3422,1,0,0.678866
3423,0,0,0.6744397
3424,1,0,0.6650964
3425,0,0,0.66145414
3426,1,0,0.6436552
3427,0,0,0.6562039
3428,1,0,0.6524762
3429,2,0,0.63012683
3430,0,0,0.6369994
3431,0,0,0.70856094
3432,2,0,0.70282024
3433,2,0,0.70706826
3434,1,0,0.7093702
3435,3,0,0.711673
3436,1,0,0.7138531
3437,1,0,0.7111409
3438,2,0,0.7149341
3439,2,0,0.7163422
3440,3,0,0.72130287
3441,0,0,0.74758714
3442,1,0,0.7361133
3443,0,0,0.74560595
3444,0,0,0.7446427
3445,0,0,0.76317465
3446,3,0,0.7833653
3447,1,0,0.7158444
3448,2,0,0.7245489
3449,3,0,0.7356949
3450,1,0,0.73581815
3451,3,0,0.74999404
3452,0,0,0.7391738
3453,2,0,0.757094
3454,1,0,0.76445884
3455,0,0,0.80270445
3456,2,0,0.8146897
3457,3,0,0.8290352
3458,1,0,0.841134
3459,1,0,0.8698249
3460,3,0,0.8812553
3461,2,0,0.82542956
3462,2,0,0.843537
3463,2,0,0.8584486
3464,1,0,0.8827876
3465,0,0,0.8984158
3466,3,0,0.9037338
3467,0,0,0.9699678
3468,0,0,0.99688137
3469,0,0,1.0371122
3470,0,0,1.0412517
3471,1,0,1.0673181
3472,1,0,1.0933459
3473,3,0,1.11717
3474,0,0,1.1359975
3475,0,0,1.1428919
3476,1,0,1.1993188
3477,2,0,1.2680227
3478,2,0,1.3010291
3479,0,0,1.394377
3480,0,0,1.4055396
3481,3,0,1.4309405
3482,3,0,1.4649915
3483,0,0,1.5589833
3484,1,0,1.6327192
3485,1,1,0.65743494
3486,3,1,0.632679
3487,2,1,0.62058175
3488,1,1,0.5986061
3489,1,1,0.58430517
3490,2,1,0.57527983
3491,0,1,0.5963064
3492,2,1,0.5645004
3493,0,1,0.54306465
3494,1,1,0.57437503
3495,2,1,0.55723023
3496,0,1,0.5403345
3497,1,1,0.53947526
3498,2,1,0.56389934
3499,2,1,0.5449157
3500,0,1,0.53253675
3501,0,1,0.5243469
3502,2,1,0.5242403
3503,1,1,0.52401775
3504,0,1,0.5405872
3505,1,1,0.5186568
3506,0,1,0.5239055
3507,3,1,0.5355277
3508,0,1,0.51221514
3509,0,1,0.52415836
3510,3,1,0.51544374
3511,3,1,0.5116727
3512,0,1,0.545771
3513,2,0,0.5347142
3514,0,0,0.5322794
3515,3,0,0.5400872
3516,0,0,0.54765207
3517,2,0,0.54966575
3518,0,0,0.55629295
3519,0,0,0.57689816
3520,0,0,0.57146764
3521,2,0,0.54868746
3522,0,0,0.5779541
3523,1,0,0.57411325
3524,0,0,0.55212677
3525,0,0,0.5496997
3526,0,0,0.54691374
3527,0,0,0.5427001
3528,0,0,0.5278581
3529,1,0,0.5161126
3530,1,0,0.5598875
3531,3,0,0.5757982
3532,3,0,0.5758848
3533,0,0,0.5660629
3534,3,0,0.5750025
3535,0,0,0.5788161
3536,0,0,0.5749975
3537,0,0,0.5548799
3538,0,0,0.5755149
3539,0,0,0.584933
3540,2,0,0.6136012
3541,0,0,0.6078521
3542,1,0,0.5936345
3543,0,0,0.6039296
3544,0,0,0.636828
3545,1,0,0.6254737
3546,2,0,0.6417766
3547,0,0,0.6582731
3548,1,0,0.6478085
3549,3,0,0.6237095
3550,3,0,0.6198026
3551,3,0,0.6218515
3552,0,0,0.5976749
3553,0,0,0.5983575
3554,0,0,0.5953213
3555,3,0,0.5915797
3556,1,0,0.602417
3557,1,0,0.6007904
3558,1,0,0.6005972
3559,0,0,0.5957051
3560,1,0,0.56718326
3561,1,0,0.56067526
3562,3,0,0.5741002
3563,3,0,0.5755115
3564,0,0,0.5592978
3565,0,0,0.5700143
3566,2,0,0.56605345
3567,2,0,0.5637762
3568,2,0,0.5413864
3569,0,0,0.5414135
3570,1,0,0.5330972
3571,2,0,0.5634438
3572,1,0,0.55084527
3573,3,0,0.5357358
3574,3,0,0.5460497
3575,3,0,0.53336865
3576,1,0,0.5216196
3577,0,0,0.507138
3578,0,0,0.5357437
3579,1,0,0.53137124
3580,3,0,0.5401631
3581,2,0,0.5458151
3582,3,0,0.54583377
3583,0,0,0.544992
3584,1,0,0.56528914
3585,1,0,0.58467793
3586,0,0,0.5822693
3587,3,0,0.60239774
3588,0,0,0.5949985
3589,3,0,0.5919163
3590,1,0,0.6071805
3591,3,0,0.60336584
3592,0,0,0.6200845
3593,3,0,0.6238377
3594,1,0,0.6162204
3595,2,0,0.6153752
3596,0,0,0.63111186
3597,0,0,0.6304716
3598,1,0,0.63038474
3599,1,0,0.6389601
3600,1,0,0.64435476
3601,0,0,0.6462558
3602,2,0,0.66149396
3603,3,0,0.65988535
3604,1,0,0.65563744
3605,0,0,0.6785453
3606,0,0,0.6847931
3607,0,0,0.690478
3608,2,0,0.68609524
3609,1,0,0.69933385
3610,1,0,0.7062365
3611,0,0,0.7068048
3612,3,0,0.7101981
3613,0,0,0.73174596
3614,1,0,0.71857494
3615,1,0,0.72232515
3616,1,0,0.7264129
3617,0,0,0.72595054
3618,2,0,0.7395448
3619,1,0,0.7535353
3620,1,0,0.7550354
3621,0,0,0.7664899
3622,3,0,0.75475955
3623,2,0,0.77471435
3624,1,0,0.7822445
3625,3,0,0.7755286
3626,0,0,0.7880371
3627,3,0,0.8211427
3628,3,0,0.8588475
3629,1,0,0.86542195
3630,1,0,0.873322
3631,1,0,0.8762019
3632,1,0,0.90184325
3633,0,0,0.92746454
3634,1,0,0.95658654
3635,0,0,0.9650163
3636,3,0,0.9766014
3637,0,0,0.9975242
3638,2,0,1.0351722
3639,2,0,1.0694258
3640,1,0,1.0665467
3641,0,0,1.0978892
3642,3,0,1.1100192
3643,1,0,1.1275327
3644,2,0,1.1618088
3645,1,0,1.1637682
3646,0,0,1.2035824
3647,1,0,1.2552004
3648,2,1,0.74692947
3649,1,1,0.7336526
3650,0,1,0.71963495
3651,2,1,0.72313845
3652,0,1,0.73127234
3653,2,1,0.7891817
3654,0,1,0.76168823
3655,0,1,0.71943367
3656,3,1,0.69765544
3657,1,1,0.7208468
3658,3,1,0.70884246
3659,0,1,0.69958484
3660,1,1,0.70050734
3661,1,1,0.7204049
3662,0,1,0.7425027
3663,2,1,0.77486444
3664,0,1,0.7636084
3665,0,1,0.7595909
3666,3,1,0.7814076
3667,0,1,0.7971002
3668,0,1,0.77164406
3669,0,1,0.7684769
3670,0,1,0.7325564
3671,1,1,0.71386665
3672,0,1,0.7000231
3673,1,1,0.6901122
3674,2,1,0.7129911
3675,1,1,0.7214351
3676,0,1,0.71958303
3677,0,1,0.71295476
3678,1,1,0.74037
3679,2,1,0.7510892
3680,0,1,0.74977064
3681,0,1,0.7480597
3682,2,0,0.738042
3683,1,0,0.6775004
3684,1,0,0.6772054
3685,3,0,0.6743689
3686,0,0,0.6765365
3687,1,0,0.69270927
3688,1,0,0.7240183
3689,1,0,0.7107328
3690,2,0,0.68987894
3691,0,0,0.66965795
3692,1,0,0.67338073
3693,1,0,0.65269345
3694,2,0,0.6731052
3695,3,0,0.65655243
3696,1,0,0.6279684
3697,2,0,0.63618714
3698,2,0,0.6418674
3699,0,0,0.6392835
3700,2,0,0.6300228
3701,0,0,0.6516281
3702,0,0,0.65626204
3703,0,0,0.6702142
3704,2,0,0.65785116
3705,3,0,0.65250087
3706,0,0,0.64335674
3707,1,0,0.630207
3708,0,0,0.6474215
3709,3,0,0.65281546
3710,0,0,0.6557354
3711,1,0,0.6759685
3712,1,0,0.6620979
3713,2,0,0.71513873
3714,0,0,0.7222511
3715,0,0,0.7172729
3716,1,0,0.7206118
3717,0,0,0.72133917
3718,0,0,0.70413554
3719,3,0,0.7142824
3720,2,0,0.7210267
3721,0,0,0.731557
3722,0,0,0.72720927
3723,0,0,0.7262896
3724,0,0,0.70075977
3725,0,0,0.6874004
3726,3,0,0.6909318
3727,0,0,0.6742862
3728,0,0,0.6775488
3729,2,0,0.69145167
3730,0,0,0.7066313
3731,0,0,0.6896658
3732,2,0,0.6929788
3733,1,0,0.6676657
3734,0,0,0.67791384
3735,0,0,0.68733925
3736,1,0,0.70538574
3737,1,0,0.72371477
3738,3,0,0.71888167
3739,3,0,0.7067081
3740,0,0,0.70966107
3741,2,0,0.6951231
3742,1,0,0.7176233
3743,1,0,0.66740316
3744,1,0,0.66014946
3745,0,0,0.67254263
3746,1,0,0.6710177
3747,2,0,0.6413937
3748,1,0,0.65352505
3749,0,0,0.65998924
3750,0,0,0.66770226
3751,1,0,0.6394618
3752,0,0,0.62497395
3753,0,0,0.61528003
3754,0,0,0.6338823
3755,3,0,0.64705604
3756,1,0,0.64729667
3757,1,0,0.6739785
3758,3,0,0.66287786
3759,0,0,0.6489019
3760,3,0,0.63943624
3761,3,0,0.65509516
3762,1,0,0.65245056
3763,0,0,0.670949
3764,0,0,0.66354984
3765,2,0,0.6590146
3766,3,0,0.6659668
3767,0,0,0.6570617
3768,1,0,0.647422
3769,0,0,0.66086435
3770,3,0,0.7371938
3771,0,0,0.74550074
3772,0,0,0.7375618
3773,3,0,0.7271389
3774,0,0,0.75021935
3775,1,0,0.7545535
3776,1,0,0.76180106
3777,1,0,0.76719034
3778,0,0,0.77227074
3779,1,0,0.77378994
3780,0,0,0.78869325
3781,3,0,0.80562127
3782,0,0,0.82306856
3783,1,0,0.8380561
3784,0,0,0.85255253
3785,1,0,0.87431544
3786,3,0,0.8940788
3787,3,0,0.8994082
3788,0,0,0.91592836
3789,0,0,0.9552603
3790,2,0,0.9802457
3791,3,0,0.99400073
3792,1,0,1.0027537
3793,0,0,1.0284169
3794,0,0,1.0706971
3795,0,0,1.0811734
3796,1,0,1.0816797
3797,3,0,1.1162294
3798,0,0,1.155313
3799,1,0,1.179091
3800,3,0,1.127847
3801,2,0,1.1377137
3802,0,0,1.1954273
3803,0,0,1.2241457
3804,2,0,1.266634
3805,2,0,1.322704
3806,1,0,1.381228
3807,3,0,1.4130855
3808,0,0,1.4894533
3809,1,0,1.5754098
3810,0,0,1.6014388
3811,3,0,1.7004073
3812,3,0,1.7263823
3813,3,0,1.7566583
3814,1,0,1.8438897
3815,1,0,1.945485
3816,2,0,1.9658587
3817,1,0,1.984082
3818,3,0,2.1332874
3819,3,0,2.2577882
3820,0,0,2.3796854
3821,1,0,2.4059649
3822,2,0,2.5201318
3823,3,0,2.543262
3824,1,0,2.6943758
3825,0,0,2.8934686
3826,1,0,3.0966825
3827,1,0,3.1347847
3828,0,0,3.1733792
3829,0,0,3.348623
3830,1,1,0.6360696
3831,1,1,0.63495576
3832,1,1,0.6096896
3833,1,1,0.6158334
3834,3,1,0.6185925
3835,3,1,0.60822296
3836,2,1,0.6329156
3837,2,1,0.63598466
3838,1,1,0.64340156
3839,1,1,0.6524816
3840,1,1,0.6323464
3841,0,1,0.6457058
3842,0,1,0.6450747
3843,2,1,0.64565456
3844,0,1,0.64549434
3845,2,1,0.6261091
3846,3,1,0.63191205
3847,0,1,0.62951845
3848,0,1,0.61243147
3849,0,1,0.6004976
3850,1,1,0.60641325
3851,1,1,0.620272
3852,1,1,0.6368769
3853,1,1,0.6418268
3854,3,1,0.6294868
3855,1,1,0.62382424
3856,1,1,0.628042
3857,0,1,0.6197901
3858,0,0,0.6104039
3859,3,0,0.6300177
3860,1,0,0.600258
3861,1,0,0.6190701
3862,3,0,0.6216694
3863,3,0,0.6361611
3864,0,0,0.6476597
3865,0,0,0.636128
3866,0,0,0.6240515
3867,2,0,0.61671686
3868,0,0,0.61619943
3869,2,0,0.60549045
3870,1,0,0.6255271
3871,0,0,0.62880635
3872,1,0,0.63241404
3873,1,0,0.62761176
3874,3,0,0.6050561
3875,1,0,0.61145085
3876,3,0,0.60857105
3877,0,0,0.5937527
3878,1,0,0.61748576
3879,2,0,0.63801014
3880,0,0,0.65900487
3881,3,0,0.6687621
3882,1,0,0.64914733
3883,0,0,0.6525939
3884,0,0,0.6550952
3885,1,0,0.64837986
3886,1,0,0.6377891
3887,1,0,0.63669044
3888,0,0,0.6148612
3889,2,0,0.6028809
3890,1,0,0.60995436
3891,0,0,0.6090705
3892,1,0,0.62232614
3893,0,0,0.60386634
3894,0,0,0.5845642
3895,1,0,0.6072271
3896,3,0,0.6247309
3897,0,0,0.6328064
3898,3,0,0.63606894
3899,2,0,0.6509217
3900,0,0,0.634257
3901,1,0,0.63659924
3902,2,0,0.6399211
3903,0,0,0.62045145
3904,2,0,0.617454
3905,1,0,0.62404937
3906,0,0,0.61889535
3907,0,0,0.63163346
3908,2,0,0.6191313
3909,1,0,0.6194792
3910,1,0,0.6007935
3911,0,0,0.583541
3912,0,0,0.576493
3913,1,0,0.58743036
3914,0,0,0.5863415
3915,1,0,0.6043157
3916,0,0,0.61975175
3917,3,0,0.5982234
3918,3,0,0.61020094
3919,0,0,0.6082889
3920,0,0,0.61869216
3921,1,0,0.6069554
3922,2,0,0.59271556
3923,0,0,0.59746295
3924,0,0,0.62247926
3925,2,0,0.606695
3926,2,0,0.5990288
3927,2,0,0.5842152
3928,2,0,0.5661999
3929,0,0,0.544316
3930,0,0,0.5569734
3931,3,0,0.5591422
3932,2,0,0.5452683
3933,3,0,0.5759473
3934,0,0,0.58383393
3935,2,0,0.6025101
3936,0,0,0.6028214
3937,0,0,0.5934206
3938,0,0,0.60566854
3939,3,0,0.6551061
3940,0,0,0.6682175
3941,3,0,0.67850816
3942,3,0,0.69592714
3943,3,0,0.74770737
3944,1,0,0.7734672
3945,1,0,0.7708697
3946,0,0,0.7702672
3947,0,0,0.7935753
3948,0,0,0.8037655
3949,1,0,0.8219183
3950,2,0,0.8434766
3951,2,0,0.86032104
3952,1,0,0.8760314
3953,0,0,0.89716214
3954,2,0,0.89888865
3955,3,0,0.9274089
3956,0,0,0.9522779
3957,0,0,0.98161757
3958,0,0,1.0701865
3959,1,0,1.1100103
3960,1,0,1.1210024
3961,2,0,1.1293391
3962,0,0,1.1552209
3963,0,0,1.2127947
3964,2,0,1.2606473
3965,2,0,1.2735349
3966,0,0,1.3027551
3967,3,0,1.3705243
3968,1,0,1.4296305
3969,1,0,1.3849118
3970,0,0,1.4140023
3971,3,0,1.4778647
3972,0,0,1.5289612
3973,3,0,1.5561603
3974,1,0,1.6140974
3975,1,0,1.7121522
3976,1,0,1.8029555
3977,0,0,1.820983
3978,0,0,1.9327482
3979,1,0,2.0477607
3980,1,0,2.0666974
3981,2,0,2.204397
3982,3,0,2.3205035
3983,1,0,2.4870207
3984,1,0,2.5185657
3985,0,0,2.7163348
3986,0,0,2.8675737
3987,0,0,3.0207872
3988,0,0,2.9833426
3989,3,0,3.0161376
3990,0,0,3.1634305
3991,1,0,3.3535554
3992,3,1,0.6320576
3993,2,1,0.6575945
3994,1,1,0.64346504
3995,3,1,0.6249598
3996,0,1,0.6260386
3997,0,1,0.6158913
3998,1,1,0.6265272
3999,1,1,0.63590366
4000,1,1,0.6513778
4001,0,1,0.6623483
4002,1,1,0.6525549
4003,0,1,0.6322902
4004,0,1,0.6394784
4005,1,1,0.6339711
4006,0,1,0.64556044
4007,1,1,0.6497231
4008,0,1,0.66304183
4009,2,1,0.676212
4010,0,1,0.69073826
4011,2,1,0.67935634
4012,3,1,0.67457134
4013,1,1,0.642165
4014,1,1,0.6442731
4015,1,1,0.62646943
4016,3,1,0.6204308
4017,3,1,0.6503615
4018,1,1,0.6350937
4019,0,1,0.6162489
4020,1,1,0.6077603
4021,3,1,0.61718506
4022,1,1,0.6091473
4023,1,1,0.61697656
4024,0,0,0.644875
4025,0,0,0.6430101
4026,1,0,0.67038304
4027,0,0,0.6781046
4028,1,0,0.6651152
4029,3,0,0.65513
4030,2,0,0.6377989
4031,0,0,0.6374391
4032,0,0,0.6703909
4033,3,0,0.6783571
4034,0,0,0.66696984
4035,0,0,0.66397667
4036,0,0,0.651612
4037,0,0,0.6491774
4038,0,0,0.63610256
4039,0,0,0.62642515
4040,0,0,0.6324798
4041,2,0,0.6493586
4042,3,0,0.6269746
4043,1,0,0.6254225
4044,0,0,0.6297428
4045,1,0,0.628325
4046,1,0,0.64926624
4047,0,0,0.6353826
4048,2,0,0.6397327
4049,0,0,0.64239424
4050,0,0,0.6363718
4051,3,0,0.6218874
4052,0,0,0.62441355
4053,0,0,0.62934154
4054,1,0,0.6310371
4055,0,0,0.624514
4056,2,0,0.6119213
4057,1,0,0.607716
4058,1,0,0.6249393
4059,3,0,0.6202838
4060,0,0,0.6203
4061,1,0,0.59891355
4062,1,0,0.58783084
4063,1,0,0.5847566
4064,0,0,0.6018868
4065,1,0,0.6043615
4066,1,0,0.632642
4067,0,0,0.6644997
4068,0,0,0.6619852
4069,0,0,0.65774816
4070,1,0,0.6586785
4071,0,0,0.6356212
4072,1,0,0.66476685
4073,0,0,0.6477554
4074,0,0,0.6382035
4075,0,0,0.6410577
4076,3,0,0.61942285
4077,2,0,0.6476764
4078,2,0,0.6403459
4079,2,0,0.6317483
4080,1,0,0.6461718
4081,1,0,0.63288736
4082,2,0,0.61716676
4083,3,0,0.6066911
4084,0,0,0.5969312
4085,2,0,0.6069889
4086,1,0,0.59534925
4087,0,0,0.60093313
4088,3,0,0.5984196
4089,0,0,0.62571925
4090,2,0,0.63058007
4091,0,0,0.6422296
4092,2,0,0.6438015
4093,3,0,0.6505403
4094,1,0,0.6342883
4095,3,0,0.62690884
4096,3,0,0.6104549
4097,1,0,0.58928937
4098,1,0,0.6359869
4099,2,0,0.63313705
4100,0,0,0.63613206
4101,0,0,0.63235503
4102,1,0,0.6394368
4103,0,0,0.6488764
4104,0,0,0.6660129
4105,3,0,0.6640436
4106,2,0,0.68559957
4107,3,0,0.6854162
4108,3,0,0.7022701
4109,2,0,0.7076133
4110,1,0,0.7069972
4111,0,0,0.7269072
4112,0,0,0.73564214
4113,0,0,0.72839165
4114,1,0,0.71765095
4115,0,0,0.7176526
4116,1,0,0.7190028
4117,1,0,0.7357198
4118,1,0,0.73290116
4119,2,0,0.7165427
4120,3,0,0.7142847
4121,0,0,0.7140745
4122,1,0,0.72134477
4123,0,0,0.7278325
4124,1,0,0.7275169
4125,1,0,0.7354977
4126,2,0,0.7291689
4127,1,0,0.736661
4128,3,0,0.7329806
4129,0,0,0.74781454
4130,0,0,0.7421784
4131,3,0,0.753836
4132,0,0,0.7665335
4133,2,0,0.76942563
4134,0,0,0.7896482
4135,0,0,0.8119953
4136,3,0,0.81045115
4137,1,0,0.80829334
4138,2,0,0.81567055
4139,3,0,0.82143843
4140,3,0,0.81475115
4141,0,0,0.81156015
4142,0,0,0.83077186
4143,0,0,0.8322966
4144,3,0,0.858673
4145,0,0,0.87843347
4146,0,0,0.9045362
4147,0,0,0.89674264
4148,3,0,0.9199735
4149,3,0,0.9400012
4150,0,0,0.9516678
4151,2,0,0.97261554
4152,0,0,0.9923193
4153,0,0,1.0062448
4154,2,0,1.0327839
4155,1,0,1.0642072
4156,0,0,1.0905286
4157,0,0,1.1703632
4158,0,0,1.2084306
4159,1,0,1.2235113
4160,1,0,1.2281864
4161,2,0,1.2573963
4162,0,0,1.2597586
4163,2,0,1.2621741
4164,1,0,1.268261
4165,2,0,1.3061008
4166,2,0,1.3302817
4167,0,0,1.352916
4168,0,1,0.5592635
4169,1,1,0.57278574
4170,3,1,0.5632832
4171,1,1,0.5781154
4172,0,1,0.6041506
4173,2,1,0.6118208
4174,0,1,0.64027005
4175,0,1,0.63844955
4176,2,1,0.62892324
4177,0,1,0.6236964
4178,0,1,0.6450241
4179,0,1,0.64942354
4180,3,1,0.6175493
4181,1,1,0.6109552
4182,2,1,0.6112739
4183,0,1,0.59439313
4184,0,1,0.58636594
4185,2,1,0.58775043
4186,0,1,0.5927323
4187,1,1,0.5839549
4188,1,1,0.57926255
4189,3,1,0.5871843
4190,2,1,0.6110466
4191,0,1,0.6325956
4192,1,1,0.64389986
4193,0,1,0.65269417
4194,3,1,0.66021705
4195,3,0,0.65710175
4196,1,0,0.6555348
4197,0,0,0.66090125
4198,3,0,0.6450565
4199,1,0,0.6425261
4200,0,0,0.6486864
4201,1,0,0.64278954
4202,0,0,0.63595736
4203,1,0,0.62398237
4204,0,0,0.61096346
4205,0,0,0.61207956
4206,3,0,0.62259114
4207,1,0,0.61452925
4208,2,0,0.617506
4209,1,0,0.6327503
4210,2,0,0.6354378
4211,0,0,0.64154154
4212,2,0,0.6462138
4213,0,0,0.64399856
4214,0,0,0.6584217
4215,1,0,0.6442328
4216,1,0,0.6533412
4217,0,0,0.65289736
4218,0,0,0.67336947
4219,0,0,0.6644217
4220,0,0,0.6449119
4221,2,0,0.63791966
4222,0,0,0.64630115
4223,1,0,0.65249187
4224,0,0,0.64868
4225,0,0,0.6368865
4226,0,0,0.6541377
4227,2,0,0.6330719
4228,1,0,0.65181077
4229,3,0,0.63095105
4230,0,0,0.63677996
4231,1,0,0.6220832
4232,1,0,0.60432315
4233,0,0,0.60046494
4234,0,0,0.59850013
4235,1,0,0.59043366
4236,0,0,0.58609986
4237,0,0,0.609406
4238,0,0,0.6048832
4239,0,0,0.5861043
4240,0,0,0.5814697
4241,0,0,0.57954156
4242,1,0,0.5589146
4243,0,0,0.5793038
4244,1,0,0.567192
4245,2,0,0.5657324
4246,2,0,0.55386937
4247,3,0,0.54007435
4248,2,0,0.5268017
4249,3,0,0.52257866
4250,2,0,0.5178466
4251,0,0,0.4956324
4252,0,0,0.49226955
4253,2,0,0.46743426
4254,3,0,0.4691091
4255,0,0,0.46607196
4256,0,0,0.44775462
4257,1,0,0.44654697
4258,0,0,0.432957
4259,2,0,0.4324011
4260,0,0,0.4241207
4261,2,0,0.4391358
4262,2,0,0.51210654
4263,2,0,0.5180373
4264,2,0,0.53906024
4265,3,0,0.5604101
4266,1,0,0.578694
4267,3,0,0.56376845
4268,0,0,0.5649121
4269,2,0,0.57255083
4270,2,0,0.584995
4271,3,0,0.58532983
4272,2,0,0.6066884
4273,2,0,0.6155279
4274,0,0,0.6112647
4275,1,0,0.62706316
4276,0,0,0.633066
4277,0,0,0.6418761
4278,1,0,0.65534824
4279,1,0,0.66252625
4280,1,0,0.67555654
4281,0,0,0.69488114
4282,0,0,0.70319414
4283,2,0,0.7191019
4284,1,0,0.7291506
4285,3,0,0.74922115
4286,0,0,0.75867957
4287,0,0,0.78335655
4288,2,0,0.80643827
4289,1,0,0.83288693
4290,1,0,0.86456776
4291,2,0,0.87662953
4292,1,0,0.82725734
4293,2,0,0.8369001
4294,3,0,0.8313326
4295,1,0,0.82938874
4296,1,0,0.830551
4297,0,0,0.84667057
4298,1,0,0.83805734
4299,0,0,0.8469974
4300,3,0,0.8456196
4301,0,0,0.86197954
4302,1,0,0.849382
4303,0,0,0.8413834
4304,3,0,0.87504834
4305,1,0,0.871229
4306,0,0,0.87990725
4307,1,0,0.8848186
4308,0,0,0.8915616
4309,0,0,0.92030734
4310,0,0,0.9431089
4311,0,0,0.97245175
4312,0,0,0.97139525
4313,3,0,1.0028462
4314,0,0,1.0170978
4315,0,0,1.0199593
4316,1,0,1.0343336
4317,1,0,1.0416479
4318,3,0,1.0429245
4319,1,0,1.0747138
4320,0,0,1.0888778
4321,0,0,1.0933079
4322,1,0,1.0998554
4323,1,0,1.1071842
4324,3,0,1.1439258
4325,0,0,1.1976321
4326,1,1,0.7212964
4327,0,1,0.6978105
4328,0,1,0.67280537
4329,0,1,0.6971941
4330,2,1,0.69032013
4331,0,1,0.67404515
4332,0,1,0.70879364
4333,3,1,0.70032036
4334,2,1,0.68567604
4335,2,1,0.67063284
4336,0,1,0.63418007
4337,0,1,0.59407014
4338,0,1,0.56111914
4339,3,1,0.56349105
4340,0,1,0.5328179
4341,3,1,0.5123205
4342,0,1,0.50681823
4343,1,1,0.5206558
4344,0,1,0.55219036
4345,3,1,0.5585597
4346,0,1,0.58023345
4347,0,1,0.5779641
4348,1,1,0.5591502
4349,0,0,0.55631924
4350,3,0,0.5875323
4351,0,0,0.5781193
4352,1,0,0.5763949
4353,1,0,0.5592385
4354,3,0,0.5654755
4355,0,0,0.56374043
4356,0,0,0.55583423
4357,2,0,0.64099187
4358,1,0,0.63409054
4359,1,0,0.6168362
4360,1,0,0.6249157
4361,1,0,0.6179948
4362,1,0,0.61997145
4363,0,0,0.6207834
4364,1,0,0.6206719
4365,0,0,0.64787793
4366,0,0,0.65920955
4367,3,0,0.6619307
4368,1,0,0.6722512
4369,0,0,0.6515286
4370,0,0,0.65334696
4371,0,0,0.656064
4372,3,0,0.6811785
4373,0,0,0.69472617
4374,1,0,0.70550656
4375,3,0,0.7162621
4376,1,0,0.72736025
4377,2,0,0.71710765
4378,1,0,0.7024394
4379,0,0,0.6965832
4380,2,0,0.68360007
4381,3,0,0.70650905
4382,1,0,0.6995093
4383,0,0,0.69628286
4384,2,0,0.6798515
4385,3,0,0.67823434
4386,0,0,0.6946818
4387,0,0,0.63793075
4388,0,0,0.6415079
4389,1,0,0.6342149
4390,0,0,0.6205004
4391,2,0,0.6406278
4392,2,0,0.63221544
4393,3,0,0.64881814
4394,0,0,0.63098854
4395,1,0,0.61313295
4396,0,0,0.5962523
4397,3,0,0.6045772
4398,0,0,0.61172086
4399,3,0,0.6251383
4400,1,0,0.6154833
4401,0,0,0.633376
4402,0,0,0.62964815
4403,0,0,0.6076105
4404,0,0,0.59959686
4405,1,0,0.6047079
4406,0,0,0.57970196
4407,0,0,0.57585806
4408,3,0,0.5695173
4409,0,0,0.56150156
4410,2,0,0.57019323
4411,1,0,0.5563687
4412,0,0,0.56863487
4413,0,0,0.5909223
4414,2,0,0.5883815
4415,0,0,0.6021781
4416,1,0,0.59101397
4417,0,0,0.58599687
4418,1,0,0.59585136
4419,0,0,0.6099027
4420,3,0,0.6128725
4421,3,0,0.6105599
4422,3,0,0.6316343
4423,3,0,0.6087839
4424,1,0,0.6104931
4425,2,0,0.6094972
4426,1,0,0.61568475
4427,0,0,0.6012032
4428,2,0,0.5854403
4429,1,0,0.58836025
4430,2,0,0.61028874
4431,1,0,0.59535384
4432,1,0,0.60262567
4433,1,0,0.6217105
4434,0,0,0.628438
4435,0,0,0.6151903
4436,0,0,0.6430979
4437,3,0,0.66189927
4438,2,0,0.67687833
4439,3,0,0.74339956
4440,2,0,0.74665564
4441,2,0,0.76653135
4442,0,0,0.7718191
4443,0,0,0.775542
4444,3,0,0.7950173
4445,0,0,0.8076866
4446,1,0,0.84886146
4447,1,0,0.87186146
4448,0,0,0.8823363
4449,0,0,0.8959657
4450,1,0,0.9412888
4451,0,0,0.9640255
4452,2,0,0.99273
4453,0,0,1.0199664
4454,1,0,1.050571
4455,1,0,1.1370645
4456,0,0,1.2264769
4457,1,0,1.2632878
4458,1,0,1.3206754
4459,2,0,1.399435
4460,0,0,1.4900613
4461,3,0,1.5284052
4462,1,0,1.5488645
4463,1,0,1.6471552
4464,0,0,1.7828827
4465,1,0,1.9426419
4466,2,0,2.0458124
4467,1,0,2.1903398
4468,1,0,2.420681
4469,3,0,2.586583
4470,0,0,2.6361647
4471,1,0,2.8804564
4472,0,0,3.0516589
4473,1,1,0.58641016
4474,1,1,0.59450376
4475,2,1,0.59746104
4476,0,1,0.59766066
4477,2,1,0.5833673
4478,2,1,0.59423614
4479,3,1,0.59665686
4480,2,1,0.5910362
4481,0,1,0.5881628
4482,0,1,0.5967794
4483,2,1,0.58447975
4484,0,1,0.6030282
4485,0,1,0.57719576
4486,0,1,0.59691447
4487,3,1,0.5772318
4488,1,1,0.5809982
4489,0,1,0.57591575
4490,2,1,0.5936269
4491,3,1,0.62423456
4492,1,1,0.61564654
4493,0,1,0.6140109
4494,2,1,0.6092256
4495,3,1,0.6323031
4496,1,1,0.62776834
4497,0,1,0.6149832
4498,1,1,0.61941075
4499,2,1,0.609874
4500,1,1,0.6305203
4501,2,1,0.6198353
4502,0,1,0.6013048
4503,0,1,0.6085219
4504,0,0,0.6068465
4505,1,0,0.6026416
4506,3,0,0.62561566
4507,2,0,0.63867515
4508,2,0,0.6293985
4509,1,0,0.6323254
4510,2,0,0.6583002
4511,1,0,0.68190014
4512,0,0,0.685548
4513,0,0,0.671008
4514,0,0,0.6570374
4515,1,0,0.6527909
4516,2,0,0.6472658
4517,1,0,0.6483458
4518,1,0,0.6465466
4519,3,0,0.6592092
4520,1,0,0.65449846
4521,1,0,0.6429506
4522,0,0,0.6682205
4523,2,0,0.67210454
4524,1,0,0.6807105
4525,1,0,0.68722224
4526,1,0,0.69014156
4527,3,0,0.6897522
4528,0,0,0.6765145
4529,2,0,0.6892179
4530,2,0,0.6937096
4531,2,0,0.69318295
4532,3,0,0.69154763
4533,0,0,0.6964053
4534,1,0,0.6852061
4535,0,0,0.7026102
4536,1,0,0.7084321
4537,3,0,0.702861
4538,0,0,0.72327393
4539,0,0,0.717291
4540,2,0,0.7143861
4541,1,0,0.6913523
4542,0,0,0.6862861
4543,2,0,0.7047615
4544,0,0,0.71570116
4545,1,0,0.7454295
4546,0,0,0.736935
4547,1,0,0.73631716
4548,3,0,0.7349625
4549,1,0,0.7233581
4550,1,0,0.704995
4551,0,0,0.69864345
4552,0,0,0.70531106
4553,0,0,0.7033411
4554,1,0,0.7077691
4555,3,0,0.6890392
4556,1,0,0.6890573
4557,1,0,0.67547244
4558,2,0,0.6933658
4559,0,0,0.6823181
4560,2,0,0.6629668
4561,0,0,0.6818717
4562,0,0,0.6805803
4563,1,0,0.6680078
4564,3,0,0.67281467
4565,3,0,0.6881896
4566,0,0,0.6944305
4567,3,0,0.7006839
4568,1,0,0.71271527
4569,2,0,0.72037536
4570,2,0,0.7307584
4571,2,0,0.7565626
4572,0,0,0.76128495
4573,2,0,0.7706199
4574,0,0,0.77004635
4575,0,0,0.76505417
4576,0,0,0.770083
4577,0,0,0.7794437
4578,0,0,0.7910027
4579,0,0,0.7895626
4580,1,0,0.81298006
4581,1,0,0.83617485
4582,0,0,0.83633703
4583,2,0,0.84731936
4584,1,0,0.83144695
4585,1,0,0.84618735
4586,1,0,0.8364717
4587,0,0,0.83570015
4588,0,0,0.83035415
4589,1,0,0.8458105
4590,0,0,0.84996873
4591,1,0,0.8396746
4592,1,0,0.84550697
4593,1,0,0.85210055
4594,1,0,0.8669396
4595,3,0,0.86559856
4596,0,0,0.87044036
4597,2,0,0.8598684
4598,2,0,0.8497511
4599,1,0,0.83558166
4600,2,0,0.83865404
4601,2,0,0.8330605
4602,0,0,0.8269196
4603,3,0,0.8171776
4604,0,0,0.82142025
4605,0,0,0.83075863
4606,3,0,0.8524752
4607,2,0,0.8521312
4608,3,0,0.84053886
4609,3,0,0.8673304
4610,1,0,0.86120695
4611,0,0,0.86900026
4612,1,0,0.88646203
4613,3,0,0.92359626
4614,1,0,0.96202236
4615,2,0,0.98414624
4616,0,0,1.0072097
4617,3,0,1.0179974
4618,0,0,1.0333258
4619,0,0,1.0395716
4620,1,0,1.071664
4621,0,0,1.0870458
4622,0,0,1.1045144
4623,0,0,1.116383
4624,0,0,1.108101
4625,2,0,1.1344825
4626,0,0,1.1438518
4627,0,0,1.158742
4628,3,0,1.1941001
4629,3,0,1.2177776
4630,0,0,1.2273079
4631,0,0,1.2562261
4632,1,0,1.2821388
4633,1,0,1.3204429
4634,3,0,1.3935637
4635,0,0,1.3979095
4636,1,0,1.4191082
4637,1,0,1.4516075
4638,0,0,1.4837816
4639,2,0,1.5196797
4640,1,0,1.590636
4641,0,0,1.6887139
4642,3,0,1.6747625
4643,0,0,1.6737138
4644,0,1,0.81708086
4645,1,1,0.82342803
4646,3,1,0.8313585
4647,0,1,0.82067454
4648,0,1,0.81934476
4649,2,1,0.8398414
4650,3,1,0.84189326
4651,1,1,0.83798665
4652,3,1,0.82786626
4653,0,1,0.8269511
4654,1,1,0.75938284
4655,0,1,0.77846825
4656,2,1,0.7751336
4657,0,1,0.78284186
4658,1,1,0.76808363
4659,0,1,0.7454872
4660,0,0,0.75320643
4661,3,0,0.7721733
4662,0,0,0.787674
4663,1,0,0.7770454
4664,2,0,0.7864924
4665,0,0,0.78686756
4666,3,0,0.7831045
4667,3,0,0.7866369
4668,0,0,0.806612
4669,0,0,0.799984
4670,1,0,0.7968785
4671,0,0,0.79483086
4672,1,0,0.81740916
4673,2,0,0.7951319
4674,1,0,0.7797079
4675,0,0,0.754816
4676,3,0,0.76384884
4677,3,0,0.7545155
4678,3,0,0.75209075
4679,2,0,0.7201464
4680,1,0,0.73992205
4681,1,0,0.73772717
4682,0,0,0.7273961
4683,1,0,0.71923673
4684,1,0,0.7360775
4685,0,0,0.70994097
4686,0,0,0.6900794
4687,3,0,0.65620327
4688,3,0,0.63301116
4689,1,0,0.63419217
4690,2,0,0.62569004
4691,3,0,0.63114125
4692,1,0,0.62864846
4693,0,0,0.6259666
4694,1,0,0.61556184
4695,2,0,0.614634
4696,0,0,0.6101905
4697,3,0,0.6253008
4698,1,0,0.5986743
4699,1,0,0.6222818
4700,0,0,0.6319049
4701,0,0,0.6296207
4702,0,0,0.6086766
4703,1,0,0.6041645
4704,3,0,0.59531224
4705,1,0,0.57844
4706,1,0,0.5958049
4707,2,0,0.60047716
4708,3,0,0.58989227
4709,0,0,0.5840572
4710,3,0,0.5586888
4711,1,0,0.56490856
4712,0,0,0.57407534
4713,0,0,0.5784742
4714,1,0,0.5514425
4715,1,0,0.563411
4716,0,0,0.5861766
4717,0,0,0.5780103
4718,2,0,0.591811
4719,3,0,0.59102196
4720,0,0,0.5844142
4721,2,0,0.5834939
4722,0,0,0.5641209
4723,3,0,0.5815248
4724,2,0,0.57738787
4725,0,0,0.5915701
4726,1,0,0.5769456
4727,1,0,0.5647717
4728,3,0,0.5692469
4729,0,0,0.5438208
4730,0,0,0.532145
4731,3,0,0.5211429
4732,0,0,0.54172105
4733,1,0,0.5453901
4734,3,0,0.5548235
4735,1,0,0.57382375
4736,2,0,0.5614914
4737,0,0,0.5774572
4738,3,0,0.58362657
4739,0,0,0.5954227
4740,3,0,0.60232806
4741,2,0,0.6009737
4742,0,0,0.60004264
4743,3,0,0.5945373
4744,0,0,0.61045724
4745,0,0,0.59818727
4746,1,0,0.6015764
4747,2,0,0.62580377
4748,0,0,0.62226975
4749,1,0,0.6197866
4750,1,0,0.6341016
4751,0,0,0.6434134
4752,3,0,0.66007227
4753,0,0,0.65578294
4754,2,0,0.69049823
4755,2,0,0.6881518
4756,0,0,0.71595883
4757,0,0,0.736749
4758,0,0,0.7540239
4759,2,0,0.78082234
4760,0,0,0.81073153
4761,3,0,0.8464783
4762,1,0,0.9260074
4763,2,0,0.9616958
4764,3,0,0.9921877
4765,1,0,1.015279
4766,3,1,0.99900997
4767,3,1,0.9982075
4768,0,1,1.0165123
4769,3,1,1.0312423
4770,0,1,1.096621
4771,2,1,1.0799006
4772,3,1,1.0633274
4773,0,1,1.0506439
4774,0,1,1.0400583
4775,3,1,1.0427685
4776,2,1,1.050563
4777,3,1,1.0475316
4778,2,1,1.0461231
4779,1,1,1.0280738
4780,0,1,0.9640839
4781,1,1,0.9595219
4782,0,1,0.95249635
4783,3,1,0.93804884
4784,0,1,0.876134
4785,3,1,0.8595934
4786,2,0,0.88831824
4787,0,0,0.9572644
4788,0,0,0.95007664
4789,1,0,0.92688423
4790,1,0,0.8647723
4791,1,0,0.88062966
4792,0,0,0.8739408
4793,3,0,0.87734556
4794,1,0,0.9014282
4795,2,0,0.8915582
4796,2,0,0.8305543
4797,3,0,0.8181374
4798,3,0,0.8190718
4799,0,0,0.8100846
4800,0,0,0.7413779
4801,0,0,0.75322175
4802,0,0,0.76487875
4803,0,0,0.7681744
4804,2,0,0.77648616
4805,1,0,0.7791973
4806,0,0,0.78429073
4807,2,0,0.77293897
4808,0,0,0.78519195
4809,0,0,0.7943184
4810,3,0,0.7854084
4811,2,0,0.7777881
4812,1,0,0.7843156
4813,1,0,0.79243
4814,0,0,0.78415644
4815,1,0,0.7866572
4816,1,0,0.7633003
4817,2,0,0.6990058
4818,1,0,0.71375626
4819,0,0,0.7267865
4820,1,0,0.73458374
4821,0,0,0.7145719
4822,0,0,0.7099145
4823,0,0,0.7082045
4824,0,0,0.67769104
4825,1,0,0.6745864
4826,3,0,0.72870564
4827,0,0,0.7316743
4828,3,0,0.7185962
4829,0,0,0.7064091
4830,2,0,0.9018189
4831,0,0,0.9015096
4832,0,0,0.887186
4833,0,0,0.8857512
4834,1,0,0.8901226
4835,2,0,0.86350775
4836,0,0,0.91881907
4837,3,0,0.93555
4838,2,0,0.920535
4839,0,0,0.9015035
4840,0,0,0.92092276
4841,0,0,0.9215177
4842,0,0,0.93715954
4843,0,0,0.91624135
4844,2,0,0.92704916
4845,1,0,0.9359003
4846,0,0,0.9568384
4847,3,0,0.95863384
4848,1,0,0.9435471
4849,3,0,0.931269
4850,0,0,0.9306101
4851,1,0,0.95160425
4852,0,0,0.9495991
4853,0,0,0.9436311
4854,0,0,0.9654784
4855,1,0,0.97839445
4856,1,0,0.9143519
4857,2,0,0.9175026
4858,1,0,0.92129534
4859,1,0,1.1220354
4860,1,0,0.9251088
4861,0,0,0.9069454
4862,0,0,0.91739607
4863,1,0,0.9180185
4864,1,0,0.90484244
4865,1,0,0.91339576
4866,2,0,0.83793217
4867,0,0,0.82298756
4868,1,0,0.822278
4869,1,0,0.8209743
4870,1,0,0.8198129
4871,0,0,0.815377
4872,0,0,0.8116557
4873,2,0,0.8437343
4874,0,0,0.84655714
4875,3,0,0.84608394
4876,2,0,0.8654088
4877,0,0,0.86423934
4878,3,0,0.88148755
4879,0,0,0.87413096
4880,2,0,0.85565746
4881,3,0,0.86213696
4882,3,0,0.88619053
4883,3,0,0.9006427
4884,1,0,0.9015313
4885,3,0,0.9177458
4886,0,0,0.9322984
4887,0,0,0.9450729
4888,1,0,0.9552267
4889,1,0,0.78701776
4890,2,0,0.79440516
4891,0,0,0.8294594
4892,1,0,0.841039
4893,0,0,0.8512445
4894,2,0,0.8658638
4895,3,0,0.904199
4896,0,0,0.970164
4897,2,0,1.015515
4898,1,0,1.0779897
4899,3,0,1.1047324
4900,3,0,1.1205783
4901,0,0,1.1549512
4902,0,0,1.1850549
4903,0,1,0.6378412
4904,0,1,0.6456532
4905,0,1,0.65595037
4906,3,1,0.6530515
4907,0,1,0.6388698
4908,3,1,0.6480602
4909,0,1,0.67211
4910,1,1,0.64856863
4911,0,1,0.6533075
4912,1,1,0.6378199
4913,0,1,0.6217068
4914,0,1,0.6161054
4915,1,1,0.61140484
4916,3,1,0.6275097
4917,1,1,0.63087994
4918,0,1,0.63270456
4919,1,1,0.6248468
4920,3,1,0.62877065
4921,3,1,0.6118481
4922,0,1,0.60334885
4923,0,1,0.58752275
4924,2,1,0.58465314
4925,1,1,0.5768083
4926,3,1,0.5539854
4927,1,1,0.5455748
4928,0,1,0.52220803
4929,0,1,0.55407137
4930,1,1,0.57551384
4931,1,1,0.5636403
4932,0,1,0.59948206
4933,3,1,0.618491
4934,0,1,0.6457428
4935,2,1,0.66138643
4936,0,1,0.6586063
4937,3,1,0.6703677
4938,0,1,0.6421345
4939,0,1,0.61481744
4940,0,1,0.61987936
4941,0,1,0.60529923
4942,0,1,0.6063153
4943,0,1,0.61696726
4944,1,1,0.6266493
4945,1,1,0.63528633
4946,1,1,0.61885655
4947,0,1,0.6127505
4948,0,1,0.62163687
4949,0,1,0.62513536
4950,2,1,0.63259876
4951,1,1,0.62529147
4952,0,1,0.62562275
4953,0,1,0.638977
4954,3,1,0.6621876
4955,0,1,0.66277987
4956,0,1,0.6603096
4957,1,1,0.6599383
4958,1,1,0.68179584
4959,1,1,0.6590846
4960,2,1,0.655064
4961,2,1,0.6497743
4962,2,1,0.65084296
4963,2,1,0.63607943
4964,1,1,0.61030906
4965,3,1,0.58599687
4966,3,1,0.60714686
4967,1,1,0.5943816
4968,0,1,0.58416206
4969,0,1,0.6537697
4970,2,1,0.6620056
4971,0,1,0.65609574
4972,0,1,0.6633132
4973,2,1,0.667696
4974,2,1,0.6523881
4975,1,1,0.6484705
4976,1,0,0.65011287
4977,1,0,0.6583504
4978,2,0,0.6537366
4979,0,0,0.6441248
4980,1,0,0.6328089
4981,3,0,0.65696406
4982,2,0,0.6733094
4983,0,0,0.6595006
4984,1,0,0.64027244
4985,2,0,0.652545
4986,0,0,0.65842646
4987,0,0,0.6818922
4988,3,0,0.6568411
4989,3,0,0.6648289
4990,0,0,0.65104485
4991,1,0,0.63824666
4992,3,0,0.6177859
4993,0,0,0.6060619
4994,0,0,0.6040329
4995,0,0,0.59726894
4996,1,0,0.57758576
4997,0,0,0.5826632
4998,3,0,0.62527496
4999,1,0,0.554473
5000,3,0,0.53647447
5001,0,0,0.54751
5002,2,0,0.54142743
5003,1,0,0.5168692
5004,0,0,0.545987
5005,3,0,0.53892976
5006,3,0,0.56376886
5007,2,0,0.54509026
5008,2,0,0.5487397
5009,0,0,0.5723697
5010,0,0,0.58973765
5011,1,0,0.5618475
5012,0,0,0.5489268
5013,0,0,0.55015594
5014,2,0,0.55574024
5015,3,0,0.546033
5016,0,0,0.55099577
5017,3,0,0.5328264
5018,1,0,0.55209947
5019,3,0,0.5357295
5020,0,0,0.5398522
5021,2,0,0.540644
5022,1,0,0.54873574
5023,0,0,0.56159467
5024,0,0,0.558768
5025,2,0,0.56236506
5026,0,0,0.5785334
5027,0,0,0.55550784
5028,0,0,0.5317449
5029,2,0,0.5345477
5030,1,0,0.54129505
5031,1,0,0.55481344
5032,1,0,0.56693137
5033,2,0,0.583174
5034,0,0,0.56736445
5035,2,0,0.63961506
5036,0,0,0.6353173
5037,1,0,0.65549546
5038,2,0,0.6455359
5039,0,0,0.6396641
5040,0,0,0.61930263
5041,2,0,0.63703126
5042,0,0,0.64077973
5043,0,0,0.65448827
5044,3,0,0.64508736
5045,1,0,0.6499049
5046,1,0,0.6393413
5047,0,0,0.619895
5048,2,0,0.6195236
5049,0,0,0.6465915
5050,1,0,0.6622596
5051,1,0,0.65125823
5052,0,0,0.65515554
5053,1,0,0.64374477
5054,0,0,0.6673561
5055,1,0,0.66781795
5056,0,0,0.67397517
5057,1,0,0.6751
5058,2,0,0.69248253
5059,0,0,0.6911754
5060,0,0,0.68395376
5061,2,0,0.69133395
5062,1,0,0.679781
5063,0,0,0.676316
5064,1,0,0.70075095
5065,3,0,0.63280463
5066,2,0,0.62624776
5067,0,0,0.6612105
5068,0,0,0.66280985
5069,3,0,0.65120363
5070,0,0,0.66543883
5071,3,0,0.65547824
5072,1,0,0.6452108
5073,0,0,0.63235086
5074,3,0,0.65102196
5075,0,0,0.7164492
5076,0,0,0.7297917
5077,0,0,0.7300339
5078,0,0,0.72211885
5079,0,0,0.71160907
5080,0,0,0.7150676
5081,0,0,0.7322009
5082,0,0,0.7327114
5083,0,0,0.725382
5084,1,0,0.77074957
5085,0,0,0.7775915
5086,3,0,0.76865363
5087,0,0,0.79034513
5088,1,0,0.789196
5089,0,0,0.8092956
5090,1,0,0.8162882
5091,3,0,0.8052048
5092,0,0,0.8008104
5093,1,0,0.7782247
5094,0,0,0.7478089
5095,1,0,0.7577285
5096,0,0,0.7466357
5097,2,0,0.7084931
5098,0,0,0.7248205
5099,0,0,0.7408464
5100,1,0,0.75099677
5101,1,0,0.7528335
5102,1,0,0.78006613
5103,0,0,0.78661555
5104,3,0,0.7954777
5105,1,0,0.7319491
5106,3,0,0.71622837
5107,2,0,0.7376907
5108,2,0,0.74268097
5109,1,0,0.74151886
5110,3,0,0.72310716
5111,1,0,0.7324614
5112,1,0,0.7369536
5113,1,0,0.75077814
5114,0,0,0.6954272
5115,0,0,0.7172397
5116,0,0,0.7245259
5117,0,0,0.7035528
5118,1,0,0.69508153
5119,0,0,0.69066083
5120,2,0,0.6956222
5121,1,0,0.70125115
5122,0,0,0.72579634
5123,0,0,0.7528377
5124,3,0,0.76579636
5125,0,0,0.7465859
5126,0,0,0.7718613
5127,0,0,0.7650097
5128,1,0,0.7749864
5129,0,0,0.76618993
5130,0,0,0.7554204
5131,3,0,0.7810257
5132,3,0,0.769937
5133,3,0,0.7806378
5134,2,0,0.7820479
5135,1,0,0.8005439
5136,2,0,0.8070956
5137,1,0,0.81399864
5138,2,0,0.8201471
5139,3,0,0.82290405
5140,1,0,0.81988895
5141,0,0,0.7911441
5142,0,0,0.81780463
5143,0,0,0.82864285
5144,1,0,0.83353686
5145,0,0,0.8146517
5146,1,0,0.8014918
5147,1,0,0.82410043
5148,1,0,0.84503347
5149,1,0,0.8448003
5150,2,0,0.86556995
5151,1,0,0.8634032
5152,0,0,0.8585086
5153,1,0,0.8760198
5154,2,0,0.8833614
5155,2,0,0.9019788
5156,3,0,0.9027237
5157,0,0,0.91730374
5158,1,0,0.910553
5159,0,0,0.9264999
5160,0,0,0.9316446
5161,2,0,0.9270864
5162,0,0,0.9285438
5163,1,0,0.9261016
5164,2,0,0.93010426
5165,3,0,0.9279139
5166,1,0,0.95729816
5167,0,0,0.9627524
5168,0,0,0.98347247
5169,1,0,0.9941169
5170,3,0,1.0297891
5171,1,0,1.0662514
5172,1,0,1.0566794
5173,1,0,1.0692549
5174,0,0,1.0719959
5175,1,0,1.1185019
5176,0,0,1.133945
5177,0,0,1.1457052
5178,0,0,1.1417593
5179,0,0,1.148684
5180,3,0,1.1757686
5181,1,0,1.2181228
5182,2,0,1.2453912
5183,2,0,1.2379805
5184,3,0,1.2527329
5185,0,0,1.2891414
5186,0,0,1.3191503
5187,0,0,1.3222116
5188,1,0,1.3598661
5189,0,0,1.3621485
5190,0,0,1.3849347
5191,0,0,1.4298626
5192,1,0,1.4973183
5193,0,0,1.5606971
5194,0,0,1.5861181
5195,0,0,1.6462021
5196,0,0,1.7061377
5197,1,0,1.7585638
5198,1,0,1.8375273
5199,3,0,1.8977565
5200,2,0,1.9902824
5201,1,0,1.993156
5202,2,0,2.0314682
5203,1,0,2.072497
5204,0,0,2.1008182
5205,0,0,2.108871
5206,3,0,2.2525437
5207,0,0,2.3152618
5208,0,0,2.4051888
5209,2,0,2.51519
5210,2,0,2.5088816
5211,2,0,2.4859166
5212,0,0,2.6306226
5213,2,0,2.731022
5214,3,0,2.8958118
5215,0,0,2.9754643
5216,0,0,2.9729931
5217,2,1,0.80235565
5218,0,1,0.8300914
5219,3,1,0.81165725
5220,0,1,0.80106974
5221,1,1,0.83550036
5222,2,1,0.82991296
5223,3,1,0.82638025
5224,3,1,0.82524925
5225,0,1,0.81878567
5226,1,1,0.82748705
5227,0,1,0.81357133
5228,1,1,0.8171974
5229,0,1,0.82825124
5230,1,1,0.8281888
5231,0,1,0.83188653
5232,1,1,0.8385245
5233,0,1,0.85984963
5234,1,1,0.8305458
5235,0,1,0.8288878
5236,1,1,0.8071933
5237,0,1,0.80461967
5238,3,1,0.60244447
5239,3,1,0.6171079
5240,1,1,0.6423037
5241,0,1,0.6411273
5242,2,1,0.6414159
5243,0,1,0.64913285
5244,2,1,0.63441604
5245,2,1,0.6071384
5246,3,1,0.5961451
5247,1,1,0.5887422
5248,3,1,0.5934897
5249,0,1,0.58704025
5250,2,1,0.5747828
5251,1,1,0.55280423
5252,3,1,0.54140663
5253,1,1,0.53415716
5254,1,1,0.54060566
5255,2,1,0.5652333
5256,0,1,0.5474784
5257,2,1,0.5421199
5258,2,1,0.5377363
5259,3,1,0.52303
5260,2,1,0.5194069
5261,1,1,0.5141171
5262,0,1,0.51874685
5263,2,1,0.51658016
5264,0,1,0.52234054
5265,2,1,0.5193321
5266,3,1,0.510815
5267,2,1,0.5105024
5268,0,1,0.51596105
5269,0,1,0.50748897
5270,2,1,0.49609578
5271,3,1,0.56574124
5272,2,0,0.56398684
5273,0,0,0.5699291
5274,2,0,0.5668952
5275,0,0,0.57419074
5276,3,0,0.5804812
5277,1,0,0.5757333
5278,0,0,0.57009864
5279,2,0,0.58176786
5280,2,0,0.5845946
5281,3,0,0.6026818
5282,2,0,0.6173512
5283,0,0,0.61990917
5284,0,0,0.6168121
5285,0,0,0.5955708
5286,1,0,0.5976763
5287,1,0,0.61586237
5288,3,0,0.6223749
5289,2,0,0.62414354
5290,1,0,0.641719
5291,0,0,0.66301996
5292,0,0,0.65510494
5293,0,0,0.6380609
5294,3,0,0.65030384
5295,1,0,0.66500765
5296,1,0,0.70180315
5297,2,0,0.69905543
5298,3,0,0.7230904
5299,3,0,0.7171244
5300,3,0,0.7306549
5301,1,0,0.65922403
5302,0,0,0.64659566
5303,0,0,0.6229207
5304,1,0,0.6495919
5305,1,0,0.64579374
5306,0,0,0.63397
5307,0,0,0.64945376
5308,1,0,0.6288011
5309,1,0,0.63211644
5310,0,0,0.6348104
5311,1,0,0.63685286
5312,1,0,0.6301837
5313,0,0,0.6580228
5314,1,0,0.66303945
5315,1,0,0.678021
5316,1,0,0.67658573
5317,3,0,0.6823434
5318,0,0,0.69298977
5319,3,0,0.69375783
5320,1,0,0.67565167
5321,1,0,0.6601406
5322,0,0,0.67568433
5323,2,0,0.6934611
5324,3,0,0.67335933
5325,1,0,0.6675914
5326,2,0,0.6620464
5327,1,0,0.66189003
5328,0,0,0.65246636
5329,1,0,0.6499043
5330,3,0,0.6516668
5331,0,0,0.6494004
5332,1,0,0.64520216
5333,0,0,0.65329874
5334,0,0,0.6458098
5335,0,0,0.6654413
5336,1,0,0.6557669
5337,2,0,0.64559084
5338,3,0,0.65891355
5339,0,0,0.66906154
5340,1,0,0.67845035
5341,1,0,0.67985606
5342,3,0,0.6968231
5343,0,0,0.6830191
5344,1,0,0.6827299
5345,1,0,0.6661073
5346,1,0,0.6844944
5347,2,0,0.6800755
5348,1,0,0.6692852
5349,1,0,0.68383354
5350,0,0,0.6898658
5351,0,0,0.68993783
5352,3,0,0.68212056
5353,1,0,0.66633785
5354,0,0,0.67717713
5355,1,0,0.67921996
5356,0,0,0.6820563
5357,3,0,0.66627204
5358,0,0,0.6564041
5359,3,0,0.65937686
5360,1,0,0.6617914
5361,1,0,0.6650161
5362,0,0,0.6623371
5363,0,0,0.6653658
5364,0,0,0.6724573
5365,3,0,0.66789085
5366,3,0,0.6821617
5367,0,0,0.68615943
5368,0,0,0.6925947
5369,1,0,0.6998158
5370,1,0,0.71124774
5371,3,0,0.7193455
5372,3,0,0.7056747
5373,0,0,0.7049549
5374,1,0,0.7178508
5375,1,0,0.7250974
5376,1,0,0.73084205
5377,0,0,0.71832716
5378,0,0,0.7275834
5379,2,0,0.7029154
5380,1,0,0.7024922
5381,0,0,0.70175064
5382,0,0,0.7295833
5383,0,0,0.74168634
5384,0,0,0.7493814
5385,0,0,0.7463241
5386,0,0,0.72676253
5387,2,0,0.733719
5388,1,0,0.7442888
5389,3,0,0.7660098
5390,1,0,0.7762586
5391,0,0,0.7879281
5392,1,0,0.7749994
5393,2,0,0.7843364
5394,3,0,0.7665086
5395,2,0,0.7600585
5396,0,0,0.7480734
5397,1,0,0.76011217
5398,0,0,0.7457054
5399,1,0,0.73061574
5400,2,0,0.72265506
5401,0,0,0.72120154
5402,0,0,0.73891443
5403,1,0,0.74617636
5404,1,0,0.73730093
5405,0,0,0.747339
5406,0,0,0.7382354
5407,3,0,0.74605525
5408,0,0,0.7357798
5409,0,0,0.7556326
5410,2,0,0.77969944
5411,3,0,0.79248434
5412,0,0,0.7962881
5413,0,0,0.79463077
5414,1,0,0.8217606
5415,0,0,0.8221825
5416,2,0,0.8469705
5417,0,0,0.8588791
5418,2,0,0.8682663
5419,2,0,0.8766036
5420,2,0,0.88747114
5421,0,0,0.8707911
5422,3,0,0.8853133
5423,1,0,0.9195112
5424,3,0,0.96242887
5425,0,0,0.97775084
5426,0,0,0.9911239
5427,2,0,1.0011762
5428,0,0,1.053293
5429,0,0,1.07204
5430,2,0,1.0946385
5431,1,0,1.0911256
5432,0,0,1.1175271
5433,2,0,1.1342351
5434,0,0,1.152713
5435,1,0,1.1722476
5436,0,0,1.1999229
5437,3,0,1.2251476
5438,3,0,1.295092
5439,0,0,1.2940899
5440,1,0,1.2843707
5441,1,0,1.3005707
5442,3,0,1.2937225
5443,0,0,1.3126774
5444,0,0,1.2954696
5445,1,0,1.3129917
5446,3,0,1.3848073
5447,0,0,1.4672712
5448,1,0,1.539206
5449,1,0,1.5609834
5450,1,0,1.610869
5451,0,0,1.6796484
5452,3,0,1.723582
5453,0,0,1.7452377
5454,1,0,1.7467289
5455,1,0,1.8030578
5456,0,0,1.8629922
5457,0,0,1.8831939
5458,1,0,1.8726649
5459,1,0,1.9107344
5460,3,0,1.9599649
5461,3,0,2.079909
5462,3,0,2.0710201
5463,0,0,2.1365964
5464,2,0,2.150365
5465,3,0,2.1600957
5466,0,0,2.1720994
5467,0,0,2.1848633
5468,0,0,2.143819
5469,3,1,0.55682874
5470,1,1,0.556262
5471,3,1,0.5618035
5472,1,1,0.54207057
5473,2,1,0.55242914
5474,3,1,0.5700707
5475,0,1,0.55327284
5476,3,1,0.5594053
5477,0,1,0.60292506
5478,0,1,0.6098621
5479,0,1,0.6136428
5480,0,1,0.60184175
5481,0,1,0.588339
5482,3,1,0.6164368
5483,1,1,0.6210115
5484,1,1,0.61368287
5485,1,1,0.594883
5486,0,1,0.5813617
5487,3,1,0.6194502
5488,0,1,0.6169605
5489,0,1,0.60790753
5490,0,1,0.6007462
5491,0,1,0.5727443
5492,1,1,0.5718565
5493,1,1,0.57603747
5494,0,1,0.5727745
5495,0,1,0.5439215
5496,1,1,0.5426076
5497,1,1,0.5430741
5498,0,0,0.5355624
5499,3,0,0.5633698
5500,1,0,0.5530997
5501,1,0,0.55273145
5502,2,0,0.5498512
5503,2,0,0.57180154
5504,0,0,0.54593146
5505,2,0,0.54917455
5506,3,0,0.52751637
5507,1,0,0.4982286
5508,0,0,0.52210337
5509,3,0,0.51247317
5510,2,0,0.5144606
5511,3,0,0.5028747
5512,0,0,0.4820731
5513,1,0,0.47478318
5514,0,0,0.47382087
5515,3,0,0.46979362
5516,0,0,0.48916873
5517,1,0,0.4664646
5518,0,0,0.45507914
5519,1,0,0.48079067
5520,1,0,0.4894526
5521,2,0,0.50567245
5522,1,0,0.51607764
5523,3,0,0.5139578
5524,0,0,0.52021223
5525,0,0,0.5219764
5526,0,0,0.5622525
5527,3,0,0.5890198
5528,0,0,0.5825974
5529,3,0,0.56092674
5530,0,0,0.59401214
5531,2,0,0.6125145
5532,3,0,0.63464284
5533,0,0,0.64601976
5534,2,0,0.67083544
5535,1,0,0.6870964
5536,1,0,0.6846887
5537,1,0,0.6896577
5538,1,0,0.6905995
5539,2,0,0.69441473
5540,0,0,0.6900181
5541,1,0,0.686572
5542,0,0,0.69459313
5543,0,0,0.6957875
5544,0,0,0.687432
5545,1,0,0.6850499
5546,0,0,0.6628012
5547,1,0,0.6651627
5548,0,0,0.66733795
5549,0,0,0.6817359
5550,0,0,0.684149
5551,3,0,0.68548334
5552,1,0,0.6785447
5553,0,0,0.70127594
5554,0,0,0.68782765
5555,3,0,0.7032029
5556,1,0,0.69283086
5557,0,0,0.6743005
5558,2,0,0.6678562
5559,3,0,0.66706556
5560,3,0,0.63430303
5561,0,0,0.6090416
5562,0,0,0.57998025
5563,0,0,0.5809028
5564,1,0,0.5841124
5565,1,0,0.5823742
5566,0,0,0.5570857
5567,0,0,0.5509984
5568,3,0,0.5414545
5569,1,0,0.5484717
5570,1,0,0.56504416
5571,0,0,0.5614958
5572,0,0,0.54551655
5573,3,0,0.5387182
5574,3,0,0.56398255
5575,0,0,0.5920867
5576,3,0,0.6099992
5577,1,0,0.6144505
5578,0,0,0.61895883
5579,0,0,0.61267
5580,3,0,0.60442096
5581,3,0,0.5958765
5582,0,0,0.61242586
5583,1,0,0.5974332
5584,1,0,0.5980184
5585,2,0,0.5963322
5586,2,0,0.5818635
5587,2,0,0.6043929
5588,1,0,0.6221343
5589,0,0,0.62744373
5590,0,0,0.64510244
5591,0,0,0.6429139
5592,0,0,0.6554223
5593,1,0,0.65103114
5594,0,0,0.6635552
5595,0,0,0.6639465
5596,1,0,0.67616665
5597,0,0,0.6968166
5598,2,0,0.71441925
5599,1,0,0.71937346
5600,2,0,0.73453504
5601,0,0,0.7519387
5602,0,0,0.7649677
5603,0,0,0.78514385
5604,1,0,0.7802027
5605,2,0,0.7807169
5606,2,0,0.77221197
5607,0,0,0.83585876
5608,2,0,0.8512324
5609,3,0,0.8532328
5610,0,0,0.86803675
5611,1,0,0.90485764
5612,1,0,0.91321033
5613,3,0,0.93354577
5614,0,0,0.98737985
5615,3,0,1.006589
5616,0,0,1.0756016
5617,1,0,1.0980734
5618,0,0,1.1552126
5619,0,0,1.1809373
5620,0,0,1.2082887
5621,0,0,1.2463955
5622,1,0,1.3338221
5623,1,0,1.3543168
5624,1,0,1.3893554
5625,0,0,1.419032
5626,2,0,1.4481384
5627,0,0,1.498929
5628,2,0,1.5322763
5629,0,0,1.5865016
5630,3,0,1.7069123
5631,0,0,1.7371268
5632,3,0,1.7761552
5633,0,0,1.7929668
5634,2,0,1.862761
5635,0,1,0.8329423
5636,3,1,0.80550045
5637,3,1,0.7904626
5638,0,1,0.8106329
5639,0,1,0.8201452
5640,1,1,0.84806734
5641,1,1,0.8432794
5642,1,1,0.79365224
5643,3,1,0.7852924
5644,1,1,0.78153914
5645,2,1,0.7627719
5646,1,1,0.7694721
5647,3,1,0.7876498
5648,1,1,0.7969933
5649,1,1,0.81961185
5650,0,1,0.8432557
5651,2,1,0.86327505
5652,1,1,0.8518164
5653,2,1,0.84885603
5654,1,1,0.84666806
5655,2,1,0.842988
5656,1,1,0.81954277
5657,1,1,0.80417615
5658,0,1,0.7995202
5659,0,1,0.77486974
5660,2,1,0.76215804
5661,3,1,0.7949369
5662,1,1,0.7835091
5663,0,1,0.7799727
5664,1,1,0.7653242
5665,1,1,0.7519831
5666,3,1,0.7549056
5667,3,0,0.73648596
5668,1,0,0.7170221
5669,1,0,0.7058336
5670,3,0,0.70213956
5671,0,0,0.70266104
5672,3,0,0.68322533
5673,0,0,0.67690575
5674,0,0,0.67372733
5675,0,0,0.6662918
5676,0,0,0.66325647
5677,0,0,0.64492136
5678,0,0,0.6320822
5679,3,0,0.6347458
5680,1,0,0.6061258
5681,0,0,0.57752955
5682,0,0,0.57299685
5683,1,0,0.5809243
5684,2,0,0.5534932
5685,1,0,0.57082003
5686,0,0,0.60917586
5687,0,0,0.6441829
5688,3,0,0.6349315
5689,0,0,0.661072
5690,3,0,0.65495807
5691,1,0,0.62512743
5692,3,0,0.6626354
5693,1,0,0.6739925
5694,1,0,0.7017714
5695,2,0,0.6947949
5696,3,0,0.69215864
5697,1,0,0.6873997
5698,3,0,0.69468224
5699,1,0,0.7053313
5700,0,0,0.69181204
5701,0,0,0.68689096
5702,0,0,0.71908647
5703,1,0,0.72158104
5704,0,0,0.74075776
5705,0,0,0.7581797
5706,0,0,0.7488052
5707,3,0,0.7327838
5708,0,0,0.72214985
5709,0,0,0.71389264
5710,1,0,0.7205852
5711,1,0,0.73416656
5712,3,0,0.74346393
5713,1,0,0.730559
5714,3,0,0.7514082
5715,1,0,0.74249643
5716,0,0,0.73955363
5717,0,0,0.7149333
5718,0,0,0.70281166
5719,1,0,0.68484294
5720,2,0,0.6803777
5721,3,0,0.67751485
5722,3,0,0.67925185
5723,2,0,0.662743
5724,2,0,0.648991
5725,1,0,0.64938235
5726,1,0,0.63462687
5727,2,0,0.6224907
5728,0,0,0.59486896
5729,1,0,0.5770013
5730,1,0,0.61016417
5731,0,0,0.5977748
5732,0,0,0.57434684
5733,0,0,0.55918807
5734,2,0,0.5604518
5735,2,0,0.54968613
5736,0,0,0.5447526
5737,0,0,0.5754125
5738,1,0,0.5773432
5739,0,0,0.5769542
5740,3,0,0.5558647
5741,0,0,0.537721
5742,0,0,0.5166984
5743,0,0,0.5115086
5744,0,0,0.49645215
5745,3,0,0.5109865
5746,0,0,0.5198903
5747,0,0,0.5192616
5748,0,0,0.5161845
5749,1,0,0.5206186
5750,3,0,0.51450896
5751,0,0,0.51294005
5752,0,0,0.5189379
5753,0,0,0.5301915
5754,3,0,0.51706517
5755,3,0,0.51995724
5756,2,0,0.5510691
5757,3,0,0.54954225
5758,1,0,0.55024266
5759,1,0,0.56215304
5760,0,0,0.53701055
5761,0,0,0.57070106
5762,3,0,0.5692592
5763,1,0,0.6036987
5764,0,0,0.60345894
5765,0,0,0.6132105
5766,1,0,0.61472064
5767,1,0,0.60075235
5768,2,0,0.59573376
5769,0,0,0.59733796
5770,1,0,0.61565083
5771,0,0,0.61240727
5772,2,0,0.62978125
5773,1,0,0.6478614
5774,3,0,0.63986707
5775,0,0,0.6424057
5776,0,0,0.6347884
5777,0,0,0.6429407
5778,0,0,0.663261
5779,1,0,0.6546298
5780,2,0,0.6750377
5781,0,0,0.680083
5782,2,0,0.67554474
5783,0,0,0.67862123
5784,1,0,0.6893567
5785,2,0,0.69539803
5786,1,0,0.68511534
5787,0,0,0.68768495
5788,2,0,0.7018269
5789,1,0,0.7134768
5790,3,0,0.71965146
5791,3,0,0.7039941
5792,2,0,0.74106187
5793,2,0,0.761489
5794,1,0,0.7593836
5795,0,0,0.77655923
5796,0,0,0.7932173
5797,1,0,0.83520275
5798,0,0,0.8558895
5799,0,0,0.89648175
5800,2,0,0.91097105
5801,0,0,0.942903
5802,0,0,0.94673353
5803,3,0,0.94306254
5804,0,0,0.95296884
5805,0,0,0.9587536
5806,0,0,1.0060354
5807,2,0,1.0623031
5808,1,0,1.1168683
5809,0,0,1.2259719
5810,1,0,1.2460027
5811,1,1,0.6064207
5812,1,1,0.62764215
5813,0,1,0.6289773
5814,0,1,0.6652326
5815,0,1,0.66880834
5816,2,1,0.6607899
5817,1,1,0.66510636
5818,0,1,0.65296793
5819,0,1,0.64619154
5820,0,1,0.6152139
5821,1,1,0.5912902
5822,1,1,0.592276
5823,2,1,0.5876593
5824,3,1,0.5836408
5825,1,1,0.5964666
5826,0,1,0.585963
5827,3,1,0.5770502
5828,0,1,0.5613603
5829,3,1,0.5360935
5830,0,1,0.54473174
5831,1,1,0.5424332
5832,2,1,0.55933404
5833,1,1,0.54223543
5834,3,1,0.5677308
5835,3,1,0.5966527
5836,3,1,0.5901182
5837,3,1,0.5733486
5838,2,1,0.5882604
5839,1,1,0.58427995
5840,1,0,0.58185124
5841,1,0,0.5689268
5842,0,0,0.5497385
5843,0,0,0.53039587
5844,1,0,0.5106179
5845,3,0,0.5435984
5846,1,0,0.5417616
5847,3,0,0.5241708
5848,0,0,0.5478544
5849,1,0,0.55777067
5850,3,0,0.5893779
5851,3,0,0.5895061
5852,0,0,0.59026146
5853,0,0,0.5941094
5854,3,0,0.6109703
5855,0,0,0.61040187
5856,3,0,0.6137517
5857,0,0,0.61042374
5858,1,0,0.6146573
5859,0,0,0.6365355
5860,3,0,0.6410402
5861,0,0,0.6392541
5862,1,0,0.63431555
5863,0,0,0.6405121
5864,0,0,0.61603856
5865,3,0,0.6247699
5866,3,0,0.6329042
5867,0,0,0.63084686
5868,1,0,0.60536397
5869,1,0,0.62951505
5870,1,0,0.6278594
5871,2,0,0.62441766
5872,2,0,0.62312233
5873,1,0,0.6203038
5874,1,0,0.62794167
5875,0,0,0.62653357
5876,1,0,0.63974327
5877,1,0,0.63323987
5878,2,0,0.6356518
5879,0,0,0.62163335
5880,2,0,0.592463
5881,0,0,0.6221129
5882,0,0,0.6281234
5883,1,0,0.63456255
5884,3,0,0.6479726
5885,3,0,0.64817584
5886,0,0,0.64470154
5887,0,0,0.6539612
5888,1,0,0.6421576
5889,0,0,0.6220103
5890,1,0,0.6011044
5891,2,0,0.5964737
5892,1,0,0.5749617
5893,1,0,0.55407184
5894,0,0,0.57060385
5895,1,0,0.54297465
5896,0,0,0.5486036
5897,3,0,0.5600441
5898,0,0,0.5612946
5899,1,0,0.54454297
5900,1,0,0.5616348
5901,1,0,0.5585866
5902,3,0,0.5711194
5903,2,0,0.57341784
5904,3,0,0.5586043
5905,0,0,0.5516426
5906,2,0,0.5387888
5907,2,0,0.5633048
5908,1,0,0.55100536
5909,2,0,0.5382267
5910,1,0,0.5326546
5911,1,0,0.51331747
5912,0,0,0.51619816
5913,3,0,0.53516513
5914,1,0,0.51057553
5915,2,0,0.4909987
5916,1,0,0.4769213
5917,3,0,0.49650264
5918,0,0,0.52124816
5919,1,0,0.5496165
5920,0,0,0.57026744
5921,1,0,0.5861992
5922,2,0,0.59503037
5923,3,0,0.60248804
5924,3,0,0.59219587
5925,0,0,0.6157988
5926,1,0,0.62187535
5927,1,0,0.6218858
5928,3,0,0.6319274
5929,2,0,0.64877445
5930,0,0,0.6404965
5931,0,0,0.64818084
5932,1,0,0.63678855
5933,0,0,0.64873797
5934,1,0,0.66358346
5935,1,0,0.6619312
5936,2,0,0.67074883
5937,0,0,0.6840523
5938,3,0,0.703287
5939,1,0,0.72908264
5940,0,0,0.749492
5941,1,0,0.77192146
5942,3,0,0.77577794
5943,1,0,0.7776156
5944,0,0,0.7941634
5945,0,0,0.810113
5946,3,0,0.8871307
5947,1,0,0.91070205
5948,2,0,0.9255034
5949,3,0,0.94041896
5950,0,0,0.9524299
5951,0,0,0.96043354
5952,1,0,0.99159634
5953,1,0,1.0150323
5954,1,0,1.0453347
5955,1,0,1.0565923
5956,1,0,1.0978175
5957,1,0,1.1087185
5958,0,0,1.1792548
5959,0,0,1.1909467
5960,0,0,1.2261388
5961,3,0,1.27105
5962,3,0,1.3505598
5963,0,0,1.3825465
5964,0,0,1.4290807
5965,1,0,1.512765
5966,0,0,1.6108556
5967,1,0,1.6806129
5968,0,0,1.710319
5969,1,0,1.8075587
5970,3,0,1.8830907
5971,1,0,1.988611
5972,0,0,2.100479
5973,1,0,2.1251764
5974,0,0,2.246287
5975,0,0,2.3657203
5976,2,0,2.3385756
5977,0,0,2.4546213
5978,2,1,0.60465914
5979,3,1,0.62318957
5980,3,1,0.6357501
5981,1,1,0.6209762
5982,0,1,0.603136
5983,1,1,0.60667145
5984,0,1,0.636066
5985,2,1,0.63511354
5986,2,1,0.63642347
5987,0,1,0.6487633
5988,0,1,0.6667618
5989,0,1,0.6566759
5990,1,1,0.67591065
5991,1,1,0.73144114
5992,0,1,0.7328217
5993,1,1,0.719832
5994,2,1,0.73349386
5995,0,1,0.74285567
5996,1,1,0.7353302
5997,0,1,0.7340296
5998,0,1,0.74510497
5999,0,1,0.7510308
6000,1,1,0.75414497
6001,1,1,0.7684294
6002,1,1,0.77891755
6003,0,1,0.7951547
6004,0,1,0.7944071
6005,0,1,0.78509426
6006,0,1,0.7866592
6007,0,1,0.7665052
6008,0,1,0.73996145
6009,0,0,0.727699
6010,3,0,0.73402095
6011,1,0,0.7277212
6012,1,0,0.7363869
6013,0,0,0.7515488
6014,0,0,0.7443256
6015,1,0,0.7438564
6016,0,0,0.75180423
6017,0,0,0.7451993
6018,3,0,0.73750824
6019,1,0,0.75285715
6020,1,0,0.74193287
6021,2,0,0.6721621
6022,3,0,0.68222886
6023,0,0,0.6838414
6024,1,0,0.6623051
6025,3,0,0.6653462
6026,0,0,0.6624465
6027,1,0,0.6624016
6028,1,0,0.648479
6029,0,0,0.6177796
6030,0,0,0.6214852
6031,0,0,0.60831213
6032,0,0,0.61263233
6033,0,0,0.60775435
6034,1,0,0.6091636
6035,0,0,0.5954956
6036,0,0,0.58154887
6037,0,0,0.60392565
6038,2,0,0.62107706
6039,0,0,0.6181073
6040,2,0,0.6080559
6041,1,0,0.6123328
6042,2,0,0.5825593
6043,3,0,0.5873428
6044,0,0,0.57570916
6045,2,0,0.5735183
6046,0,0,0.5639215
6047,2,0,0.5609702
6048,3,0,0.55409276
6049,0,0,0.5244315
6050,0,0,0.5307309
6051,1,0,0.53646606
6052,1,0,0.5181459
6053,3,0,0.5146767
6054,0,0,0.5163366
6055,3,0,0.53089285
6056,3,0,0.54236645
6057,0,0,0.52568835
6058,0,0,0.523235
6059,2,0,0.5431412
6060,1,0,0.56756455
6061,0,0,0.5692904
6062,0,0,0.580369
6063,3,0,0.5839356
6064,1,0,0.59568554
6065,2,0,0.6072501
6066,3,0,0.6136511
6067,3,0,0.5925495
6068,3,0,0.57359684
6069,1,0,0.5780368
6070,3,0,0.6032213
6071,0,0,0.6048722
6072,2,0,0.6065913
6073,1,0,0.5834941
6074,0,0,0.611884
6075,0,0,0.6250878
6076,1,0,0.64685225
6077,0,0,0.65448123
6078,1,0,0.6608166
6079,1,0,0.68912625
6080,1,0,0.69758654
6081,0,0,0.691234
6082,0,0,0.6994411
6083,0,0,0.7058304
6084,1,0,0.7125476
6085,0,0,0.70227855
6086,0,0,0.70062476
6087,0,0,0.7025526
6088,0,0,0.7114998
6089,1,0,0.72124743
6090,0,0,0.6974254
6091,1,0,0.701252
6092,2,0,0.7155111
6093,0,0,0.7083557
6094,0,0,0.71025217
6095,2,0,0.7215591
6096,2,0,0.728893
6097,3,0,0.74556166
6098,1,0,0.76898474
6099,2,0,0.77647907
6100,3,0,0.77398163
6101,0,0,0.7916566
6102,3,0,0.7915016
6103,0,0,0.8062885
6104,2,0,0.80134404
6105,0,0,0.7934422
6106,0,0,0.7963082
6107,1,0,0.802395
6108,1,0,0.8101809
6109,1,0,0.8015269
6110,1,0,0.79184437
6111,1,0,0.80110055
6112,0,0,0.815144
6113,1,0,0.83920646
6114,3,0,0.84931827
6115,0,0,0.8619563
6116,2,0,0.88743645
6117,1,0,0.92992634
6118,1,0,0.9566257
6119,0,0,0.95740616
6120,1,0,0.9788462
6121,0,0,0.9871493
6122,1,0,0.9936066
6123,1,0,0.99958324
6124,1,0,1.0047146
6125,0,0,1.0045636
6126,0,0,1.0258056
6127,1,0,1.0196714
6128,0,0,1.0234766
6129,2,0,1.0183858
6130,1,0,1.0392385
6131,3,0,1.0439132
6132,1,0,1.0721644
6133,0,0,1.0850505
6134,0,0,1.089856
6135,2,0,1.107363
6136,1,0,1.1159887
6137,2,0,1.1125103
6138,0,0,1.1162857
6139,1,0,1.1179186
6140,0,0,1.144495
6141,1,0,1.207196
6142,2,0,1.2325569
6143,0,0,1.2521939
6144,1,0,1.2794834
6145,1,0,1.284023
6146,0,0,1.3086935
6147,0,0,1.3245713
6148,1,0,1.3925985
6149,0,0,1.4058236
6150,1,0,1.4030133
6151,1,0,1.4288889
6152,3,1,0.5935053
6153,0,1,0.5817625
6154,1,1,0.58580863
6155,1,1,0.60784703
6156,0,1,0.60819423
6157,1,1,0.5821354
6158,1,1,0.5930678
6159,0,1,0.597527
6160,3,1,0.6253071
6161,1,1,0.81308854
6162,3,1,0.8156791
6163,3,1,0.7968152
6164,2,1,0.82451016
6165,0,1,0.85154235
6166,2,1,0.8565149
6167,0,1,0.85870713
6168,1,1,0.86212546
6169,0,1,0.86006975
6170,3,1,0.83789307
6171,3,1,0.81420094
6172,1,1,0.80209976
6173,2,1,0.79884773
6174,1,1,0.7697017
6175,2,1,0.7495467
6176,1,1,0.7551877
6177,0,1,0.7461078
6178,1,1,0.77451956
6179,0,1,0.80929613
6180,2,1,0.81719875
6181,0,1,0.8462597
6182,1,1,0.86296636
6183,3,1,0.874321
6184,0,1,0.8606917
6185,1,1,0.86610216
6186,1,0,0.8594007
6187,0,0,0.86745673
6188,0,0,0.884493
6189,3,0,0.8999113
6190,1,0,0.8901772
6191,0,0,0.7162688
6192,0,0,0.69296473
6193,1,0,0.7165481
6194,1,0,0.70012933
6195,1,0,0.6771744
6196,0,0,0.6961645
6197,2,0,0.71996254
6198,2,0,0.71058977
6199,1,0,0.70691323
6200,0,0,0.7206883
6201,1,0,0.7180202
6202,0,0,0.7220134
6203,1,0,0.71590906
6204,0,0,0.71574557
6205,1,0,0.7225418
6206,3,0,0.71613115
6207,0,0,0.71204853
6208,0,0,0.70465165
6209,0,0,0.69196016
6210,0,0,0.68188673
6211,0,0,0.6717091
6212,2,0,0.6579791
6213,0,0,0.64657336
6214,0,0,0.64412457
6215,1,0,0.6312577
6216,0,0,0.6340628
6217,1,0,0.6180698
6218,2,0,0.5979216
6219,1,0,0.5800884
6220,0,0,0.5710746
6221,3,0,0.5512346
6222,1,0,0.58207047
6223,0,0,0.5553174
6224,0,0,0.5818898
6225,0,0,0.6027047
6226,0,0,0.603859
6227,0,0,0.58972496
6228,0,0,0.59745765
6229,3,0,0.58768326
6230,3,0,0.5510754
6231,3,0,0.5240472
6232,1,0,0.5045548
6233,0,0,0.51489556
6234,0,0,0.5273415
6235,0,0,0.5526439
6236,0,0,0.54509073
6237,0,0,0.5693347
6238,0,0,0.5609057
6239,0,0,0.56395483
6240,1,0,0.5688642
6241,1,0,0.6006865
6242,1,0,0.6095638
6243,3,0,0.61136955
6244,3,0,0.6355681
6245,0,0,0.6358922
6246,2,0,0.6392747
6247,1,0,0.6448093
6248,1,0,0.6285978
6249,0,0,0.62512654
6250,0,0,0.61289704
6251,1,0,0.61809754
6252,2,0,0.62053484
6253,3,0,0.6100235
6254,2,0,0.58678657
6255,0,0,0.56826955
6256,1,0,0.57214206
6257,2,0,0.5747315
6258,0,0,0.5643723
6259,2,0,0.56743646
6260,3,0,0.5758569
6261,2,0,0.5689412
6262,2,0,0.5777159
6263,2,0,0.5664068
6264,3,0,0.55490386
6265,0,0,0.548243
6266,0,0,0.5631106
6267,2,0,0.56725156
6268,3,0,0.5669203
6269,0,0,0.566783
6270,0,0,0.56733465
6271,1,0,0.53776187
6272,0,0,0.5269987
6273,0,0,0.53397256
6274,3,0,0.53083503
6275,3,0,0.5399822
6276,0,0,0.5640052
6277,0,0,0.58070886
6278,0,0,0.60578346
6279,1,0,0.6107492
6280,1,0,0.63814014
6281,0,0,0.6374601
6282,1,0,0.61405724
6283,3,0,0.63618326
6284,0,0,0.6457878
6285,2,0,0.6538246
6286,0,0,0.6524781
6287,2,0,0.63842833
6288,1,0,0.6514309
6289,0,0,0.65279955
6290,1,0,0.6653697
6291,1,0,0.69598776
6292,0,0,0.6799494
6293,0,0,0.7150471
6294,0,0,0.73096377
6295,0,0,0.731364
6296,2,0,0.72276855
6297,1,0,0.7180584
6298,2,0,0.71773434
6299,3,0,0.7368577
6300,1,0,0.7410306
6301,0,0,0.7661721
6302,1,0,0.7893381
6303,0,0,0.7894664
6304,3,0,0.7840588
6305,0,0,0.8071551
6306,2,0,0.8139777
6307,3,0,0.8213815
6308,1,0,0.810156
6309,3,0,0.8235006
6310,3,0,0.8192856
6311,1,0,0.8362453
6312,1,0,0.8484644
6313,1,0,0.861216
6314,0,0,0.89487964
6315,0,0,0.9177415
6316,1,0,0.91572374
6317,3,0,0.9337773
6318,0,0,0.94705886
6319,3,0,0.9731399
6320,0,0,0.9904816
6321,1,0,1.0038408
6322,0,0,1.0266418
6323,1,0,1.02892
6324,1,0,1.0472606
6325,0,0,1.0748513
6326,2,0,1.0924903
6327,0,0,1.1133682
6328,3,0,1.1312107
6329,2,0,1.1457931
6330,1,0,1.1859262
6331,1,0,1.2251118
6332,0,0,1.225032
6333,1,1,0.63513523
6334,1,1,0.6593141
6335,0,1,0.63597095
6336,3,1,0.6046315
6337,1,1,0.5953612
6338,3,1,0.5715028
6339,0,1,0.587068
6340,2,1,0.5791242
6341,2,1,0.5511153
6342,2,1,0.5379727
6343,1,1,0.5352999
6344,0,1,0.54225004
6345,0,1,0.53558296
6346,1,1,0.5638563
6347,0,1,0.59623057
6348,1,1,0.60714084
6349,2,1,0.6065735
6350,0,1,0.5970494
6351,0,1,0.6028129
6352,3,1,0.63378465
6353,1,1,0.6510378
6354,0,1,0.6711664
6355,0,1,0.68198496
6356,1,1,0.66738343
6357,3,0,0.6647948
6358,2,0,0.6651757
6359,2,0,0.66101545
6360,0,0,0.67688227
6361,1,0,0.64981145
6362,1,0,0.6381342
6363,1,0,0.664984
6364,0,0,0.6556044
6365,3,0,0.68415207
6366,1,0,0.68967193
6367,0,0,0.6987198
6368,0,0,0.7084539
6369,1,0,0.7058613
6370,3,0,0.72660816
6371,3,0,0.74640185
6372,1,0,0.7344411
6373,1,0,0.73835635
6374,0,0,0.7267278
6375,2,0,0.73051137
6376,2,0,0.7340875
6377,0,0,0.7885716
6378,0,0,0.78884727
6379,0,0,0.77809656
6380,3,0,0.79257035
6381,1,0,0.7876562
6382,1,0,0.7822829
6383,0,0,0.78132963
6384,1,0,0.7800079
6385,1,0,0.77905506
6386,0,0,0.7857292
6387,0,0,0.79306823
6388,3,0,0.77949065
6389,1,0,0.79169387
6390,0,0,0.794313
6391,0,0,0.7913889
6392,1,0,0.7814892
6393,0,0,0.77211225
6394,1,0,0.77504784
6395,0,0,0.7534977
6396,1,0,0.7400045
6397,0,0,0.72389436
6398,1,0,0.70750415
6399,1,0,0.6788851
6400,0,0,0.67836475
6401,1,0,0.680764
6402,0,0,0.6799133
6403,0,0,0.680529
6404,1,0,0.66324604
6405,3,0,0.6497389
6406,3,0,0.64400727
6407,1,0,0.5886674
6408,0,0,0.5874274
6409,0,0,0.6060151
6410,2,0,0.59680676
6411,3,0,0.5973039
6412,2,0,0.58212125
6413,2,0,0.5596469
6414,1,0,0.5418123
6415,0,0,0.5554585
6416,2,0,0.5564876
6417,0,0,0.54082644
6418,2,0,0.5534888
6419,0,0,0.55095595
6420,0,0,0.533817
6421,0,0,0.53944075
6422,1,0,0.5332292
6423,1,0,0.52020895
6424,3,0,0.517699
6425,0,0,0.54009414
6426,2,0,0.5633653
6427,3,0,0.57940584
6428,3,0,0.59259236
6429,0,0,0.613674
6430,0,0,0.61773086
6431,2,0,0.60580796
6432,1,0,0.6090208
6433,0,0,0.62793833
6434,2,0,0.6374813
6435,0,0,0.65336406
6436,2,0,0.63758206
6437,0,0,0.62523216
6438,3,0,0.6097849
6439,0,0,0.59726197
6440,1,0,0.6169104
6441,1,0,0.61732787
6442,1,0,0.63643414
6443,1,0,0.65390134
6444,1,0,0.6617774
6445,0,0,0.6467868
6446,2,0,0.6420247
6447,1,0,0.64064
6448,3,0,0.64695567
6449,1,0,0.63022745
6450,0,0,0.6514254
6451,3,0,0.6579362
6452,3,0,0.6828914
6453,2,0,0.70217127
6454,1,0,0.72445047
6455,3,0,0.71573377
6456,1,0,0.71761703
6457,1,0,0.71992505
6458,0,0,0.71045756
6459,1,0,0.70808434
6460,2,0,0.733074
6461,3,0,0.74890447
6462,3,0,0.7627495
6463,0,0,0.78704935
6464,0,0,0.80879706
6465,2,0,0.8163332
6466,1,0,0.83888644
6467,1,0,0.86821795
6468,1,0,0.89795107
6469,2,0,0.93241054
6470,1,0,0.9378464
6471,2,0,0.96971154
6472,2,0,0.98852164
6473,0,0,1.0140156
6474,3,0,1.0828296
6475,1,0,1.099205
6476,2,0,1.1448346
6477,0,0,1.1930304
6478,1,0,1.220729
6479,1,0,1.290941
6480,1,0,1.3288242
6481,3,1,0.5831274
6482,0,1,0.57499444
6483,0,1,0.56512815
6484,1,1,0.58474565
6485,2,1,0.5919757
6486,2,1,0.5920778
6487,1,1,0.6244332
6488,0,1,0.6568037
6489,3,1,0.6530523
6490,0,1,0.67488366
6491,0,1,0.68554986
6492,3,1,0.6863178
6493,1,1,0.6714658
6494,0,1,0.67422557
6495,1,1,0.6849351
6496,0,1,0.67300755
6497,0,1,0.68743783
6498,0,1,0.69220185
6499,1,1,0.6925242
6500,0,1,0.7425506
6501,0,1,0.8174056
6502,1,1,0.8294987
6503,1,1,0.8134752
6504,1,1,0.81160605
6505,1,1,0.81606454
6506,0,1,0.82898074
6507,0,1,0.8136085
6508,3,1,0.8199711
6509,1,1,0.80300957
6510,3,1,0.7929756
6511,0,1,0.7905321
6512,0,1,0.7902559
6513,0,1,0.86275595
6514,0,1,0.84758705
6515,0,1,0.859597
6516,1,0,0.8556378
6517,3,0,0.82499486
6518,2,0,0.8302466
6519,0,0,0.8139839
6520,1,0,0.78987473
6521,3,0,0.77380306
6522,1,0,0.7698782
6523,0,0,0.7756744
6524,2,0,0.7969183
6525,2,0,0.78459907
6526,2,0,0.7809914
6527,0,0,0.76084554
6528,0,0,0.751534
6529,1,0,0.71485585
6530,3,0,0.628343
6531,0,0,0.54302603
6532,1,0,0.53108865
6533,0,0,0.56594634
6534,0,0,0.5998977
6535,0,0,0.63178444
6536,0,0,0.62594825
6537,3,0,0.6226439
6538,1,0,0.6385528
6539,1,0,0.63347495
6540,2,0,0.6627609
6541,2,0,0.65623146
6542,3,0,0.6634673
6543,2,0,0.6138634
6544,0,0,0.6064982
6545,0,0,0.61398315
6546,1,0,0.6086156
6547,1,0,0.6013444
6548,0,0,0.6048353
6549,0,0,0.6017447
6550,3,0,0.5994525
6551,0,0,0.6095035
6552,1,0,0.6157014
6553,2,0,0.6236255
6554,1,0,0.6091335
6555,2,0,0.5960352
6556,1,0,0.60796493
6557,1,0,0.6216535
6558,3,0,0.63520753
6559,0,0,0.65309674
6560,3,0,0.66966844
6561,3,0,0.6837403
6562,1,0,0.67248607
6563,0,0,0.66147625
6564,2,0,0.6551762
6565,1,0,0.65033853
6566,0,0,0.660685
6567,1,0,0.65301394
6568,2,0,0.6464318
6569,0,0,0.6713314
6570,0,0,0.65543604
6571,1,0,0.6758508
6572,1,0,0.6818069
6573,1,0,0.68827987
6574,0,0,0.7036107
6575,1,0,0.70067585
6576,0,0,0.71486485
6577,0,0,0.73389757
6578,1,0,0.7411316
6579,0,0,0.7297847
6580,1,0,0.7465121
6581,0,0,0.7454728
6582,1,0,0.7402785
6583,1,0,0.73650324
6584,0,0,0.7327349
6585,1,0,0.7285539
6586,0,0,0.71071726
6587,0,0,0.6913836
6588,1,0,0.6698179
6589,1,0,0.6665178
6590,1,0,0.6636522
6591,0,0,0.6517332
6592,0,0,0.6544307
6593,3,0,0.66587955
6594,0,0,0.64806575
6595,1,0,0.64874226
6596,2,0,0.64684784
6597,1,0,0.65535635
6598,2,0,0.64688677
6599,3,0,0.65504956
6600,0,0,0.67675626
6601,2,0,0.67329043
6602,2,0,0.6598463
6603,1,0,0.6359905
6604,1,0,0.6273639
6605,0,0,0.62534463
6606,0,0,0.6152477
6607,1,0,0.6176334
6608,3,0,0.59788305
6609,1,0,0.6107754
6610,1,0,0.59456813
6611,0,0,0.601156
6612,0,0,0.6060306
6613,1,0,0.61373603
6614,1,0,0.6325085
6615,1,0,0.6537051
6616,3,0,0.6661596
6617,2,0,0.6729687
6618,0,0,0.69181764
6619,1,0,0.69399047
6620,0,0,0.69655794
6621,1,0,0.90772444
6622,0,0,0.92562294
6623,0,0,0.9180013
6624,0,0,0.9523772
6625,0,0,0.9435077
6626,0,0,0.94899756
6627,0,0,0.9336244
6628,1,0,0.9588214
6629,1,0,0.95071983
6630,1,0,0.95037156
6631,0,0,0.95084745
6632,1,0,0.95441586
6633,1,0,0.962186
6634,0,0,0.9694181
6635,2,0,0.9520039
6636,1,0,0.96720564
6637,0,0,0.9757573
6638,0,0,0.98678684
6639,0,0,0.99332225
6640,0,0,1.0051724
6641,2,0,0.9992149
6642,0,0,1.0023017
6643,3,0,0.9953291
6644,1,0,1.010897
6645,3,0,1.0266863
6646,0,0,1.0296098
6647,2,0,1.0563822
6648,0,0,1.0705503
6649,2,0,1.0777277
6650,3,0,1.0911721
6651,1,0,0.90905
6652,3,0,0.91751295
6653,0,0,0.94360936
6654,1,0,0.95917434
6655,1,0,0.9893145
6656,2,0,1.0030671
6657,1,0,1.0337077
6658,0,0,1.0491592
6659,3,0,1.074148
6660,0,0,1.0748384
6661,3,0,1.0959759
6662,1,0,1.115869
6663,0,0,1.1618694
6664,0,0,1.2319181
6665,1,0,1.2809601
6666,0,1,0.6397198
6667,3,1,0.6528319
6668,0,1,0.64089304
6669,2,1,0.6234577
6670,0,1,0.61760193
6671,0,1,0.6212219
6672,0,1,0.6136687
6673,0,1,0.6288304
6674,1,1,0.6483514
6675,3,1,0.648575
6676,0,1,0.6462323
6677,0,1,0.6438544
6678,3,1,0.6380102
6679,0,1,0.6565697
6680,0,1,0.6424725
6681,1,1,0.6286637
6682,1,1,0.65231186
6683,3,1,0.6778159
6684,0,1,0.6720322
6685,0,1,0.6667951
6686,3,1,0.678616
6687,1,1,0.6832743
6688,1,1,0.68091446
6689,1,1,0.7026841
6690,2,1,0.6842202
6691,1,1,0.68571925
6692,1,1,0.7020311
6693,1,1,0.70006996
6694,1,0,0.72234726
6695,1,0,0.70610267
6696,0,0,0.72140306
6697,0,0,0.7251096
6698,1,0,0.70857674
6699,3,0,0.7142384
6700,1,0,0.71648836
6701,3,0,0.71526563
6702,2,0,0.7058355
6703,0,0,0.70258147
6704,2,0,0.6790403
6705,3,0,0.6563089
6706,0,0,0.67108583
6707,2,0,0.6611231
6708,0,0,0.6484857
6709,0,0,0.6512894
6710,0,0,0.6483841
6711,1,0,0.62750614
6712,3,0,0.61756414
6713,2,0,0.59677005
6714,0,0,0.5886589
6715,2,0,0.6053477
6716,2,0,0.61040246
6717,0,0,0.6165061
6718,3,0,0.6139962
6719,3,0,0.60942477
6720,1,0,0.6152646
6721,0,0,0.63376904
6722,3,0,0.6246936
6723,1,0,0.62909245
6724,1,0,0.6200905
6725,2,0,0.6416575
6726,1,0,0.63148063
6727,3,0,0.6291733
6728,2,0,0.6253062
6729,0,0,0.6260568
6730,1,0,0.64094067
6731,3,0,0.6495248
6732,2,0,0.6587749
6733,1,0,0.6402173
6734,3,0,0.66402423
6735,1,0,0.68055946
6736,1,0,0.6766258
6737,0,0,0.6755681
6738,1,0,0.67405045
6739,0,0,0.6786143
6740,1,0,0.6709641
6741,0,0,0.6794344
6742,2,0,0.67800623
6743,2,0,0.68304586
6744,2,0,0.68431264
6745,0,0,0.6829468
6746,0,0,0.6740524
6747,3,0,0.67144537
6748,1,0,0.6986072
6749,1,0,0.702446
6750,1,0,0.7258093
6751,3,0,0.73077065
6752,3,0,0.7324727
6753,1,0,0.7523156
6754,0,0,0.76031226
6755,0,0,0.7521316
6756,0,0,0.7489684
6757,0,0,0.9291848
6758,0,0,0.9536551
6759,0,0,0.9768045
6760,0,0,0.9758175
6761,0,0,0.97730714
6762,1,0,0.9832324
6763,0,0,1.0001456
6764,0,0,0.9919767
6765,0,0,0.98528576
6766,1,0,0.99058133
6767,0,0,0.99574935
6768,2,0,1.008307
6769,0,0,1.0016258
6770,1,0,1.0146173
6771,2,0,1.0150678
6772,1,0,0.9975761
6773,0,0,1.0028296
6774,1,0,1.0096588
6775,0,0,1.0072354
6776,0,0,1.0086426
6777,1,0,1.0191866
6778,0,0,1.0357289
6779,0,0,1.0488027
6780,1,0,1.0403993
6781,0,0,1.2322217
6782,3,0,1.2310917
6783,2,0,1.2378732
6784,3,0,1.2417276
6785,2,0,1.2312301
6786,0,0,1.246398
6787,1,0,1.073974
6788,2,0,1.0740384
6789,0,0,1.0767096
6790,0,0,1.0809981
6791,1,0,1.1001371
6792,3,0,1.1062407
6793,0,0,1.1108867
6794,3,0,1.1075205
6795,2,0,1.1273174
6796,1,0,1.1422417
6797,0,0,1.1636117
6798,2,0,1.1830701
6799,0,0,1.1868219
6800,0,0,1.1844646
6801,1,0,1.2500126
6802,0,0,1.2744215
6803,1,0,1.2737802
6804,0,0,1.2867029
6805,2,0,1.278411
6806,1,0,1.303503
6807,1,0,1.3240501
6808,2,0,1.3483921
6809,0,0,1.3370283
6810,3,0,1.3362972
6811,1,0,1.1451038
6812,1,0,1.1424023
6813,1,0,1.1298683
6814,0,0,1.1269695
6815,3,0,1.1388229
6816,0,0,1.1340969
6817,1,0,1.1467198
6818,0,0,1.1746854
6819,0,0,1.2433407
6820,1,0,1.2439052
6821,0,0,1.2614313
6822,0,0,1.2604036
6823,2,0,1.271883
6824,1,0,1.2897947
6825,0,0,1.3403367
6826,1,0,1.3634902
6827,0,0,1.4079869
6828,0,0,1.4105445
6829,1,0,1.4289036
6830,0,1,0.6107972
6831,1,1,0.59498453
6832,1,1,0.572414
6833,0,1,0.5754677
6834,0,1,0.5739944
6835,1,1,0.56864655
6836,2,1,0.6088556
6837,1,1,0.6020116
6838,0,1,0.5995609
6839,3,1,0.5679532
6840,1,1,0.54117274
6841,0,1,0.54170376
6842,0,1,0.52716774
6843,3,1,0.50497323
6844,2,1,0.52913105
6845,0,1,0.5241717
6846,3,1,0.5123233
6847,1,1,0.48417386
6848,2,1,0.46518597
6849,1,1,0.46144724
6850,1,1,0.4605191
6851,2,1,0.4528267
6852,1,1,0.458975
6853,2,1,0.45306
6854,0,1,0.49501774
6855,1,1,0.49481156
6856,0,1,0.52931416
6857,0,1,0.53612703
6858,0,1,0.5387149
6859,2,1,0.5394944
6860,0,1,0.53268754
6861,0,1,0.56711966
6862,0,1,0.5676546
6863,3,1,0.5723208
6864,0,1,0.57442605
6865,0,1,0.56024927
6866,2,1,0.5422186
6867,1,1,0.5513609
6868,0,1,0.54172236
6869,2,1,0.5416279
6870,0,1,0.5441366
6871,1,1,0.53500247
6872,0,1,0.53621155
6873,0,1,0.53763855
6874,0,1,0.5253785
6875,0,1,0.516588
6876,0,1,0.54728454
6877,2,1,0.54500717
6878,2,1,0.5740278
6879,0,0,0.60520464
6880,3,0,0.6084066
6881,3,0,0.6046845
6882,0,0,0.6142582
6883,0,0,0.60478663
6884,0,0,0.5775986
6885,0,0,0.58336264
6886,1,0,0.587605
6887,1,0,0.60557127
6888,3,0,0.60926175
6889,0,0,0.61318696
6890,1,0,0.67757076
6891,2,0,0.6723621
6892,0,0,0.6735739
6893,1,0,0.68178505
6894,1,0,0.6910258
6895,3,0,0.690274
6896,0,0,0.689253
6897,3,0,0.69098085
6898,2,0,0.7043211
6899,3,0,0.7108221
6900,0,0,0.7185461
6901,0,0,0.72035295
6902,0,0,0.7038638
6903,3,0,0.69476795
6904,0,0,0.69604844
6905,1,0,0.6959644
6906,3,0,0.69280684
6907,0,0,0.6988712
6908,1,0,0.69387287
6909,0,0,0.6832186
6910,0,0,0.68238586
6911,2,0,0.695583
6912,0,0,0.7006583
6913,1,0,0.7127861
6914,1,0,0.73010814
6915,3,0,0.74472
6916,3,0,0.73724127
6917,0,0,0.73428744
6918,0,0,0.7349099
6919,0,0,0.7341758
6920,1,0,0.6779583
6921,3,0,0.6639853
6922,1,0,0.6658169
6923,3,0,0.64165
6924,1,0,0.70198643
6925,1,0,0.71080667
6926,0,0,0.7062097
6927,2,0,0.72013235
6928,1,0,0.6922664
6929,1,0,0.7015371
6930,1,0,0.68891823
6931,1,0,0.67863184
6932,0,0,0.6861278
6933,0,0,0.68070555
6934,1,0,0.6725739
6935,0,0,0.68776983
6936,1,0,0.67758924
6937,0,0,0.6976876
6938,0,0,0.7067889
6939,1,0,0.7075582
6940,0,0,0.6936884
6941,0,0,0.69849735
6942,0,0,0.697185
6943,1,0,0.6832935
6944,3,0,0.67130923
6945,3,0,0.6706117
6946,0,0,0.6605849
6947,3,0,0.64516205
6948,3,0,0.6391817
6949,3,0,0.64901954
6950,0,0,0.6303329
6951,0,0,0.64334303
6952,0,0,0.63254625
6953,0,0,0.64317536
6954,0,0,0.57427514
6955,1,0,0.54925454
6956,2,0,0.5537925
6957,3,0,0.60030884
6958,2,0,0.61766356
6959,0,0,0.61970806
6960,0,0,0.62920344
6961,0,0,0.6387452
6962,3,0,0.6372149
6963,1,0,0.6550697
6964,2,0,0.66484
6965,1,0,0.64763576
6966,0,0,0.64326435
6967,1,0,0.63687915
6968,2,0,0.63331133
6969,3,0,0.64208543
6970,0,0,0.65186155
6971,0,0,0.6549706
6972,1,0,0.6701253
6973,0,0,0.67051786
6974,0,0,0.68344563
6975,0,0,0.67379946
6976,0,0,0.6765045
6977,1,0,0.69589573
6978,0,0,0.706739
6979,2,0,0.6905289
6980,3,0,0.71408147
6981,1,0,0.70145905
6982,0,0,0.7208606
6983,1,0,0.7002319
6984,1,0,0.715035
6985,1,0,0.7293051
6986,0,0,0.73590165
6987,0,0,0.65754414
6988,0,0,0.64729357
6989,1,0,0.6394609
6990,0,0,0.6549187
6991,1,0,0.6708164
6992,0,0,0.6703398
6993,3,0,0.6779758
6994,0,0,0.6905561
6995,0,0,0.71065545
6996,1,0,0.73586094
6997,2,0,0.71872544
6998,1,0,0.70540845
6999,3,0,0.7037699
7000,2,0,0.6904797
7001,3,0,0.6977496
7002,0,0,0.6955407
7003,1,0,0.69513327
7004,0,0,0.68676937
7005,1,0,0.6919914
7006,3,0,0.6974792
7007,0,0,0.6866839
7008,1,0,0.6922826
7009,1,0,0.7025476
7010,0,0,0.68138397
7011,2,0,0.7002128
7012,2,0,0.6954474
7013,3,0,0.71541804
7014,2,0,0.7138529
7015,0,0,0.7165539
7016,1,0,0.7366479
7017,3,0,0.7688791
7018,1,0,0.77321905
7019,1,0,0.7653977
7020,2,0,0.7705504
7021,0,0,0.7843439
7022,0,0,0.80266434
7023,0,0,0.8026291
7024,0,0,0.82648337
7025,0,0,0.82654494
7026,3,0,0.80964214
7027,1,0,0.846267
7028,1,0,0.8537596
7029,0,0,0.877238
7030,1,0,0.9003121
7031,1,0,0.9218965
7032,3,0,0.93466496
7033,3,0,0.9610531
7034,0,0,0.95810103
7035,0,0,0.9522268
7036,2,0,0.9855497
7037,3,0,0.99423206
7038,0,0,1.0218471
7039,1,0,1.0694029
7040,2,0,1.0962486
7041,0,0,1.1018713
7042,1,0,1.1130012
7043,0,0,1.1119909
7044,1,0,1.1519519
7045,3,0,1.1928293
7046,2,0,1.199025
7047,1,0,1.2122756
7048,1,0,1.2375544
7049,0,0,1.289908
7050,3,0,1.28626
7051,0,0,1.2830142
7052,2,0,1.3009568
7053,3,0,1.3187124
7054,1,0,1.3151019
7055,0,0,1.3161657
7056,2,0,1.3323163
7057,1,0,1.3211198
7058,3,0,1.3463933
7059,2,0,1.363739
7060,1,0,1.4379472
7061,2,0,1.5147219
7062,1,0,1.5506328
7063,0,1,0.6265099
7064,1,1,0.6165152
7065,1,1,0.60967296
7066,0,1,0.5889264
7067,1,1,0.58032423
7068,3,1,0.5724033
7069,3,1,0.6056557
7070,0,1,0.5902989
7071,0,1,0.5974346
7072,0,1,0.60009456
7073,0,1,0.59334105
7074,2,1,0.6313116
7075,0,1,0.6150615
7076,3,1,0.6157478
7077,3,1,0.6094499
7078,2,1,0.59007
7079,0,1,0.61202216
7080,0,1,0.6187646
7081,0,1,0.60948837
7082,1,1,0.5834764
7083,1,1,0.5799967
7084,2,1,0.58697695
7085,1,1,0.61500794
7086,0,1,0.6110699
7087,0,1,0.5921937
7088,0,1,0.59182996
7089,0,1,0.5922845
7090,2,1,0.598139
7091,1,1,0.6023399
7092,2,1,0.60862094
7093,0,1,0.60861194
7094,0,1,0.6270902
7095,1,1,0.6524855
7096,0,1,0.655971
7097,1,1,0.6548275
7098,3,1,0.64092267
7099,0,1,0.62687385
7100,3,0,0.63912886
7101,3,0,0.6299109
7102,3,0,0.65085614
7103,0,0,0.6500565
7104,0,0,0.6490074
7105,2,0,0.6440784
7106,0,0,0.6619981
7107,0,0,0.6634662
7108,0,0,0.6847441
7109,0,0,0.67865336
7110,3,0,0.67216414
7111,0,0,0.6690157
7112,0,0,0.6867628
7113,0,0,0.6881628
7114,3,0,0.6949376
7115,2,0,0.69237995
7116,0,0,0.70155174
7117,2,0,0.70569634
7118,0,0,0.71208227
7119,0,0,0.71780145
7120,0,0,0.7210167
7121,1,0,0.7263293
7122,2,0,0.7274717
7123,1,0,0.74823
7124,1,0,0.73337865
7125,1,0,0.7313844
7126,3,0,0.73049915
7127,1,0,0.72989756
7128,0,0,0.7529118
7129,1,0,0.7643693
7130,0,0,0.778213
7131,0,0,0.7791433
7132,0,0,0.7760808
7133,0,0,0.775744
7134,0,0,0.7556238
7135,0,0,0.77362853
7136,2,0,0.7661587
7137,1,0,0.7594024
7138,3,0,0.75260234
7139,0,0,0.7506278
7140,0,0,0.7419323
7141,0,0,0.7168669
7142,0,0,0.71320534
7143,1,0,0.7018515
7144,0,0,0.7028267
7145,0,0,0.69118345
7146,1,0,0.69871116
7147,0,0,0.72296727
7148,0,0,0.74585724
7149,1,0,0.7350918
7150,1,0,0.7543026
7151,0,0,0.7442694
7152,1,0,0.75606376
7153,1,0,0.74501455
7154,1,0,0.7419347
7155,2,0,0.73083407
7156,1,0,0.725299
7157,0,0,0.72993225
7158,0,0,0.73032224
7159,0,0,0.72055304
7160,2,0,0.7109177
7161,0,0,0.7108686
7162,1,0,0.71396154
7163,3,0,0.73701024
7164,0,0,0.749207
7165,2,0,0.7237307
7166,1,0,0.7247075
7167,3,0,0.7270599
7168,3,0,0.7175712
7169,0,0,0.7156394
7170,2,0,0.70262676
7171,0,0,0.71959484
7172,0,0,0.72108394
7173,0,0,0.7354822
7174,1,0,0.74027103
7175,3,0,0.75470454
7176,3,0,0.7646238
7177,0,0,0.7717224
7178,1,0,0.7727579
7179,2,0,0.8013633
7180,1,0,0.7881986
7181,2,0,0.8083831
7182,3,0,0.8080692
7183,1,0,0.8040522
7184,2,0,0.8067509
7185,1,0,0.8180364
7186,0,0,0.8381828
7187,1,0,0.8424115
7188,0,0,0.82548046
7189,1,0,0.8383225
7190,1,0,0.8250584
7191,0,0,0.8498405
7192,1,0,0.8458099
7193,0,0,0.8284872
7194,0,0,0.8413922
7195,1,0,0.8782774
7196,1,0,0.8796475
7197,0,0,0.89710236
7198,2,0,0.9125952
7199,1,0,0.90748245
7200,2,0,0.92134726
7201,0,0,1.1267014
7202,2,0,1.1164129
7203,1,0,1.1039016
7204,0,0,1.1241006
7205,0,0,1.1192887
7206,2,0,1.1173351
7207,2,0,1.0982752
7208,0,0,1.1138606
7209,0,0,1.0990393
7210,1,0,1.1359949
7211,0,0,1.1349448
7212,1,0,1.1424696
7213,2,0,1.153243
7214,2,0,1.1608843
7215,2,0,1.1671407
7216,0,0,1.1758407
7217,2,0,1.1830609
7218,0,0,1.1983521
7219,2,0,1.197179
7220,1,0,1.2011685
7221,0,0,1.1975255
7222,3,0,1.2003465
7223,0,0,1.2290522
7224,3,0,1.2213255
7225,0,0,1.2158247
7226,2,0,1.2529953
7227,1,0,1.2412566
7228,0,0,1.2531431
7229,2,0,1.2810276
7230,1,0,1.322563
7231,1,0,1.1239549
7232,1,0,1.1291583
7233,0,0,1.154279
7234,2,0,1.1537749
7235,0,0,1.170755
7236,1,0,1.1648968
7237,0,0,1.2038549
7238,1,0,1.1909876
7239,1,0,1.2042382
7240,3,0,1.2087389
7241,0,0,1.2512777
7242,1,0,1.2553186
7243,3,0,1.2730926
7244,3,0,1.2741288
7245,0,0,1.2721382
7246,0,0,1.2840427
7247,0,0,1.2899723
7248,0,0,1.2897038
7249,1,0,1.3172431
7250,1,0,1.4069061
7251,2,0,1.4330311
7252,1,0,1.4425994
7253,0,0,1.4356837
7254,3,0,1.4574713
7255,0,1,0.6655874
7256,0,1,0.6375353
7257,1,1,0.6240507
7258,0,1,0.6141679
7259,1,1,0.6122322
7260,2,1,0.6351829
7261,3,1,0.63580114
7262,0,1,0.64239824
7263,0,1,0.6457039
7264,0,1,0.62716126
7265,3,1,0.6206992
7266,0,1,0.6358736
7267,0,1,0.6492047
7268,0,1,0.67088646
7269,0,1,0.6796741
7270,0,1,0.6935775
7271,1,1,0.7096857
7272,2,1,0.69614893
7273,1,1,0.69751376
7274,1,1,0.6877771
7275,1,1,0.67926556
7276,1,1,0.6959716
7277,1,1,0.7025169
7278,3,1,0.7241021
7279,3,1,0.7035457
7280,1,1,0.7025288
7281,1,1,0.691503
7282,0,1,0.6963103
7283,0,1,0.69694334
7284,1,1,0.70090955
7285,0,1,0.7085312
7286,0,1,0.69852376
7287,1,1,0.69825906
7288,3,1,0.7055633
7289,0,0,0.69130355
7290,1,0,0.6899436
7291,1,0,0.67733526
7292,0,0,0.68553144
7293,0,0,0.68188804
7294,2,0,0.6831682
7295,2,0,0.7041762
7296,1,0,0.69155675
7297,0,0,0.6758975
7298,2,0,0.6530838
7299,0,0,0.6526413
7300,2,0,0.6522433
7301,1,0,0.63943315
7302,2,0,0.6578197
7303,3,0,0.6511893
7304,1,0,0.6589884
7305,0,0,0.6586845
7306,0,0,0.6433456
7307,0,0,0.62920046
7308,0,0,0.6238092
7309,1,0,0.6278193
7310,3,0,0.6316431
7311,3,0,0.6343316
7312,3,0,0.6345172
7313,0,0,0.62910515
7314,1,0,0.6176475
7315,1,0,0.60533166
7316,0,0,0.6140279
7317,2,0,0.6019244
7318,0,0,0.60680425
7319,0,0,0.62336457
7320,0,0,0.61547494
7321,2,0,0.62940717
7322,1,0,0.6291691
7323,0,0,0.64284027
7324,3,0,0.64248616
7325,2,0,0.6453264
7326,1,0,0.64553785
7327,0,0,0.65395176
7328,2,0,0.65628606
7329,2,0,0.6668423
7330,0,0,0.65876275
7331,0,0,0.64756817
7332,0,0,0.6275878
7333,1,0,0.6134307
7334,0,0,0.6237404
7335,1,0,0.6311747
7336,0,0,0.65310836
7337,0,0,0.6692225
7338,2,0,0.6794098
7339,1,0,0.69003826
7340,2,0,0.69531035
7341,0,0,0.70956045
7342,0,0,0.70697826
7343,1,0,0.7099715
7344,0,0,0.719595
7345,2,0,0.75114053
7346,3,0,0.77618563
7347,2,0,0.7924869
7348,1,0,0.79932773
7349,2,0,0.7863872
7350,0,0,0.8086465
7351,1,0,0.7938609
7352,0,0,0.78016466
7353,0,0,0.7504006
7354,0,0,0.7768503
7355,1,0,0.78372693
7356,1,0,0.77700186
7357,0,0,0.79078317
7358,0,0,0.8077009
7359,0,0,0.7922613
7360,0,0,0.8023661
7361,1,0,0.80806416
7362,0,0,0.8082393
7363,2,0,0.82510746
7364,0,0,0.83147514
7365,3,0,0.8379815
7366,0,0,0.83082074
7367,3,0,0.8445013
7368,0,0,0.82410663
7369,0,0,0.8301666
7370,3,0,0.84257054
7371,1,0,0.8895975
7372,1,0,0.89576143
7373,2,0,0.93210524
7374,1,0,0.94314945
7375,0,0,0.93600065
7376,3,0,0.92622983
7377,0,0,0.9218206
7378,1,0,0.91211385
7379,1,0,0.92376435
7380,1,0,0.9134469
7381,0,0,0.93790466
7382,0,0,0.9526753
7383,1,0,0.96756846
7384,1,0,0.95958966
7385,0,0,0.9535571
7386,2,0,0.9929457
7387,0,0,1.0144563
7388,0,0,1.0326655
7389,1,0,1.0565073
7390,0,0,1.0574186
7391,3,0,1.0753827
7392,2,0,1.1477287
7393,3,0,1.1640154
7394,0,0,1.1817638
7395,1,0,1.1903417
7396,1,0,1.216094
7397,3,0,1.212804
7398,2,0,1.2596526
7399,0,0,1.2701942
7400,0,0,1.2794001
7401,0,0,1.2802496
7402,0,0,1.2960185
7403,1,0,1.2658741
7404,3,0,1.2870817
7405,1,0,1.3025908
7406,0,0,1.3902837
7407,1,0,1.4142174
7408,3,0,1.4878478
7409,1,0,1.517327
7410,3,0,1.5835545
7411,1,0,1.6643472
7412,0,0,1.7419424
7413,1,0,1.772912
7414,1,0,1.842537
7415,2,0,1.9216024
7416,0,0,1.9344288
7417,1,0,2.024309
7418,1,0,2.11224
7419,1,0,2.138357
7420,0,0,2.2697988
7421,1,0,2.3970373
7422,2,0,2.4631903
7423,1,0,2.6215007
7424,0,0,2.7222927
7425,3,0,2.8470702
7426,3,0,3.0280933
7427,1,0,3.210532
7428,0,0,3.3268862
7429,0,0,3.5752566
7430,1,0,3.7298424
7431,0,0,3.9371197
7432,2,0,4.1820846
7433,1,0,4.4828477
7434,3,0,4.677974
7435,0,0,5.0188246
7436,0,0,5.156853
7437,1,1,0.91822976
7438,0,1,0.93739635
7439,0,1,0.9382876
7440,0,1,0.9402776
7441,1,1,0.92426217
7442,3,1,0.9195016
7443,1,1,0.91821015
7444,1,1,0.9111164
7445,2,1,0.9047072
7446,1,1,0.8877004
7447,1,1,0.9160512
7448,2,1,0.92948407
7449,3,1,0.92942435
7450,1,1,0.93741804
7451,0,1,0.93681294
7452,0,1,0.93147546
7453,0,1,0.935743
7454,1,1,0.93331367
7455,2,1,0.93628955
7456,0,1,0.8906868
7457,3,1,0.89456236
7458,2,1,0.90826
7459,1,1,0.9080755
7460,2,1,0.9077483
7461,0,1,0.9308729
7462,0,1,0.92167705
7463,1,1,0.9014953
7464,1,1,0.9152903
7465,1,1,0.91975546
7466,0,1,0.916575
7467,1,1,0.9270605
7468,0,1,0.91061777
7469,0,0,0.9041511
7470,0,0,0.91618514
7471,0,0,0.9092413
7472,1,0,0.92111593
7473,1,0,0.9259657
7474,1,0,0.9274583
7475,1,0,0.92597675
7476,3,0,0.9420468
7477,2,0,0.9020014
7478,1,0,0.8879598
7479,1,0,0.887398
7480,0,0,0.8818573
7481,1,0,0.8770038
7482,1,0,0.86699677
7483,2,0,0.86868227
7484,0,0,0.81189287
7485,0,0,0.8180107
7486,1,0,0.78715384
7487,1,0,0.783217
7488,1,0,0.77666795
7489,0,0,0.78224736
7490,1,0,0.77845913
7491,3,0,0.7657003
7492,0,0,0.7645978
7493,1,0,0.7787106
7494,3,0,0.76738805
7495,2,0,0.75729126
7496,0,0,0.7561305
7497,1,0,0.762744
7498,0,0,0.7696677
7499,1,0,0.76451874
7500,3,0,0.74681634
7501,1,0,0.7576182
7502,0,0,0.74914616
7503,2,0,0.75186044
7504,0,0,0.7500379
7505,0,0,0.7583186
7506,3,0,0.7642959
7507,1,0,0.7692864
7508,2,0,0.77163297
7509,0,0,0.7732446
7510,0,0,0.76318604
7511,0,0,0.75944555
7512,1,0,0.7596586
7513,0,0,0.74893266
7514,0,0,0.73428243
7515,1,0,0.734671
7516,3,0,0.73626643
7517,0,0,0.7371944
7518,1,0,0.7370045
7519,0,0,0.7197842
7520,0,0,0.7108841
7521,0,0,0.7205191
7522,0,0,0.73277926
7523,1,0,0.71473473
7524,3,0,0.71403456
7525,0,0,0.7239038
7526,0,0,0.74487334
7527,0,0,0.743907
7528,0,0,0.7456411
7529,1,0,0.76509726
7530,0,0,0.75972146
7531,1,0,0.75381154
7532,0,0,0.7576651
7533,2,0,0.73800725
7534,0,0,0.72847325
7535,2,0,0.7057782
7536,0,0,0.6982519
7537,3,0,0.70027316
7538,2,0,0.6943716
7539,1,0,0.6750011
7540,0,0,0.6664611
7541,0,0,0.6548947
7542,0,0,0.6553075
7543,0,0,0.65783316
7544,0,0,0.66967034
7545,3,0,0.6699648
7546,1,0,0.68199396
7547,0,0,0.6753791
7548,3,0,0.6855749
7549,3,0,0.6872381
7550,0,0,0.7083021
7551,0,0,0.70961833
7552,0,0,0.692451
7553,2,0,0.70344406
7554,3,0,0.71848816
7555,3,0,0.70887023
7556,2,0,0.68610287
7557,0,0,0.6760356
7558,1,0,0.65605074
7559,1,0,0.6389747
7560,0,0,0.6578999
7561,0,0,0.6553641
7562,1,0,0.6576168
7563,2,0,0.6615573
7564,1,0,0.6739095
7565,1,0,0.6789932
7566,0,0,0.6670505
7567,0,0,0.683456
7568,1,0,0.69202167
7569,2,0,0.6999497
7570,3,0,0.72425854
7571,1,0,0.75001013
7572,0,0,0.76077765
7573,0,0,0.76285374
7574,1,0,0.7540349
7575,0,0,0.74054945
7576,1,0,0.728617
7577,2,0,0.729312
7578,0,0,0.72265846
7579,0,0,0.74365056
7580,3,0,0.8058922
7581,0,0,0.8179726
7582,2,0,0.82503545
7583,2,0,0.84843284
7584,1,0,0.84512347
7585,1,0,0.87555563
7586,1,0,0.90256715
7587,3,0,0.9040518
7588,0,0,0.92502207
7589,3,0,0.9681317
7590,0,0,0.97723585
7591,0,0,0.98848623
7592,0,0,0.997012
7593,0,0,1.016679
7594,0,0,1.0217948
7595,0,0,1.0461231
7596,0,0,1.0682034
7597,3,0,1.0786985
7598,2,0,1.1014647
7599,0,0,1.1141789
7600,3,0,1.1518598
7601,2,0,1.1524116
7602,3,0,1.1647508
7603,0,0,1.1992748
7604,2,0,1.2869108
7605,0,0,1.5304691
7606,1,0,1.5420707
7607,0,0,1.6274631
7608,1,0,1.6672392
7609,1,0,1.6740886
7610,1,0,1.7123713
7611,1,0,1.7283354
7612,1,0,1.8117214
7613,1,1,0.7034725
7614,1,1,0.72210044
7615,0,1,0.7088164
7616,0,1,0.70657957
7617,0,1,0.74550885
7618,3,1,0.7519026
7619,0,1,0.7621431
7620,0,1,0.77728
7621,0,1,0.777764
7622,1,1,0.7656447
7623,3,1,0.74405247
7624,3,1,0.7747917
7625,1,1,0.7767247
7626,0,1,0.8032857
7627,3,1,0.77752656
7628,0,1,0.7470642
7629,1,0,0.7310139
7630,0,0,0.7197013
7631,1,0,0.7250833
7632,2,0,0.7270872
7633,3,0,0.72746086
7634,3,0,0.73444074
7635,3,0,0.760116
7636,3,0,0.75670564
7637,2,0,0.7453776
7638,1,0,0.7668081
7639,1,0,0.7535189
7640,1,0,0.7477651
7641,0,0,0.7360979
7642,0,0,0.71138066
7643,1,0,0.7410144
7644,3,0,0.7210576
7645,1,0,0.7235029
7646,3,0,0.7222922
7647,0,0,0.70259756
7648,0,0,0.7261777
7649,1,0,0.7444862
7650,3,0,0.7304352
7651,3,0,0.71074015
7652,0,0,0.6886193
7653,0,0,0.6777756
7654,3,0,0.6848235
7655,0,0,0.67533094
7656,1,0,0.6571059
7657,0,0,0.6751286
7658,1,0,0.7079221
7659,2,0,0.73048115
7660,3,0,0.7297766
7661,0,0,0.71643156
7662,0,0,0.70898145
7663,0,0,0.7319976
7664,3,0,0.69931716
7665,3,0,0.67414504
7666,0,0,0.6810343
7667,1,0,0.6977515
7668,1,0,0.67762935
7669,1,0,0.68183964
7670,2,0,0.67839575
7671,2,0,0.70916367
7672,1,0,0.70271325
7673,0,0,0.68570393
7674,1,0,0.6936378
7675,1,0,0.70921195
7676,2,0,0.7053071
7677,0,0,0.6981948
7678,2,0,0.70287836
7679,0,0,0.67690885
7680,0,0,0.6784405
7681,1,0,0.7073434
7682,3,0,0.73319423
7683,3,0,0.7382703
7684,0,0,0.72327954
7685,0,0,0.71984345
7686,2,0,0.7112728
7687,1,0,0.69702864
7688,3,0,0.6763697
7689,1,0,0.6543892
7690,1,0,0.650886
7691,0,0,0.6348073
7692,1,0,0.64090383
7693,0,0,0.62668025
7694,3,0,0.65033406
7695,0,0,0.6698945
7696,1,0,0.651636
7697,1,0,0.6311008
7698,0,0,0.6485965
7699,1,0,0.6435135
7700,3,0,0.65062934
7701,2,0,0.63234437
7702,3,0,0.6313201
7703,0,0,0.63017106
7704,2,0,0.61725974
7705,2,0,0.60350513
7706,1,0,0.6077074
7707,2,0,0.6047043
7708,1,0,0.6002774
7709,1,0,0.6089911
7710,0,0,0.63202876
7711,3,0,0.6001115
7712,1,0,0.594298
7713,3,0,0.5892607
7714,1,0,0.6229746
7715,3,0,0.6414272
7716,0,0,0.6787998
7717,1,0,0.69468796
7718,0,0,0.72598755
7719,2,0,0.7487078
7720,1,0,0.76247776
7721,3,0,0.8195324
7722,0,0,0.8418494
7723,1,0,0.87118745
7724,1,0,0.8870208
7725,3,0,0.92977965
7726,2,0,0.95306826
7727,0,0,0.985555
7728,0,0,1.0033649
7729,1,0,1.0739356
7730,0,0,1.0855762
7731,0,0,1.1677959
7732,1,0,1.2692689
7733,2,0,1.3074079
7734,0,0,1.3659036
7735,0,1,0.87604856
7736,0,1,0.8754178
7737,1,1,0.8519978
7738,2,1,0.84303427
7739,0,1,0.913339
7740,3,1,0.92419654
7741,3,1,0.92643666
7742,1,1,0.95275474
7743,1,1,0.9271276
7744,0,1,0.90299284
7745,3,1,0.89532983
7746,2,1,0.90130275
7747,3,1,0.8874099
7748,0,1,0.8650649
7749,0,1,0.8528239
7750,0,1,0.87105596
7751,0,1,0.8471466
7752,1,1,0.8596709
7753,0,1,0.85632616
7754,2,1,0.8590057
7755,3,1,0.8597745
7756,0,1,0.86903405
7757,3,1,0.83935946
7758,2,1,0.8355398
7759,1,1,0.8276564
7760,3,1,0.84431803
7761,0,1,0.8425532
7762,0,1,0.8477518
7763,0,1,0.839342
7764,0,1,0.8276387
7765,1,1,0.8197781
7766,1,0,0.82647765
7767,0,0,0.8290854
7768,1,0,0.8303829
7769,0,0,0.754744
7770,1,0,0.73775226
7771,3,0,0.7284804
7772,3,0,0.7075966
7773,2,0,0.7046991
7774,0,0,0.7161213
7775,2,0,0.7240446
7776,0,0,0.7091184
7777,1,0,0.73313975
7778,1,0,0.74279505
7779,0,0,0.75222635
7780,3,0,0.73979545
7781,0,0,0.7329033
7782,1,0,0.7378386
7783,0,0,0.7589472
7784,3,0,0.7635915
7785,2,0,0.77459824
7786,1,0,0.77725446
7787,2,0,0.79568815
7788,3,0,0.79128885
7789,1,0,0.7983501
7790,0,0,0.7768677
7791,0,0,0.7884025
7792,3,0,0.7692108
7793,3,0,0.7671549
7794,1,0,0.74792784
7795,0,0,0.7491872
7796,1,0,0.7424782
7797,0,0,0.7445373
7798,1,0,0.7359881
7799,3,0,0.739535
7800,2,0,0.7309667
7801,1,0,0.73128325
7802,2,0,0.72544086
7803,1,0,0.7486315
7804,0,0,0.731972
7805,1,0,0.71953577
7806,2,0,0.72768503
7807,0,0,0.70112
7808,0,0,0.6917778
7809,0,0,0.6922519
7810,0,0,0.7064803
7811,1,0,0.6940454
7812,0,0,0.6974095
7813,0,0,0.68939644
7814,2,0,0.67464036
7815,3,0,0.66398305
7816,1,0,0.65973043
7817,0,0,0.66108453
7818,0,0,0.6549953
7819,2,0,0.6607426
7820,1,0,0.6753506
7821,0,0,0.65429395
7822,0,0,0.6568821
7823,2,0,0.67311335
7824,1,0,0.6729273
7825,3,0,0.6668802
7826,1,0,0.67304146
7827,1,0,0.66104317
7828,0,0,0.7159595
7829,2,0,0.7147019
7830,0,0,0.77741265
7831,1,0,0.7661313
7832,2,0,0.7616488
7833,1,0,0.7326445
7834,1,0,0.7299155
7835,2,0,0.7529796
7836,1,0,0.74250865
7837,1,0,0.748939
7838,0,0,0.7665
7839,2,0,0.7743484
7840,0,0,0.7777188
7841,2,0,0.79186
7842,0,0,0.7763298
7843,0,0,0.7588816
7844,0,0,0.7516169
7845,3,0,0.7713375
7846,3,0,0.77561533
7847,3,0,0.76145786
7848,2,0,0.7703427
7849,0,0,0.7560726
7850,0,0,0.74616945
7851,3,0,0.7503052
7852,0,0,0.74313897
7853,1,0,0.7472538
7854,0,0,0.7529485
7855,1,0,0.77026755
7856,0,0,0.76990646
7857,3,0,0.77834207
7858,3,0,0.7280638
7859,1,0,0.73911726
7860,0,0,0.677332
7861,3,0,0.7016064
7862,2,0,0.70823556
7863,3,0,0.74281555
7864,2,0,0.75291455
7865,2,0,0.739615
7866,0,0,0.79890966
7867,1,0,0.810538
7868,0,0,0.8078494
7869,2,0,0.82159853
7870,0,0,0.8189965
7871,0,0,0.81707156
7872,1,0,0.83308756
7873,0,0,0.84431416
7874,0,0,0.9072207
7875,1,0,0.9117177
7876,1,0,0.94772416
7877,0,0,0.97969896
7878,3,0,0.99055487
7879,1,0,1.0174166
7880,0,0,1.0327094
7881,1,0,1.0494455
7882,1,0,1.0689355
7883,2,0,1.0902542
7884,1,0,1.1074932
7885,3,0,1.1159024
7886,1,0,1.1354961
7887,2,0,1.1540726
7888,0,0,1.16788
7889,0,0,1.1872245
7890,3,0,1.2200747
7891,2,0,1.2267345
7892,3,0,1.2908467
7893,3,0,1.3295039
7894,1,0,1.3496242
7895,1,0,1.4287692
7896,0,0,1.4143949
7897,3,0,1.4899915
7898,1,0,1.5592111
7899,1,0,1.5883962
7900,0,0,1.6218368
7901,0,0,1.6942495
7902,0,0,1.7188616
7903,1,0,1.7549981
7904,0,0,1.7593826
7905,1,0,1.77766
7906,2,0,1.8570634
7907,1,1,0.54990727
7908,1,1,0.5799293
7909,0,1,0.5479853
7910,1,1,0.57154185
7911,1,1,0.59144324
7912,0,1,0.5890116
7913,3,1,0.59086955
7914,3,1,0.5916837
7915,1,1,0.5891589
7916,3,1,0.6185847
7917,2,1,0.6265538
7918,0,1,0.66460156
7919,0,1,0.6575878
7920,1,1,0.6542557
7921,2,1,0.6582454
7922,0,1,0.6629723
7923,3,1,0.65112066
7924,0,1,0.6541021
7925,1,1,0.6277837
7926,2,1,0.6355781
7927,0,1,0.6551723
7928,0,1,0.673575
7929,1,1,0.6841439
7930,1,1,0.69953644
7931,1,1,0.6888734
7932,0,1,0.6973533
7933,2,1,0.69032556
7934,3,1,0.69940764
7935,1,1,0.69864446
7936,1,1,0.6936907
7937,1,1,0.7231485
7938,3,1,0.7011932
7939,0,1,0.697683
7940,1,1,0.69260937
7941,1,1,0.6755003
7942,0,1,0.6845976
7943,1,1,0.6952282
7944,0,1,0.6885603
7945,0,1,0.6729677
7946,0,1,0.65168774
7947,2,1,0.64383
7948,1,1,0.6242801
7949,2,1,0.6468275
7950,1,1,0.6559223
7951,0,0,0.6473219
7952,0,0,0.642905
7953,0,0,0.6394656
7954,1,0,0.6514601
7955,0,0,0.64216715
7956,0,0,0.6147744
7957,2,0,0.5835901
7958,0,0,0.5606677
7959,0,0,0.5360267
7960,3,0,0.51705956
7961,3,0,0.5195698
7962,3,0,0.54913086
7963,0,0,0.5545887
7964,1,0,0.5457359
7965,0,0,0.5853368
7966,0,0,0.60058534
7967,3,0,0.57915133
7968,0,0,0.5655685
7969,3,0,0.5606705
7970,0,0,0.5706
7971,0,0,0.5663341
7972,2,0,0.5828478
7973,0,0,0.5735646
7974,0,0,0.59392196
7975,0,0,0.5974429
7976,1,0,0.59333944
7977,2,0,0.5879492
7978,2,0,0.5950202
7979,0,0,0.57049394
7980,0,0,0.57302034
7981,2,0,0.5888493
7982,3,0,0.5954881
7983,3,0,0.6050999
7984,1,0,0.5811941
7985,0,0,0.5797745
7986,1,0,0.59041697
7987,3,0,0.58716416
7988,0,0,0.5848328
7989,0,0,0.5947443
7990,2,0,0.5971774
7991,0,0,0.59194285
7992,1,0,0.60652953
7993,3,0,0.60790515
7994,1,0,0.6034571
7995,1,0,0.6023099
7996,2,0,0.5734526
7997,1,0,0.57137895
7998,0,0,0.5710484
7999,0,0,0.5921581
8000,1,0,0.5758333
8001,3,0,0.5738083
8002,0,0,0.55753976
8003,1,0,0.56118804
8004,2,0,0.53228676
8005,0,0,0.56831795
8006,0,0,0.5762204
8007,1,0,0.58795285
8008,0,0,0.62846833
8009,0,0,0.6339608
8010,0,0,0.6275622
8011,2,0,0.63975847
8012,3,0,0.63568854
8013,0,0,0.6243203
8014,1,0,0.65077627
8015,2,0,0.6728849
8016,2,0,0.67962956
8017,1,0,0.6810576
8018,3,0,0.6827883
8019,0,0,0.6631094
8020,0,0,0.6833507
8021,1,0,0.70142233
8022,0,0,0.68705374
8023,2,0,0.66713953
8024,2,0,0.6712916
8025,0,0,0.6458467
8026,0,0,0.63723636
8027,2,0,0.65768653
8028,1,0,0.6794751
8029,1,0,0.68114185
8030,0,0,0.68449885
8031,3,0,0.686179
8032,2,0,0.70177144
8033,3,0,0.68978316
8034,0,0,0.71229446
8035,0,0,0.6872477
8036,1,0,0.6971162
8037,2,0,0.68839526
8038,0,0,0.64479697
8039,2,0,0.6553576
8040,3,0,0.6562594
8041,0,0,0.6569975
8042,1,0,0.6534099
8043,1,0,0.66027826
8044,1,0,0.6654913
8045,3,0,0.6550605
8046,0,0,0.65611464
8047,0,0,0.668347
8048,1,0,0.66634107
8049,3,0,0.6953077
8050,1,0,0.6859744
8051,0,0,0.6708319
8052,2,0,0.67054105
8053,0,0,0.682384
8054,0,0,0.6860597
8055,0,0,0.70491505
8056,2,0,0.71321815
8057,0,0,0.69347477
8058,0,0,0.70716816
8059,3,0,0.7148922
8060,0,0,0.7069978
8061,1,0,0.72205406
8062,2,0,0.7067001
8063,0,0,0.7268071
8064,0,0,0.73128295
8065,3,0,0.76004595
8066,1,0,0.75386626
8067,3,0,0.77046734
8068,0,0,0.7709587
8069,1,0,0.78636676
8070,3,0,0.8021623
8071,2,0,0.8018619
8072,0,0,0.8694237
8073,1,0,0.89388996
8074,2,0,0.89200586
8075,1,0,0.91136026
8076,2,0,0.92142004
8077,1,0,0.9280567
8078,1,0,0.9511136
8079,0,0,0.9452997
8080,2,0,0.9606328
8081,3,0,0.98802394
8082,3,0,1.0108349
8083,2,0,1.0315043
8084,2,0,1.0562067
8085,1,0,1.0842694
8086,0,0,1.1079575
8087,1,0,1.1999395
8088,1,0,1.2240667
8089,0,0,1.2440637
8090,3,0,1.292142
8091,2,0,1.3011767
8092,1,0,1.356835
8093,1,0,1.4191672
8094,0,0,1.4351835
8095,1,0,1.4447265
8096,2,0,1.5267239
8097,1,0,1.5899827
8098,0,0,1.6762953
8099,2,0,1.7338
8100,1,0,1.821372
8101,0,0,1.8376629
8102,2,0,1.8584669
8103,0,0,1.9467926
8104,0,0,2.0090716
8105,1,0,2.031456
8106,2,0,2.1132288
8107,0,0,2.1356802
8108,1,0,2.1937366
8109,0,0,2.216076
8110,0,0,2.3235617
8111,0,0,2.4347591
8112,2,0,2.5461333
8113,0,0,2.5733104
8114,2,0,2.7108004
8115,1,0,2.7181215
8116,0,0,2.750497
8117,3,0,2.7047126
8118,0,0,2.834978
8119,1,0,2.9779456
8120,0,0,3.151628
8121,1,0,3.1878552
8122,0,0,3.4352562
8123,1,0,3.5597022
8124,1,1,0.69048
8125,0,1,0.66570646
8126,1,1,0.64867306
8127,0,1,0.6499876
8128,0,1,0.6683658
8129,1,1,0.6604644
8130,3,1,0.6339757
8131,0,1,0.6492614
8132,0,1,0.6525774
8133,2,1,0.65520906
8134,3,1,0.6282813
8135,2,1,0.6031036
8136,3,1,0.60827655
8137,0,1,0.5841007
8138,3,1,0.5794208
8139,3,1,0.5692686
8140,0,1,0.5414541
8141,0,1,0.5332438
8142,0,1,0.5132072
8143,0,1,0.5213115
8144,3,1,0.5264712
8145,0,1,0.51055974
8146,1,1,0.5032467
8147,1,1,0.49946773
8148,2,1,0.51082975
8149,0,1,0.5086762
8150,1,1,0.5358031
8151,1,1,0.5329501
8152,0,1,0.5664177
8153,2,1,0.5385
8154,2,1,0.54250723
8155,3,1,0.57991654
8156,1,1,0.66240823
8157,1,1,0.6612439
8158,3,1,0.6370231
8159,3,1,0.6750398
8160,0,1,0.6633646
8161,0,1,0.6698808
8162,2,1,0.6693106
8163,3,1,0.6651684
8164,1,1,0.6749833
8165,0,1,0.675384
8166,0,0,0.6740829
8167,0,0,0.692894
8168,2,0,0.68943745
8169,0,0,0.68331826
8170,0,0,0.76244986
8171,3,0,0.77988434
8172,3,0,0.7619863
8173,0,0,0.75476027
8174,0,0,0.74157566
8175,0,0,0.7399457
8176,2,0,0.75844646
8177,3,0,0.75997365
8178,1,0,0.74582416
8179,0,0,0.75922173
8180,1,0,0.74390125
8181,1,0,0.75657064
8182,3,0,0.75689864
8183,0,0,0.76960015
8184,0,0,0.7607127
8185,0,0,0.7353263
8186,2,0,0.6672498
8187,3,0,0.6901885
8188,0,0,0.7116954
8189,0,0,0.6981714
8190,1,0,0.6992528
8191,0,0,0.6764043
8192,0,0,0.6740281
8193,1,0,0.6742218
8194,3,0,0.659423
8195,1,0,0.6823248
8196,0,0,0.6722271
8197,2,0,0.66255146
8198,0,0,0.6581156
8199,0,0,0.6720383
8200,2,0,0.61548024
8201,1,0,0.61570907
8202,0,0,0.6181361
8203,1,0,0.6277438
8204,3,0,0.62285495
8205,3,0,0.63996214
8206,0,0,0.6477294
8207,2,0,0.6402838
8208,0,0,0.6541803
8209,0,0,0.6631251
8210,0,0,0.6824357
8211,0,0,0.6840972
8212,3,0,0.66848415
8213,1,0,0.6543477
8214,1,0,0.6658055
8215,1,0,0.66047704
8216,0,0,0.66957194
8217,1,0,0.6560722
8218,0,0,0.6235398
8219,0,0,0.62581223
8220,0,0,0.63080907
8221,2,0,0.6469948
8222,1,0,0.6601045
8223,0,0,0.6534635
8224,2,0,0.6678894
8225,1,0,0.64525396
8226,0,0,0.6464024
8227,0,0,0.6463558
8228,1,0,0.6517687
8229,3,0,0.659319
8230,1,0,0.6658344
8231,2,0,0.64644873
8232,3,0,0.63463867
8233,1,0,0.63742244
8234,0,0,0.6524858
8235,1,0,0.65024
8236,1,0,0.63438123
8237,2,0,0.65165657
8238,1,0,0.64093834
8239,2,0,0.63463205
8240,0,0,0.6146247
8241,3,0,0.61232543
8242,2,0,0.61481684
8243,0,0,0.61474013
8244,0,0,0.59597385
8245,2,0,0.6033293
8246,3,0,0.60238385
8247,1,0,0.59654045
8248,1,0,0.6043344
8249,1,0,0.5855314
8250,0,0,0.5837342
8251,0,0,0.591141
8252,2,0,0.57413936
8253,0,0,0.5744619
8254,0,0,0.56635535
8255,1,0,0.58004236
8256,0,0,0.5932939
8257,0,0,0.59136975
8258,2,0,0.58829087
8259,0,0,0.58592236
8260,1,0,0.5775939
8261,2,0,0.5808303
8262,0,0,0.591407
8263,2,0,0.57379335
8264,0,0,0.56157273
8265,0,0,0.5522148
8266,3,0,0.5504625
8267,2,0,0.5988212
8268,0,0,0.61824965
8269,1,0,0.60263044
8270,0,0,0.6190668
8271,0,0,0.61463326
8272,3,0,0.6322287
8273,0,0,0.6439183
8274,1,0,0.65355116
8275,2,0,0.6624126
8276,0,0,0.65636396
8277,3,0,0.6784608
8278,3,0,0.690868
8279,0,0,0.7151422
8280,2,0,0.72634155
8281,0,0,0.7150505
8282,0,0,0.72895676
8283,3,0,0.7577193
8284,1,0,0.77492255
8285,0,0,0.7772306
8286,0,0,0.7779991
8287,0,0,0.8160552
8288,3,0,0.85152143
8289,2,0,0.8487276
8290,3,0,0.8580396
8291,1,0,0.8822398
8292,0,0,0.90545934
8293,1,0,0.9276385
8294,0,0,0.95213526
8295,0,0,0.9806212
8296,0,0,1.0034306
8297,2,0,0.9540845
8298,3,0,0.95453054
8299,2,0,0.995836
8300,1,0,1.0243595
8301,0,0,1.0717466
8302,0,0,1.0751213
8303,3,0,1.1558468
8304,2,0,1.2261924
8305,1,0,1.3075507
8306,1,0,1.3401976
8307,1,0,1.3543147
8308,1,0,1.4300388
8309,1,0,1.449983
8310,1,0,1.5556391
8311,1,0,1.5850623
8312,1,0,1.6146865
8313,0,0,1.6266867
8314,2,0,1.641982
8315,2,0,1.7478724
8316,1,0,1.7697917
8317,0,0,1.8628596
8318,3,0,1.9577547
8319,0,0,1.9884785
8320,0,0,2.0792034
8321,1,0,2.217357
8322,2,0,2.2489552
8323,1,0,2.2882612
8324,3,0,2.446603
8325,1,0,2.4890473
8326,1,0,2.6342444
8327,1,0,2.8571572
8328,1,0,2.906059
8329,0,0,3.0985482
8330,1,0,3.332554
8331,3,0,3.5744343
8332,0,0,3.6192093
8333,1,0,3.7335694
8334,1,1,0.8139399
8335,0,1,0.82033515
8336,1,1,0.8113826
8337,0,1,0.82470584
8338,0,1,0.81593394
8339,0,1,0.87818855
8340,1,1,0.898745
8341,1,1,0.8920547
8342,0,1,0.88002646
8343,1,1,0.87056005
8344,0,1,0.846251
8345,0,1,0.82015896
8346,0,1,0.8349106
8347,0,1,0.8037534
8348,3,1,0.818188
8349,2,1,0.8237348
8350,0,1,0.8128825
8351,0,1,0.8069802
8352,0,1,0.7988774
8353,0,1,0.79567486
8354,1,1,0.79945403
8355,3,0,0.7701095
8356,1,0,0.75675523
8357,1,0,0.7481504
8358,3,0,0.7526747
8359,3,0,0.73142666
8360,1,0,0.73144794
8361,0,0,0.74778694
8362,0,0,0.74688476
8363,3,0,0.7392093
8364,0,0,0.74804235
8365,0,0,0.76294965
8366,0,0,0.78461534
8367,0,0,0.7656067
8368,1,0,0.7714941
8369,0,0,0.71704113
8370,2,0,0.70862263
8371,2,0,0.72267395
8372,1,0,0.71589345
8373,2,0,0.71617085
8374,0,0,0.7100145
8375,1,0,0.70843387
8376,2,0,0.71223825
8377,2,0,0.7781826
8378,1,0,0.77307755
8379,1,0,0.7641819
8380,0,0,0.78105927
8381,3,0,0.7876027
8382,2,0,0.7939717
8383,0,0,0.80811524
8384,0,0,0.79307
8385,2,0,0.85818046
8386,3,0,0.8576085
8387,1,0,0.86644596
8388,0,0,0.85744697
8389,1,0,0.8722528
8390,0,0,0.8651123
8391,0,0,0.85044247
8392,3,0,0.8656322
8393,3,0,0.8708987
8394,0,0,0.8678116
8395,1,0,0.8528641
8396,1,0,0.8389253
8397,0,0,0.8569366
8398,3,0,0.85787004
8399,0,0,0.83763814
8400,0,0,0.84736127
8401,0,0,0.85541034
8402,0,0,0.8673683
8403,1,0,0.8701533
8404,2,0,0.89204574
8405,3,0,0.8741029
8406,1,0,0.8688452
8407,0,0,0.79799676
8408,0,0,0.8086519
8409,2,0,0.8059813
8410,0,0,0.7843998
8411,0,0,0.7898688
8412,0,0,0.79166704
8413,0,0,0.7814258
8414,1,0,0.8014405
8415,0,0,0.7300372
8416,1,0,0.7276852
8417,1,0,0.7243082
8418,0,0,0.74416244
8419,2,0,0.73186445
8420,1,0,0.73168546
8421,3,0,0.72657514
8422,0,0,0.7284325
8423,1,0,0.72176224
8424,0,0,0.71796525
8425,1,0,0.733104
8426,1,0,0.7342691
8427,1,0,0.70562977
8428,0,0,0.7032518
8429,2,0,0.70677733
8430,2,0,0.7105093
8431,0,0,0.70372045
8432,0,0,0.6989173
8433,0,0,0.7009682
8434,0,0,0.6984995
8435,3,0,0.71935326
8436,1,0,0.71931356
8437,2,0,0.7229525
8438,0,0,0.7062161
8439,0,0,0.70296055
8440,0,0,0.7094153
8441,3,0,0.71459854
8442,0,0,0.70448416
8443,3,0,0.70227486
8444,0,0,0.6826326
8445,1,0,0.6962472
8446,0,0,0.7089496
8447,1,0,0.69660693
8448,0,0,0.7084101
8449,1,0,0.73184824
8450,1,0,0.74432206
8451,2,0,0.7609557
8452,0,0,0.78771615
8453,2,0,0.80681336
8454,0,0,0.83180976
8455,1,0,0.83706033
8456,2,0,0.8506251
8457,1,0,0.8673894
8458,2,0,0.8805571
8459,1,0,0.9048299
8460,0,0,0.8925882
8461,0,0,0.8985879
8462,0,0,0.92266864
8463,3,0,0.9208225
8464,2,0,0.9189354
8465,1,0,0.92694867
8466,3,0,0.9631586
8467,3,0,0.99494845
8468,0,0,1.0375375
8469,3,0,1.0514922
8470,0,0,1.0721438
8471,0,0,1.1576039
8472,0,0,1.1894652
8473,3,1,0.6229705
8474,2,1,0.61321455
8475,0,1,0.6041806
8476,3,1,0.5773886
8477,1,1,0.5773742
8478,1,1,0.6673337
8479,0,1,0.67787457
8480,1,1,0.6838218
8481,1,1,0.7118441
8482,0,1,0.7095268
8483,0,1,0.721149
8484,0,1,0.7209068
8485,3,1,0.7206661
8486,0,1,0.72170293
8487,2,1,0.75464106
8488,0,1,0.74978966
8489,0,1,0.7773986
8490,1,1,0.77799976
8491,1,1,0.7537275
8492,0,1,0.7593848
8493,1,1,0.7847899
8494,3,1,0.7817407
8495,0,1,0.7763412
8496,0,1,0.76404476
8497,1,1,0.7390205
8498,0,1,0.7447306
8499,0,1,0.7763007
8500,1,1,0.97623473
8501,0,1,0.9744833
8502,2,1,0.9416228
8503,1,1,0.9668547
8504,1,1,0.9782966
8505,0,1,1.0080987
8506,2,1,1.0042806
8507,1,1,0.98983157
8508,1,1,0.95032346
8509,0,1,0.95658785
8510,0,0,1.0187591
8511,0,0,1.0053724
8512,0,0,0.99529755
8513,0,0,1.0093656
8514,2,0,1.0188342
8515,1,0,1.015821
8516,3,0,1.0188751
8517,1,0,1.0102671
8518,3,0,1.0002143
8519,1,0,0.9895216
8520,1,0,0.98329204
8521,2,0,0.9888821
8522,0,0,0.98452246
8523,1,0,0.98507893
8524,0,0,0.9787588
8525,1,0,0.9771027
8526,2,0,1.0329571
8527,0,0,1.0433456
8528,1,0,1.0333073
8529,2,0,1.0153733
8530,0,0,0.81317633
8531,1,0,0.80762404
8532,2,0,0.8179191
8533,0,0,0.8190425
8534,1,0,0.8268126
8535,0,0,0.8187936
8536,0,0,0.83148104
8537,0,0,0.85837734
8538,1,0,0.84613824
8539,0,0,0.8441872
8540,0,0,0.7625193
8541,1,0,0.75587964
8542,3,0,0.76948124
8543,3,0,0.73913854
8544,0,0,0.7475961
8545,3,0,0.743339
8546,1,0,0.7314289
8547,2,0,0.7352022
8548,1,0,0.73428696
8549,3,0,0.72764283
8550,1,0,0.71692693
8551,0,0,0.73749775
8552,0,0,0.7319974
8553,1,0,0.72406775
8554,2,0,0.7190186
8555,1,0,0.73354053
8556,1,0,0.6609696
8557,0,0,0.6732799
8558,0,0,0.6769002
8559,0,0,0.6857537
8560,1,0,0.7037
8561,1,0,0.71579427
8562,0,0,0.6977468
8563,0,0,0.7078959
8564,2,0,0.69124657
8565,0,0,0.6937313
8566,2,0,0.67629886
8567,1,0,0.65553594
8568,1,0,0.6548609
8569,1,0,0.64413303
8570,0,0,0.6468784
8571,0,0,0.63087296
8572,0,0,0.64130986
8573,1,0,0.6442266
8574,0,0,0.6226049
8575,0,0,0.6215549
8576,2,0,0.6216484
8577,0,0,0.6211592
8578,2,0,0.63430876
8579,2,0,0.63559854
8580,3,0,0.6558802
8581,0,0,0.6384254
8582,0,0,0.6465332
8583,3,0,0.65827674
8584,0,0,0.6450978
8585,2,0,0.6255794
8586,0,0,0.61918163
8587,0,0,0.5918767
8588,3,0,0.60657567
8589,0,0,0.5781916
8590,1,0,0.5595725
8591,1,0,0.5609117
8592,1,0,0.58773994
8593,2,0,0.58669907
8594,0,0,0.61276287
8595,1,0,0.60717165
8596,1,0,0.6198133
8597,0,0,0.6292138
8598,3,0,0.6328449
8599,2,0,0.6475162
8600,0,0,0.662568
8601,0,0,0.6841018
8602,1,0,0.6503077
8603,2,0,0.6460901
8604,1,0,0.64228535
8605,0,0,0.6389136
8606,1,0,0.63815594
8607,0,0,0.6475289
8608,1,0,0.62987596
8609,2,0,0.6499682
8610,1,0,0.6321812
8611,3,0,0.6109417
8612,0,0,0.59712076
8613,1,0,0.5820211
8614,1,0,0.5964719
8615,0,0,0.6139834
8616,2,0,0.6241829
8617,0,0,0.62811226
8618,0,0,0.6343917
8619,2,0,0.6429933
8620,1,0,0.6346746
8621,0,0,0.6243694
8622,3,0,0.6082519
8623,1,0,0.59126747
8624,0,0,0.58824646
8625,2,0,0.60657704
8626,3,0,0.61311615
8627,0,0,0.6269623
8628,1,0,0.6233641
8629,1,0,0.6170713
8630,3,0,0.6134594
8631,0,0,0.6076971
8632,0,0,0.6158919
8633,0,0,0.62782055
8634,0,0,0.6499535
8635,0,0,0.67543256
8636,2,0,0.6751338
8637,0,0,0.6657077
8638,2,0,0.68422157
8639,0,0,0.6786967
8640,1,0,0.6966942
8641,1,0,0.7107307
8642,2,0,0.7372225
8643,0,0,0.75149333
8644,0,0,0.74885106
8645,1,0,0.7592245
8646,3,0,1.011801
8647,0,0,1.0265856
8648,1,0,1.0262455
8649,1,0,1.0600884
8650,1,0,1.0834658
8651,0,0,1.1180867
8652,1,0,1.1514319
8653,0,0,1.1828568
8654,1,0,1.2341726
8655,2,0,1.2693375
8656,1,0,1.2672296
8657,1,0,1.29875
8658,0,0,1.3868253
8659,1,0,1.4000885
8660,2,0,1.4714137
8661,0,0,1.5088304
8662,0,0,1.567048
8663,3,0,1.6470914
8664,1,0,1.6745191
8665,2,0,1.7022485
8666,0,1,0.87998134
8667,0,1,0.8751895
8668,1,1,0.8672032
8669,3,1,0.83532757
8670,2,1,0.8370735
8671,1,1,0.816203
8672,1,1,0.7984747
8673,0,1,0.79129946
8674,1,1,0.791218
8675,1,1,0.793778
8676,0,1,0.7980838
8677,3,1,0.78033155
8678,0,1,0.7728749
8679,1,1,0.7524183
8680,0,1,0.7425297
8681,1,1,0.71096736
8682,3,1,0.6422171
8683,0,1,0.6404076
8684,1,1,0.6303237
8685,0,1,0.62941986
8686,1,1,0.6167575
8687,0,1,0.5994453
8688,3,1,0.63336945
8689,3,1,0.646784
8690,0,1,0.6773018
8691,0,1,0.668125
8692,2,1,0.6687336
8693,1,1,0.6937826
8694,3,1,0.61761826
8695,0,1,0.6193968
8696,3,1,0.5990885
8697,0,1,0.58752376
8698,0,1,0.61986214
8699,2,1,0.6114828
8700,0,1,0.591199
8701,0,1,0.5896921
8702,0,1,0.5845323
8703,3,1,0.6013082
8704,0,1,0.6007566
8705,0,1,0.58434296
8706,1,1,0.5491418
8707,0,1,0.5568149
8708,0,1,0.5603319
8709,3,1,0.55433613
8710,0,1,0.5677454
8711,0,1,0.5882268
8712,1,1,0.62270296
8713,0,1,0.6228029
8714,0,1,0.6166095
8715,3,1,0.6113351
8716,0,1,0.6121262
8717,2,1,0.6035849
8718,1,1,0.566736
8719,1,1,0.5561648
8720,0,1,0.5673507
8721,1,1,0.60395384
8722,1,1,0.595776
8723,2,1,0.5759493
8724,2,0,0.6111605
8725,2,0,0.59919465
8726,1,0,0.5894122
8727,0,0,0.6736867
8728,0,0,0.68406624
8729,0,0,0.7155784
8730,1,0,0.7196492
8731,3,0,0.7336316
8732,0,0,0.759962
8733,1,0,0.7786965
8734,0,0,0.8016469
8735,1,0,0.79968166
8736,3,0,0.8030456
8737,0,0,0.79776967
8738,0,0,0.8021491
8739,0,0,0.8215716
8740,0,0,0.8131263
8741,0,0,0.7997721
8742,0,0,0.798192
8743,1,0,0.80588216
8744,1,0,0.81747234
8745,3,0,0.82501006
8746,1,0,0.8185605
8747,0,0,0.8368831
8748,1,0,0.84781253
8749,2,0,0.83236635
8750,3,0,0.8247137
8751,1,0,0.82012767
8752,1,0,0.8232324
8753,0,0,0.83415574
8754,2,0,0.83197117
8755,2,0,0.8456401
8756,0,0,0.84543276
8757,1,0,0.78573495
8758,1,0,0.7790783
8759,1,0,0.76279265
8760,0,0,0.75083333
8761,0,0,0.7515786
8762,1,0,0.7505464
8763,2,0,0.7311439
8764,1,0,0.7303847
8765,0,0,0.73792785
8766,1,0,0.74362886
8767,0,0,0.723088
8768,0,0,0.71949434
8769,1,0,0.70446223
8770,3,0,0.71479243
8771,0,0,0.72236675
8772,1,0,0.7037035
8773,2,0,0.685742
8774,2,0,0.6701385
8775,0,0,0.6600077
8776,2,0,0.65608543
8777,0,0,0.62546664
8778,2,0,0.60661495
8779,1,0,0.61697525
8780,3,0,0.61066604
8781,2,0,0.6007684
8782,0,0,0.6050902
8783,0,0,0.6040251
8784,0,0,0.5852078
8785,1,0,0.5752037
8786,0,0,0.56422603
8787,0,0,0.53248405
8788,0,0,0.5127877
8789,2,0,0.5407583
8790,3,0,0.5651644
8791,0,0,0.57216877
8792,2,0,0.5657446
8793,1,0,0.5988159
8794,1,0,0.58620995
8795,0,0,0.58208555
8796,1,0,0.6034276
8797,1,0,0.6349413
8798,1,0,0.6261962
8799,3,0,0.6331299
8800,2,0,0.6127177
8801,0,0,0.61192036
8802,3,0,0.6294231
8803,0,0,0.63366884
8804,0,0,0.6260976
8805,1,0,0.6333485
8806,0,0,0.6446087
8807,1,0,0.63782036
8808,2,0,0.6427967
8809,1,0,0.6398565
8810,0,0,0.6370374
8811,0,0,0.6451853
8812,2,0,0.6446454
8813,1,0,0.6331328
8814,3,0,0.62666875
8815,2,0,0.6432526
8816,1,0,0.6488577
8817,0,0,0.6415223
8818,3,0,0.63877237
8819,0,0,0.6232907
8820,0,0,0.60262114
8821,3,0,0.593132
8822,0,0,0.6094314
8823,1,0,0.60469586
8824,1,0,0.6135194
8825,1,0,0.59409195
8826,1,0,0.57433254
8827,3,0,0.57106084
8828,0,0,0.5864859
8829,1,0,0.5861313
8830,0,0,0.5806154
8831,3,0,0.5670951
8832,0,0,0.5660036
8833,2,0,0.5777439
8834,0,0,0.60110635
8835,0,0,0.5838073
8836,0,0,0.5640042
8837,1,0,0.58479315
8838,0,0,0.5997642
8839,3,0,0.5907974
8840,0,0,0.57860875
8841,1,0,0.58052915
8842,1,0,0.57892126
8843,1,0,0.57089597
8844,3,0,0.57856786
8845,2,0,0.55137575
8846,1,0,0.55373865
8847,1,0,0.5763764
8848,1,0,0.588609
8849,3,0,0.5989161
8850,3,0,0.60388404
8851,1,0,0.6011501
8852,0,0,0.5774284
8853,0,0,0.57587224
8854,0,0,0.5737178
8855,0,0,0.59631205
8856,1,0,0.6169852
8857,2,0,0.62499326
8858,1,0,0.60952383
8859,2,0,0.5989143
8860,0,0,0.6008374
8861,1,0,0.6210713
8862,1,0,0.59929335
8863,1,0,0.60602117
8864,0,0,0.60456306
8865,2,0,0.62637895
8866,2,0,0.635517
8867,1,0,0.6258103
8868,3,0,0.61314327
8869,1,0,0.6217008
8870,0,0,0.62621874
8871,0,0,0.61383766
8872,2,0,0.6090317
8873,2,0,0.6187983
8874,2,0,0.6169894
8875,1,0,0.62922055
8876,2,0,0.63508755
8877,1,0,0.62417096
8878,1,0,0.6105477
8879,1,0,0.5992867
8880,0,0,0.60178006
8881,0,0,0.61046964
8882,0,0,0.6260143
8883,3,0,0.62896943
8884,3,0,0.6603893
8885,0,0,0.6718933
8886,1,0,0.6673386
8887,0,0,0.6553617
8888,1,0,0.67150337
8889,0,0,0.68013084
8890,0,0,0.7095619
8891,0,0,0.6980868
8892,3,0,0.72659755
8893,3,0,0.7211496
8894,0,0,0.7190614
8895,0,0,0.7257133
8896,1,0,0.7387328
8897,1,0,0.7517587
8898,0,0,0.7729994
8899,0,0,0.8003592
8900,1,0,0.8078079
8901,1,0,0.8282599
8902,1,0,0.8239972
8903,3,0,0.85166305
8904,0,0,0.8500162
8905,0,0,0.8958757
8906,1,0,0.9380865
8907,3,0,0.9502116
8908,0,0,0.97778106
8909,1,0,1.0042499
8910,0,0,1.0181266
8911,2,0,1.0324203
8912,1,0,1.0591615
8913,3,0,1.0662985
8914,0,0,1.0670962
8915,3,0,1.080156
8916,1,0,1.0823796
8917,0,0,1.0869071
8918,1,0,1.0978407
8919,3,0,1.1225747
8920,0,0,1.1345495
8921,1,0,1.1657805
8922,1,0,1.1852715
8923,2,0,1.1895957
8924,1,0,1.2110467
8925,2,0,1.2055014
8926,3,0,1.2155349
8927,1,0,1.2511418
8928,0,0,1.3192468
8929,2,0,1.3238714
8930,2,1,0.72636485
8931,0,1,0.74895656
8932,1,1,0.7608097
8933,0,1,0.7346647
8934,1,1,0.7390505
8935,3,1,0.7353284
8936,1,1,0.75856316
8937,1,1,0.76029104
8938,2,1,0.7575535
8939,0,1,0.76397574
8940,0,1,0.759864
8941,1,1,0.7736219
8942,1,1,0.78748685
8943,1,1,0.8102475
8944,0,1,0.79279244
8945,1,1,0.79160905
8946,0,1,0.77757275
8947,3,1,0.75915647
8948,2,1,0.7576879
8949,0,1,0.7462603
8950,0,1,0.72764087
8951,0,1,0.758986
8952,0,1,0.7510777
8953,1,0,0.73851305
8954,0,0,0.735736
8955,3,0,0.759518
8956,0,0,0.7432858
8957,0,0,0.7270034
8958,3,0,0.7028276
8959,1,0,0.7007768
8960,3,0,0.6669585
8961,2,0,0.64354014
8962,1,0,0.6221881
8963,3,0,0.6206166
8964,3,0,0.61657876
8965,1,0,0.61116445
8966,0,0,0.5833299
8967,3,0,0.60934806
8968,0,0,0.60995364
8969,0,0,0.6028379
8970,1,0,0.5957508
8971,0,0,0.61104405
8972,0,0,0.60725206
8973,0,0,0.5896402
8974,0,0,0.61992806
8975,0,0,0.61398274
8976,3,0,0.6466989
8977,0,0,0.64218336
8978,2,0,0.63383
8979,0,0,0.63130844
8980,2,0,0.6275497
8981,1,0,0.6382895
8982,3,0,0.65668154
8983,2,0,0.6603979
8984,2,0,0.6517506
8985,0,0,0.62485856
8986,1,0,0.6100953
8987,3,0,0.6279766
8988,0,0,0.6315854
8989,1,0,0.6122648
8990,0,0,0.61751556
8991,0,0,0.61731744
8992,0,0,0.6258729
8993,0,0,0.64626753
8994,0,0,0.64372283
8995,1,0,0.65219074
8996,1,0,0.6538817
8997,0,0,0.63954884
8998,3,0,0.67203635
8999,2,0,0.6956181
9000,0,0,0.70169365
9001,1,0,0.6655691
9002,2,0,0.64735985
9003,0,0,0.64271325
9004,0,0,0.64429194
9005,0,0,0.65708905
9006,1,0,0.6301898
9007,0,0,0.6324236
9008,2,0,0.6239894
9009,1,0,0.6261679
9010,3,0,0.6175054
9011,0,0,0.6010219
9012,0,0,0.60113215
9013,0,0,0.5988894
9014,1,0,0.6231864
9015,0,0,0.63132346
9016,2,0,0.62762463
9017,0,0,0.6176345
9018,1,0,0.6120574
9019,0,0,0.6119791
9020,2,0,0.60564214
9021,0,0,0.6059085
9022,3,0,0.60774034
9023,0,0,0.58362937
9024,3,0,0.59012586
9025,0,0,0.59464103
9026,1,0,0.5987801
9027,0,0,0.6214657
9028,0,0,0.61695737
9029,0,0,0.59926856
9030,2,0,0.6017572
9031,3,0,0.60882676
9032,2,0,0.623069
9033,0,0,0.62730604
9034,2,0,0.6234454
9035,0,0,0.61355007
9036,1,0,0.62193054
9037,2,0,0.6452663
9038,2,0,0.66743165
9039,0,0,0.68759084
9040,1,0,0.7078536
9041,0,0,0.72177476
9042,0,0,0.7176277
9043,0,0,0.74332947
9044,1,0,0.730851
9045,2,0,0.7558597
9046,1,0,0.77924293
9047,3,0,0.8092205
9048,2,0,0.8316006
9049,1,0,0.85200876
9050,0,0,0.8777125
9051,0,0,0.89571524
9052,1,0,0.907408
9053,1,0,0.9340213
9054,1,0,0.95101666
9055,2,0,0.9558336
9056,2,0,0.998977
9057,0,0,1.0266043
9058,0,0,1.0932652
9059,0,0,1.1634828
9060,3,0,1.1806519
9061,3,0,1.2260069
9062,0,0,1.2495239
9063,0,0,1.3168596
9064,3,0,1.3400656
9065,1,0,1.3825715
9066,1,0,1.4999906
9067,1,0,1.6299284
9068,1,0,1.710785
9069,1,0,1.8533868
9070,3,0,1.8797245
9071,3,0,1.9137839
9072,0,0,1.9655241
9073,0,0,2.1783593
9074,1,0,2.344842
9075,0,1,0.85097027
9076,1,1,0.83639497
9077,0,1,0.8265697
9078,2,1,0.807815
9079,1,1,0.7922655
9080,0,1,0.77083564
9081,0,1,0.7877944
9082,0,1,0.7930193
9083,0,1,0.7972136
9084,1,1,0.98181635
9085,1,1,0.96763366
9086,0,1,0.9818137
9087,1,1,0.95922077
9088,0,1,0.9817602
9089,0,1,0.96137094
9090,0,0,0.9588259
9091,3,0,0.9656335
9092,1,0,0.95801246
9093,3,0,0.9404223
9094,0,0,0.9267857
9095,3,0,0.92088485
9096,1,0,0.92149365
9097,2,0,0.90590423
9098,2,0,0.8892051
9099,2,0,0.85241526
9100,0,0,0.83577114
9101,0,0,0.860078
9102,1,0,0.84502727
9103,0,0,0.8252122
9104,2,0,0.8152965
9105,2,0,0.73773557
9106,2,0,0.7145167
9107,1,0,0.7308215
9108,0,0,0.7631651
9109,2,0,0.76836264
9110,2,0,0.7918405
9111,2,0,0.77994376
9112,2,0,0.81075734
9113,0,0,0.8126102
9114,1,0,0.61164176
9115,1,0,0.6454868
9116,0,0,0.6105593
9117,1,0,0.6306503
9118,0,0,0.61701256
9119,0,0,0.61884016
9120,0,0,0.6143948
9121,2,0,0.60195446
9122,1,0,0.63029456
9123,1,0,0.6577316
9124,2,0,0.65367746
9125,3,0,0.65982616
9126,0,0,0.6489122
9127,3,0,0.64295274
9128,3,0,0.67843765
9129,1,0,0.7069781
9130,0,0,0.7253206
9131,0,0,0.7203194
9132,1,0,0.72414064
9133,2,0,0.7364899
9134,1,0,0.72443646
9135,3,0,0.7236409
9136,0,0,0.73867625
9137,1,0,0.7208726
9138,0,0,0.6921512
9139,3,0,0.6990008
9140,1,0,0.67531294
9141,1,0,0.67128897
9142,1,0,0.65391904
9143,1,0,0.64448017
9144,0,0,0.6446897
9145,2,0,0.62404007
9146,0,0,0.61879206
9147,0,0,0.59971684
9148,2,0,0.5864782
9149,2,0,0.6184222
9150,1,0,0.60086685
9151,0,0,0.59675103
9152,2,0,0.5657958
9153,1,0,0.5566211
9154,1,0,0.56420445
9155,0,0,0.5869638
9156,2,0,0.58364934
9157,3,0,0.5635897
9158,1,0,0.5621547
9159,3,0,0.54665357
9160,0,0,0.52109957
9161,0,0,0.54454285
9162,3,0,0.54651874
9163,0,0,0.5275311
9164,3,0,0.53151757
9165,0,0,0.560062
9166,1,0,0.5545443
9167,3,0,0.59913737
9168,3,0,0.62724954
9169,1,0,0.63380855
9170,1,0,0.64464754
9171,3,0,0.64455354
9172,1,0,0.64977384
9173,1,0,0.67676055
9174,2,0,0.6709389
9175,0,0,0.69034225
9176,1,0,0.69172007
9177,0,0,0.7177855
9178,0,0,0.7424674
9179,1,0,0.7353864
9180,2,0,0.7679758
9181,0,0,0.80033785
9182,1,0,0.81486547
9183,1,0,0.82561654
9184,0,0,0.85875785
9185,0,0,0.8627146
9186,0,0,0.8632216
9187,0,0,0.89604956
9188,2,0,0.8982265
9189,1,0,0.9321972
9190,2,0,0.97566354
9191,0,0,1.0063878
9192,1,0,1.0423111
9193,3,0,1.0625861
9194,0,1,0.6206826
9195,2,1,0.6198802
9196,0,1,0.65226686
9197,3,1,0.6404701
9198,2,1,0.6272795
9199,0,1,0.6385745
9200,0,1,0.62911713
9201,3,1,0.645417
9202,2,1,0.67127156
9203,0,1,0.6772866
9204,0,1,0.66547704
9205,1,1,0.67016137
9206,2,1,0.6683063
9207,1,1,0.66095793
9208,0,1,0.65954113
9209,3,1,0.66323143
9210,0,1,0.65131605
9211,2,1,0.6460785
9212,3,1,0.621766
9213,0,1,0.6189799
9214,1,1,0.64772975
9215,1,1,0.6385926
9216,0,1,0.6449355
9217,1,1,0.66561645
9218,3,1,0.8615246
9219,0,1,0.86591876
9220,3,1,0.8652953
9221,1,1,0.8740833
9222,2,1,0.88286656
9223,0,1,0.8821014
9224,1,0,0.90207964
9225,3,0,0.91738725
9226,2,0,0.8941751
9227,0,0,0.8916834
9228,0,0,0.90963453
9229,2,0,0.9053724
9230,0,0,0.9035028
9231,1,0,0.90371066
9232,2,0,0.89747685
9233,1,0,0.87837815
9234,1,0,0.8944981
9235,1,0,0.89685863
9236,1,0,0.9015255
9237,1,0,0.88793945
9238,0,0,0.8824068
9239,1,0,0.8881907
9240,2,0,0.89494956
9241,2,0,0.91567963
9242,1,0,0.9227816
9243,1,0,0.9258784
9244,1,0,0.9098763
9245,0,0,0.9161467
9246,1,0,0.89441276
9247,2,0,0.88326687
9248,1,0,0.68224204
9249,0,0,0.6676112
9250,0,0,0.6509746
9251,2,0,0.65064836
9252,3,0,0.63697857
9253,0,0,0.62343043
9254,0,0,0.6035
9255,1,0,0.622399
9256,0,0,0.6414558
9257,0,0,0.663911
9258,3,0,0.6529713
9259,0,0,0.6624214
9260,3,0,0.66305375
9261,0,0,0.6579537
9262,3,0,0.65971565
9263,0,0,0.6693168
9264,0,0,0.6567177
9265,1,0,0.6724127
9266,3,0,0.6869264
9267,0,0,0.6856215
9268,0,0,0.6911912
9269,0,0,0.6999221
9270,1,0,0.68266726
9271,1,0,0.6919269
9272,0,0,0.70665675
9273,0,0,0.7181504
9274,1,0,0.7346178
9275,1,0,0.72661066
9276,1,0,0.72634697
9277,0,0,0.7334069
9278,0,0,0.75210035
9279,1,0,0.7634301
9280,1,0,0.7613925
9281,0,0,0.7519905
9282,0,0,0.7686849
9283,1,0,0.77869105
9284,2,0,0.7864603
9285,1,0,0.7733064
9286,3,0,0.77105224
9287,2,0,0.77780837
9288,0,0,0.7750838
9289,2,0,0.76350105
9290,0,0,0.7671735
9291,3,0,0.75954163
9292,1,0,0.74703914
9293,1,0,0.75571615
9294,3,0,0.75495315
9295,0,0,0.7390768
9296,1,0,0.7341888
9297,1,0,0.7417598
9298,1,0,0.73656213
9299,0,0,0.7295246
9300,1,0,0.7318008
9301,1,0,0.737449
9302,2,0,0.7548021
9303,1,0,0.75652134
9304,1,0,0.76204437
9305,0,0,0.76678634
9306,2,0,0.7877167
9307,1,0,0.80065984
9308,0,0,0.79431784
9309,2,0,0.7829834
9310,1,0,0.81068397
9311,1,0,0.81829536
9312,0,0,0.82544196
9313,2,0,0.8237486
9314,0,0,0.8219711
9315,3,0,0.81655717
9316,0,0,0.82598287
9317,3,0,0.81495166
9318,0,0,0.8450921
9319,2,0,0.85725814
9320,3,0,0.8668919
9321,1,0,0.8799333
9322,1,0,0.89371794
9323,2,0,0.887003
9324,0,0,0.89468664
9325,0,0,0.93778455
9326,3,0,0.9421339
9327,0,0,1.1426647
9328,1,0,1.1699159
9329,1,0,1.1690842
9330,0,0,1.176216
9331,0,0,1.1864628
9332,3,0,1.1853421
9333,1,0,1.1997402
9334,1,0,1.1851922
9335,0,0,1.2280504
9336,0,0,1.233722
9337,0,0,1.245683
9338,1,0,1.2895154
9339,3,0,1.3017597
9340,3,0,1.2907312
9341,2,0,1.314415
9342,3,0,1.3278853
9343,1,0,1.3604659
9344,0,0,1.3681432
9345,1,0,1.3804315
9346,3,0,1.3644665
9347,0,0,1.3807284
9348,0,0,1.3737108
9349,0,0,1.3656987
9350,1,0,1.3622973
9351,0,0,1.3735582
9352,3,0,1.4302653
9353,1,0,1.4438912
9354,0,0,1.4558905
9355,3,0,1.481913
9356,0,0,1.4735907
9357,3,0,1.2959336
9358,0,0,1.3010656
9359,1,0,1.3010856
9360,1,0,1.3287641
9361,1,0,1.3952805
9362,0,0,1.4589138
9363,1,0,1.472521
9364,3,1,0.74526083
9365,1,1,0.74674934
9366,1,1,0.7596462
9367,1,1,0.7336256
9368,0,1,0.7224857
9369,0,1,0.7092555
9370,3,1,0.7086606
9371,0,1,0.7173706
9372,1,1,0.7292435
9373,0,1,0.73702234
9374,0,1,0.747453
9375,2,1,0.746978
9376,0,1,0.74985707
9377,0,1,0.75068873
9378,1,1,0.7477724
9379,1,1,0.7491893
9380,1,1,0.76013976
9381,2,1,0.7681124
9382,1,0,0.75479245
9383,2,0,0.74576145
9384,2,0,0.7436946
9385,0,0,0.7458853
9386,1,0,0.75108117
9387,1,0,0.7505328
9388,1,0,0.74112266
9389,2,0,0.7416168
9390,1,0,0.81175584
9391,0,0,0.83053666
9392,0,0,0.8466439
9393,0,0,0.8497884
9394,1,0,0.84114885
9395,0,0,0.8513354
9396,2,0,0.8414142
9397,0,0,0.84806323
9398,0,0,0.8536715
9399,1,0,0.8537586
9400,1,0,0.8415481
9401,0,0,0.8225208
9402,0,0,0.8211448
9403,0,0,0.81516975
9404,0,0,0.80592746
9405,1,0,0.80062723
9406,0,0,0.798794
9407,0,0,0.7757527
9408,2,0,0.77739
9409,0,0,0.77038485
9410,0,0,0.771212
9411,1,0,0.75894874
9412,0,0,0.7618464
9413,3,0,0.76083654
9414,2,0,0.77217436
9415,0,0,0.7620256
9416,1,0,0.7614872
9417,2,0,0.7761485
9418,0,0,0.78027487
9419,2,0,0.7663793
9420,1,0,0.69658947
9421,2,0,0.7061655
9422,0,0,0.69789433
9423,3,0,0.68017966
9424,1,0,0.6894183
9425,1,0,0.6512567
9426,3,0,0.6588152
9427,2,0,0.63965774
9428,1,0,0.6378542
9429,3,0,0.64260995
9430,1,0,0.65069747
9431,1,0,0.6808998
9432,2,0,0.6939922
9433,0,0,0.68801147
9434,0,0,0.68622804
9435,0,0,0.6987614
9436,1,0,0.6877272
9437,3,0,0.68134844
9438,1,0,0.69333017
9439,3,0,0.6890847
9440,1,0,0.6727145
9441,3,0,0.67538285
9442,0,0,0.66471
9443,0,0,0.68033296
9444,0,0,0.6713858
9445,0,0,0.6701326
9446,0,0,0.65717417
9447,0,0,0.6575498
9448,2,0,0.6631489
9449,1,0,0.6542232
9450,3,0,0.6694906
9451,2,0,0.64904445
9452,1,0,0.6519792
9453,2,0,0.6469373
9454,3,0,0.64645094
9455,1,0,0.6559592
9456,2,0,0.6387837
9457,0,0,0.6540636
9458,0,0,0.6406575
9459,0,0,0.63833416
9460,0,0,0.6526125
9461,1,0,0.63201666
9462,1,0,0.61224014
9463,2,0,0.6223865
9464,0,0,0.62990344
9465,0,0,0.6392331
9466,1,0,0.63967
9467,2,0,0.65315413
9468,2,0,0.66077703
9469,3,0,0.6824993
9470,3,0,0.6980626
9471,1,0,0.7084241
9472,3,0,0.72698104
9473,3,0,0.718609
9474,1,0,0.7373966
9475,2,0,0.7555666
9476,0,0,0.8041735
9477,0,0,0.82631564
9478,0,0,0.8307439
9479,0,0,0.858846
9480,2,0,0.87101275
9481,2,0,0.89737725
9482,1,0,0.936435
9483,1,0,0.97960854
9484,1,0,1.0192076
9485,3,0,1.0897043
9486,1,0,1.1585486
9487,1,0,1.1777738
9488,3,0,1.2073429
9489,1,0,1.2848765
9490,3,0,1.391519
9491,0,0,1.4235785
9492,1,0,1.4437616
9493,1,0,1.5135543
9494,1,1,0.72890574
9495,0,1,0.74371475
9496,0,1,0.745881
9497,2,1,0.74613994
9498,1,1,0.7270548
9499,1,1,0.7330575
9500,0,1,0.71322733
9501,2,1,0.72844017
9502,0,1,0.73245794
9503,0,1,0.7045535
9504,2,1,0.6871465
9505,3,1,0.6802165
9506,0,1,0.6774756
9507,2,1,0.6822479
9508,1,1,0.6833443
9509,1,1,0.68567467
9510,0,1,0.6727362
9511,0,1,0.65197754
9512,0,1,0.65749735
9513,1,0,0.64805216
9514,2,0,0.65906876
9515,1,0,0.66992176
9516,1,0,0.6564416
9517,0,0,0.6869613
9518,2,0,0.6989279
9519,2,0,0.70036185
9520,2,0,0.6952634
9521,0,0,0.70565885
9522,0,0,0.6863853
9523,0,0,0.6961149
9524,0,0,0.6938817
9525,3,0,0.6801579
9526,2,0,0.6842062
9527,0,0,0.69083136
9528,1,0,0.70183355
9529,0,0,0.69110274
9530,1,0,0.6933953
9531,0,0,0.6966759
9532,1,0,0.6901402
9533,3,0,0.6986594
9534,3,0,0.71588886
9535,0,0,0.7215011
9536,0,0,0.7348012
9537,0,0,0.7521093
9538,1,0,0.74342656
9539,0,0,0.7364258
9540,0,0,0.7950572
9541,0,0,0.7996802
9542,1,0,0.80880207
9543,0,0,0.81967366
9544,3,0,0.82748306
9545,0,0,0.81652045
9546,2,0,0.8055975
9547,0,0,0.7844401
9548,0,0,0.78097004
9549,0,0,0.77462184
9550,1,0,0.7773852
9551,0,0,0.76885533
9552,1,0,0.7927033
9553,2,0,0.7899288
9554,0,0,0.7903171
9555,0,0,0.81046623
9556,1,0,0.8086941
9557,1,0,0.81082255
9558,0,0,0.7990935
9559,0,0,0.81490993
9560,2,0,0.8249789
9561,3,0,0.8232974
9562,0,0,0.8242172
9563,2,0,0.8373173
9564,2,0,0.8311936
9565,0,0,0.83112466
9566,1,0,0.8353353
9567,0,0,0.82327074
9568,1,0,0.81565493
9569,1,0,0.80778813
9570,2,0,0.7535128
9571,0,0,0.7657283
9572,3,0,0.77075934
9573,3,0,0.75955874
9574,1,0,0.7436305
9575,0,0,0.74606955
9576,1,0,0.76211596
9577,1,0,0.75418246
9578,2,0,0.76832634
9579,3,0,0.79120934
9580,1,0,0.8104715
9581,1,0,0.8172717
9582,0,0,0.7946608
9583,2,0,0.8068123
9584,1,0,0.81057465
9585,1,0,0.8055951
9586,0,0,0.83322704
9587,3,0,0.83964884
9588,3,0,0.85247713
9589,2,0,0.8527787
9590,0,0,0.85081804
9591,3,0,0.8411812
9592,0,0,0.84978956
9593,1,0,0.8434625
9594,1,0,0.87197864
9595,0,0,0.89618367
9596,2,0,0.8836682
9597,1,0,0.8810541
9598,3,0,0.8883613
9599,1,0,0.9183813
9600,0,0,0.95392585
9601,1,0,0.96478134
9602,1,0,0.95676804
9603,1,0,0.9671344
9604,1,0,0.98312485
9605,2,0,1.0058074
9606,1,0,1.0222402
9607,2,0,1.053928
9608,3,0,1.0584254
9609,0,0,1.062392
9610,2,0,1.0622519
9611,2,0,1.0834773
9612,0,0,1.1094333
9613,3,0,1.1096139
9614,3,0,1.1140739
9615,0,0,1.1343561
9616,0,0,1.1116277
9617,1,0,1.1360548
9618,0,0,1.1341716
9619,1,0,1.1335552
9620,1,0,1.1481334
9621,0,0,1.2126815
9622,2,0,1.2263594
9623,0,0,1.2581029
9624,0,0,1.2449696
9625,1,0,1.2557075
9626,1,0,1.2996029
9627,0,0,1.324818
9628,2,1,0.5530182
9629,0,1,0.5487818
9630,3,1,0.53655225
9631,2,1,0.5399074
9632,0,1,0.5442562
9633,1,1,0.5746407
9634,0,1,0.57397187
9635,0,1,0.5513077
9636,0,1,0.58254653
9637,0,1,0.57963276
9638,0,1,0.59635675
9639,0,1,0.59689766
9640,0,1,0.60227436
9641,0,0,0.5879637
9642,0,0,0.6024039
9643,0,0,0.5810422
9644,3,0,0.59798735
9645,1,0,0.6188715
9646,1,0,0.61300004
9647,1,0,0.6106327
9648,0,0,0.6069622
9649,0,0,0.6102196
9650,1,0,0.58279717
9651,3,0,0.58463687
9652,1,0,0.5833848
9653,3,0,0.59556204
9654,3,0,0.5880061
9655,0,0,0.58114845
9656,1,0,0.5811813
9657,2,0,0.59907883
9658,2,0,0.594331
9659,0,0,0.5881011
9660,2,0,0.61307347
9661,0,0,0.6157741
9662,1,0,0.60248387
9663,0,0,0.59055734
9664,2,0,0.60271347
9665,3,0,0.601533
9666,0,0,0.6014885
9667,1,0,0.62367237
9668,0,0,0.626474
9669,1,0,0.62055624
9670,2,0,0.6067121
9671,0,0,0.62552077
9672,3,0,0.60510206
9673,3,0,0.6032225
9674,0,0,0.5921193
9675,0,0,0.56985515
9676,0,0,0.5776878
9677,0,0,0.5987077
9678,1,0,0.6005068
9679,2,0,0.5845255
9680,1,0,0.60546345
9681,0,0,0.6088974
9682,1,0,0.6132647
9683,3,0,0.59964436
9684,3,0,0.5982895
9685,1,0,0.58926636
9686,3,0,0.5906347
9687,3,0,0.5718118
9688,0,0,0.5933351
9689,0,0,0.5939802
9690,3,0,0.59621906
9691,0,0,0.5929003
9692,0,0,0.6166528
9693,0,0,0.61308503
9694,1,0,0.61771256
9695,0,0,0.6226981
9696,0,0,0.62511855
9697,0,0,0.61957854
9698,0,0,0.6063045
9699,0,0,0.6049067
9700,0,0,0.6229089
9701,2,0,0.6309097
9702,1,0,0.6354182
9703,3,0,0.64559704
9704,0,0,0.6682288
9705,1,0,0.6691022
9706,0,0,0.6875642
9707,2,0,0.68539536
9708,0,0,0.6701028
9709,0,0,0.67422247
9710,1,0,0.66054523
9711,1,0,0.66921574
9712,0,0,0.6634074
9713,2,0,0.67032886
9714,1,0,0.6716105
9715,0,0,0.67883587
9716,3,0,0.6836413
9717,0,0,0.70126957
9718,0,0,0.705963
9719,0,0,0.7259907
9720,0,0,0.72007674
9721,1,0,0.71913624
9722,0,0,0.71358645
9723,0,0,0.75326526
9724,0,0,0.7641197
9725,0,0,0.7828904
9726,2,0,0.7862392
9727,0,0,0.7864255
9728,1,0,0.8047403
9729,0,0,0.8302746
9730,2,0,0.84094983
9731,3,0,0.86456776
9732,2,0,0.8993581
9733,3,0,0.94878256
9734,2,0,0.9664788
9735,1,0,1.0023996
9736,1,0,0.9992918
9737,0,0,1.0113784
9738,0,0,1.0488052
9739,3,1,0.669077
9740,0,1,0.64757293
9741,0,1,0.63183314
9742,0,1,0.6580983
9743,0,1,0.63165
9744,0,1,0.6459468
9745,0,1,0.62425554
9746,3,1,0.6163347
9747,2,1,0.60373867
9748,1,1,0.6064705
9749,3,1,0.59459424
9750,0,1,0.59531945
9751,0,1,0.6048552
9752,1,1,0.616827
9753,0,1,0.6243347
9754,3,1,0.62378174
9755,2,1,0.62182516
9756,1,1,0.6198684
9757,0,1,0.5991864
9758,0,0,0.6058797
9759,3,0,0.6397254
9760,0,0,0.6370537
9761,1,0,0.6463876
9762,1,0,0.67548805
9763,2,0,0.6680496
9764,3,0,0.6607676
9765,1,0,0.68642545
9766,2,0,0.6684527
9767,1,0,0.60035
9768,2,0,0.6227567
9769,2,0,0.61789703
9770,0,0,0.6253555
9771,3,0,0.6127729
9772,1,0,0.59064096
9773,0,0,0.5892373
9774,0,0,0.5622913
9775,0,0,0.56488836
9776,0,0,0.57494247
9777,1,0,0.57308185
9778,1,0,0.59379405
9779,0,0,0.5973161
9780,1,0,0.5982626
9781,2,0,0.6163956
9782,0,0,0.6068336
9783,0,0,0.59505826
9784,2,0,0.59998053
9785,3,0,0.62699556
9786,0,0,0.62009776
9787,0,0,0.6196636
9788,0,0,0.63234067
9789,3,0,0.595378
9790,1,0,0.6159707
9791,1,0,0.58606267
9792,0,0,0.5639313
9793,0,0,0.5523015
9794,3,0,0.5394616
9795,0,0,0.54450274
9796,2,0,0.5575225
9797,3,0,0.5527699
9798,0,0,0.5304781
9799,1,0,0.55379957
9800,0,0,0.54305524
9801,0,0,0.55946803
9802,1,0,0.5717145
9803,2,0,0.58851445
9804,1,0,0.5991124
9805,3,0,0.59712195
9806,2,0,0.6003522
9807,3,0,0.6050163
9808,0,0,0.5895986
9809,0,0,0.60688436
9810,0,0,0.6132425
9811,2,0,0.6098934
9812,0,0,0.621711
9813,1,0,0.61961466
9814,3,0,0.60716456
9815,1,0,0.5942061
9816,1,0,0.59858197
9817,0,0,0.6019381
9818,2,0,0.5797967
9819,2,0,0.61535937
9820,1,0,0.5993141
9821,1,0,0.6269283
9822,3,0,0.6480916
9823,0,0,0.65868723
9824,0,0,0.67635626
9825,1,0,0.6622378
9826,0,0,0.64825463
9827,3,0,0.65687144
9828,3,0,0.68191916
9829,2,0,0.683996
9830,0,0,0.69000137
9831,0,0,0.68999416
9832,2,0,0.689086
9833,0,0,0.6787893
9834,2,0,0.67113155
9835,0,0,0.6834359
9836,0,0,0.69202214
9837,1,0,0.69800436
9838,1,0,0.68991333
9839,3,0,0.69558775
9840,0,0,0.72017413
9841,3,0,0.7177518
9842,0,0,0.71763396
9843,0,0,0.75489503
9844,2,0,0.7642221
9845,1,0,0.7767315
9846,1,0,0.78926206
9847,0,0,0.8129074
9848,2,0,0.8344271
9849,0,0,0.8240784
9850,0,0,0.8510511
9851,1,0,0.8358065
9852,2,0,0.8377362
9853,0,0,0.84049016
9854,1,0,0.8430664
9855,1,0,0.8746155
9856,2,0,0.8988638
9857,0,0,0.91464514
9858,2,0,0.91682583
9859,0,0,0.9327044
9860,1,0,0.95043355
9861,1,0,0.96138626
9862,2,0,0.9654846
9863,1,0,1.0015837
9864,2,0,1.0442133
9865,2,0,1.083785
9866,0,0,1.0751677
9867,1,0,1.0847595
9868,0,0,1.1371146
9869,0,0,1.1319194
9870,0,0,1.2427378
9871,1,0,1.2774316
9872,1,1,0.7729652
9873,3,1,0.767949
9874,0,1,0.77494806
9875,3,1,0.7740421
9876,3,1,0.78112066
9877,1,1,0.7608259
9878,3,1,0.7464415
9879,0,1,0.7488997
9880,0,1,0.7521628
9881,0,1,0.7415434
9882,0,1,0.727951
9883,0,1,0.72876096
9884,0,1,0.7435131
9885,2,1,0.7519093
9886,0,1,0.7529127
9887,3,1,0.7274983
9888,1,1,0.7127607
9889,0,1,0.71764076
9890,1,1,0.71562034
9891,0,1,0.70504254
9892,3,1,0.7048761
9893,0,1,0.69022703
9894,2,1,0.6869595
9895,2,1,0.65505755
9896,2,1,0.62811005
9897,2,1,0.6235586
9898,1,1,0.59996504
9899,1,1,0.59449965
9900,0,1,0.5794703
9901,0,0,0.57496125
9902,0,0,0.57248145
9903,1,0,0.606998
9904,0,0,0.6016358
9905,0,0,0.58764225
9906,1,0,0.59657246
9907,1,0,0.6274738
9908,0,0,0.63685226
9909,3,0,0.6380746
9910,2,0,0.66944534
9911,3,0,0.68864
9912,1,0,0.68931973
9913,0,0,0.69821864
9914,0,0,0.6900049
9915,0,0,0.7126491
9916,0,0,0.7388705
9917,0,0,0.74757606
9918,1,0,0.74224883
9919,3,0,0.757202
9920,1,0,0.7567
9921,0,0,0.75291103
9922,2,0,0.7342176
9923,3,0,0.73088026
9924,0,0,0.7433396
9925,1,0,0.7627084
9926,3,0,0.7671365
9927,0,0,0.7707326
9928,0,0,0.7694812
9929,0,0,0.76563495
9930,0,0,0.7692151
9931,1,0,0.7594923
9932,2,0,0.7663186
9933,0,0,0.75731784
9934,1,0,0.7524159
9935,3,0,0.7663242
9936,3,0,0.7724428
9937,2,0,0.7624536
9938,1,0,0.75881416
9939,1,0,0.76745284
9940,1,0,0.7658087
9941,0,0,0.7478511
9942,1,0,0.7541809
9943,2,0,0.7678542
9944,1,0,0.76949584
9945,3,0,0.7640057
9946,3,0,0.7416267
9947,1,0,0.7315905
9948,1,0,0.7442533
9949,1,0,0.7194611
9950,1,0,0.72441643
9951,1,0,0.7245722
9952,0,0,0.7285072
9953,1,0,0.71303576
9954,1,0,0.69785434
9955,3,0,0.68729883
9956,0,0,0.6740029
9957,1,0,0.67486376
9958,0,0,0.6780544
9959,1,0,0.6795043
9960,3,0,0.6782606
9961,0,0,0.6930145
9962,1,0,0.6917369
9963,2,0,0.6731453
9964,1,0,0.65085655
9965,3,0,0.65692824
9966,2,0,0.6422079
9967,2,0,0.629433
9968,3,0,0.62697184
9969,0,0,0.6196536
9970,3,0,0.6085778
9971,0,0,0.62264633
9972,1,0,0.6452876
9973,3,0,0.64465475
9974,1,0,0.64399964
9975,1,0,0.6540255
9976,1,0,0.6632537
9977,0,0,0.6778204
9978,2,0,0.68146664
9979,0,0,0.69763094
9980,2,0,0.6918411
9981,3,0,0.69358504
9982,2,0,0.6998272
9983,1,0,0.72372645
9984,0,0,0.73709947
9985,1,0,0.73254824
9986,1,0,0.7448983
9987,1,0,0.7498728
9988,0,0,0.74283385
9989,0,0,0.7426847
9990,1,0,0.7359331
9991,3,0,0.737941
9992,1,0,0.7412364
9993,0,0,0.7365548
9994,3,0,0.73959345
9995,2,0,0.73293716
9996,3,0,0.74818563
9997,0,0,0.765914
9998,1,0,0.78968227
9999,2,0,0.7842079
10000,1,0,0.7862001
10001,0,0,0.78129226
10002,0,0,0.78289217
10003,0,0,0.7736927
10004,0,0,0.7815188
10005,3,0,0.7708928
10006,1,0,0.77891034
10007,2,0,0.7881225
10008,0,0,0.79140675
10009,1,0,0.83139855
10010,1,0,0.84989333
10011,1,0,0.8760932
10012,1,0,0.8961434
10013,2,0,0.917234
10014,0,0,0.92278093
10015,1,0,0.9743134
10016,0,0,0.9951398
10017,2,0,1.0165023
10018,0,0,1.0706868
10019,0,0,1.0830523
10020,1,0,1.1201977
10021,1,0,1.1215891
10022,1,0,1.1361742
10023,3,0,1.157954
10024,1,0,1.1810626
10025,2,0,1.2452892
10026,2,0,1.263996
10027,2,0,1.3459828
10028,1,0,1.4240584
10029,3,0,1.4425212
10030,2,0,1.4738963
10031,0,0,1.4848964
10032,3,0,1.5971822
10033,0,0,1.6679693
10034,2,0,1.6881999
10035,1,0,1.7090085
10036,0,0,1.7518508
10037,3,1,0.6218029
10038,0,1,0.62903464
10039,1,1,0.6378785
10040,0,1,0.63616544
10041,3,1,0.6335688
10042,0,1,0.6316713
10043,0,1,0.63784456
10044,0,1,0.608852
10045,2,1,0.6049524
10046,0,1,0.6262129
10047,0,1,0.63157725
10048,0,1,0.6426558
10049,0,1,0.64286596
10050,1,1,0.64130557
10051,0,1,0.6377309
10052,2,1,0.610817
10053,0,1,0.6066009
10054,1,1,0.604985
10055,3,1,0.58653426
10056,3,1,0.59418553
10057,1,1,0.6300117
10058,0,1,0.6523547
10059,1,1,0.6829921
10060,1,1,0.6842159
10061,0,0,0.6907796
10062,1,0,0.6843816
10063,2,0,0.6847727
10064,2,0,0.687908
10065,0,0,0.68655413
10066,2,0,0.67648077
10067,0,0,0.67018694
10068,1,0,0.67815065
10069,0,0,0.66796356
10070,1,0,0.66545445
10071,0,0,0.670111
10072,1,0,0.66732705
10073,0,0,0.660657
10074,3,0,0.67204195
10075,2,0,0.6690606
10076,1,0,0.6581932
10077,3,0,0.65746456
10078,0,0,0.64550835
10079,3,0,0.66605866
10080,0,0,0.67854
10081,1,0,0.6824743
10082,1,0,0.7024663
10083,0,0,0.7122763
10084,1,0,0.71667993
10085,2,0,0.72326845
10086,3,0,0.7181341
10087,2,0,0.7036875
10088,1,0,0.70756674
10089,1,0,0.6839448
10090,0,0,0.7009722
10091,2,0,0.71122825
10092,2,0,0.69105005
10093,1,0,0.69657165
10094,1,0,0.6996126
10095,0,0,0.7214062
10096,1,0,0.7350306
10097,1,0,0.71868616
10098,0,0,0.7158254
10099,1,0,0.7040539
10100,1,0,0.7091167
10101,0,0,0.7277495
10102,1,0,0.74898034
10103,3,0,0.76122093
10104,1,0,0.7614973
10105,1,0,0.7644348
10106,3,0,0.76502126
10107,0,0,0.78430235
10108,3,0,0.7910076
10109,0,0,0.7914213
10110,0,0,0.7769026
10111,3,0,0.7804593
10112,1,0,0.76112235
10113,2,0,0.73964965
10114,0,0,0.71924955
10115,1,0,0.69744754
10116,1,0,0.7076009
10117,1,0,0.71654356
10118,3,0,0.69874376
10119,1,0,0.73299515
10120,2,0,0.7337496
10121,1,0,0.74083346
10122,0,0,0.75936097
10123,1,0,0.75773245
10124,0,0,0.9506083
10125,0,0,0.9329654
10126,0,0,0.92037284
10127,2,0,0.93642896
10128,3,0,0.92983836
10129,2,0,0.9323859
10130,1,0,0.9296873
10131,2,0,0.919668
10132,2,0,0.9217784
10133,0,0,0.9383046
10134,3,0,0.9553664
10135,1,0,0.96839136
10136,0,0,0.99466765
10137,3,0,0.9841792
10138,2,0,0.99598426
10139,2,0,1.0089539
10140,0,0,1.0239054
10141,1,0,1.0310793
10142,0,0,1.0419432
10143,0,0,1.0645905
10144,3,0,1.0787276
10145,0,0,1.1065694
10146,1,0,1.1144593
10147,0,0,1.1328182
10148,1,0,1.148683
10149,0,0,1.1347334
10150,0,0,1.1508877
10151,2,0,1.1683233
10152,0,0,1.1699363
10153,0,0,1.1957891
10154,3,0,1.0178667
10155,3,0,1.0286113
10156,1,0,1.0486785
10157,1,0,1.0692551
10158,0,0,1.0801377
10159,0,0,1.1271858
10160,0,0,1.137161
10161,0,0,1.1506183
10162,2,0,1.1587445
10163,0,0,1.1727897
10164,1,0,1.1784034
10165,3,0,1.1996131
10166,0,0,1.2163906
10167,0,0,1.2365048
10168,1,0,1.245043
10169,0,0,1.2409848
10170,3,0,1.2584453
10171,3,0,1.3049088
10172,0,0,1.3242103
10173,3,0,1.3270477
10174,0,0,1.335103
10175,1,0,1.3487777
10176,1,0,1.37634
10177,3,0,1.4138652
10178,0,0,1.4368944
10179,3,0,1.4527014
10180,0,0,1.4661875
10181,1,0,1.4978644
10182,0,0,1.579081
10183,1,0,1.6014707
10184,0,0,1.7023526
10185,1,1,0.8008352
10186,1,1,0.7957701
10187,0,1,0.7130834
10188,0,1,0.7298324
10189,0,1,0.71688324
10190,0,1,0.7384576
10191,0,1,0.74296653
10192,0,1,0.7131116
10193,3,1,0.6917638
10194,0,1,0.6975916
10195,1,1,0.71801126
10196,3,1,0.7250997
10197,1,1,0.7493345
10198,2,1,0.7478074
10199,1,1,0.73872304
10200,1,1,0.7337806
10201,2,1,0.72964966
10202,1,1,0.72267437
10203,0,1,0.7425817
10204,0,1,0.7325974
10205,0,1,0.7160264
10206,1,1,0.72145474
10207,0,1,0.74734175
10208,1,1,0.7302163
10209,0,1,0.7341794
10210,3,1,0.70981646
10211,1,1,0.71707374
10212,0,1,0.70369494
10213,2,1,0.7129433
10214,2,1,0.7191674
10215,2,1,0.7156369
10216,3,1,0.71014667
10217,1,1,0.70405775
10218,0,1,0.71319747
10219,0,1,0.7147479
10220,1,1,0.71951747
10221,0,0,0.7261835
10222,3,0,0.7263668
10223,1,0,0.7334902
10224,1,0,0.71784896
10225,1,0,0.7690294
10226,0,0,0.75750333
10227,1,0,0.7652168
10228,0,0,0.77189296
10229,1,0,0.7932488
10230,1,0,0.7920708
10231,0,0,0.8045105
10232,1,0,0.8754228
10233,2,0,0.8708352
10234,1,0,0.8825033
10235,1,0,0.8784331
10236,1,0,0.8896613
10237,2,0,0.8701795
10238,0,0,0.8885128
10239,0,0,0.89137024
10240,1,0,0.8890282
10241,0,0,0.893306
10242,1,0,0.8938114
10243,0,0,0.8912541
10244,3,0,0.8942837
10245,1,0,0.89116675
10246,0,0,0.88592577
10247,3,0,0.8834188
10248,2,0,0.86767656
10249,0,0,0.8692528
10250,1,0,0.86801475
10251,3,0,0.870198
10252,0,0,0.87452644
10253,1,0,0.88365054
10254,1,0,0.88902104
10255,0,0,0.82488847
10256,0,0,0.8159178
10257,3,0,0.80346125
10258,1,0,0.8036381
10259,3,0,0.7948592
10260,2,0,0.791787
10261,0,0,0.7873328
10262,2,0,0.7329569
10263,1,0,0.74081975
10264,1,0,0.74839693
10265,0,0,0.75256485
10266,1,0,0.74436575
10267,1,0,0.7588461
10268,0,0,0.74409187
10269,0,0,0.72965604
10270,2,0,0.72267586
10271,2,0,0.6994881
10272,0,0,0.7219707
10273,0,0,0.7178092
10274,0,0,0.736882
10275,2,0,0.7504691
10276,1,0,0.76302046
10277,1,0,0.77196145
10278,0,0,0.7795062
10279,0,0,0.7596409
10280,3,0,0.7340735
10281,0,0,0.71651405
10282,1,0,0.7425193
10283,0,0,0.7374773
10284,1,0,0.77284837
10285,0,0,0.7830332
10286,1,0,0.7840902
10287,1,0,0.7788206
10288,0,0,0.7859161
10289,0,0,0.794469
10290,0,0,0.8615059
10291,1,0,0.859424
10292,1,0,0.86336493
10293,1,0,0.8722362
10294,2,0,0.8406818
10295,1,0,0.8390289
10296,1,0,0.8234718
10297,0,0,0.80348706
10298,0,0,0.7976474
10299,0,0,0.79498744
10300,2,0,0.8040057
10301,3,0,0.822753
10302,1,0,0.8122583
10303,0,0,0.8076132
10304,0,0,0.8018227
10305,0,0,0.7937796
10306,1,0,0.7960508
10307,0,0,0.7922155
10308,3,0,0.79726386
10309,3,0,0.8030926
10310,3,0,0.8658111
10311,3,0,0.8534882
10312,3,0,0.8658212
10313,3,0,0.87527204
10314,0,0,0.86651796
10315,1,0,0.895
10316,2,0,0.9165409
10317,0,0,0.93926555
10318,0,0,0.93848103
10319,0,0,0.94561285
10320,0,0,0.8852008
10321,0,0,0.91183794
10322,1,0,0.9143864
10323,1,0,0.9582335
10324,0,0,0.99495775
10325,3,0,1.0216383
10326,0,0,1.0625979
10327,0,0,1.0770303
10328,3,0,1.1384331
10329,0,0,1.1652356
10330,2,0,1.1739635
10331,1,0,1.1786875
10332,2,0,1.2001467
10333,0,0,1.21541
10334,2,0,1.225602
10335,3,0,1.2448292
10336,0,0,1.2511717
10337,0,0,1.2788072
10338,1,0,1.3451339
10339,0,0,1.3815812
10340,0,0,1.3958925
10341,1,0,1.4267583
10342,0,0,1.4757957
10343,3,0,1.5554615
10344,2,0,1.6424752
10345,1,0,1.6684062
10346,1,0,1.760617
10347,1,0,1.819919
10348,3,0,1.8740972
10349,0,0,1.9763639
10350,0,0,2.0773895
10351,1,0,2.1878002
10352,0,0,2.3197246
10353,3,0,2.3605874
10354,2,0,2.501069
10355,1,0,2.518174
10356,2,0,2.5980084
10357,2,0,2.7662258
10358,0,0,2.7572694
10359,0,0,2.9066105
10360,0,0,3.1187422
10361,3,0,3.3386962
10362,0,0,3.4960992
10363,0,0,3.5477962
10364,0,0,3.599949
10365,0,0,3.6532886
10366,2,0,3.8592646
10367,0,0,4.049235
10368,2,0,4.2412744
10369,1,0,4.2924747
10370,0,0,4.3348875
10371,2,0,4.7871203
10372,1,0,4.82449
10373,3,0,5.039643
10374,1,1,0.6530001
10375,0,1,0.6332318
10376,0,1,0.63571733
10377,1,1,0.6428051
10378,1,1,0.6239386
10379,1,1,0.6158234
10380,1,1,0.5981627
10381,3,1,0.5854878
10382,0,1,0.5900044
10383,0,1,0.595238
10384,0,1,0.57428354
10385,3,1,0.5859741
10386,1,1,0.5845933
10387,0,1,0.5741569
10388,2,1,0.5737813
10389,0,1,0.5740925
10390,0,1,0.55740327
10391,0,1,0.5601208
10392,3,1,0.57164663
10393,3,1,0.5756332
10394,2,1,0.5671778
10395,0,1,0.56723243
10396,0,1,0.56577873
10397,0,1,0.5712751
10398,2,1,0.54002804
10399,1,1,0.5399797
10400,1,0,0.54270774
10401,1,0,0.551727
10402,0,0,0.54891706
10403,1,0,0.548401
10404,3,0,0.55233365
10405,2,0,0.54743326
10406,1,0,0.530382
10407,0,0,0.5311461
10408,0,0,0.5466145
10409,0,0,0.54589796
10410,1,0,0.5527498
10411,2,0,0.5545055
10412,3,0,0.5539919
10413,0,0,0.5342985
10414,0,0,0.5372502
10415,0,0,0.536286
10416,1,0,0.53886586
10417,0,0,0.5409546
10418,2,0,0.5532216
10419,3,0,0.5452471
10420,0,0,0.5382319
10421,2,0,0.5450849
10422,1,0,0.54766315
10423,3,0,0.53108436
10424,0,0,0.5271041
10425,0,0,0.5120565
10426,2,0,0.49903777
10427,3,0,0.5173126
10428,3,0,0.5368113
10429,0,0,0.5550894
10430,1,0,0.55592567
10431,1,0,0.54993075
10432,1,0,0.55269235
10433,2,0,0.570428
10434,2,0,0.5714282
10435,1,0,0.57291466
10436,0,0,0.5889516
10437,0,0,0.6066428
10438,2,0,0.60605407
10439,0,0,0.61071205
10440,0,0,0.6120357
10441,1,0,0.61660516
10442,1,0,0.62174565
10443,0,0,0.6234453
10444,3,0,0.6308837
10445,2,0,0.6288003
10446,0,0,0.627763
10447,0,0,0.61934906
10448,2,0,0.6162064
10449,2,0,0.61614716
10450,1,0,0.6323868
10451,1,0,0.6409973
10452,1,0,0.641463
10453,0,0,0.64924693
10454,0,0,0.65785104
10455,0,0,0.6824387
10456,0,0,0.6934326
10457,0,0,0.6771425
10458,0,0,0.6540891
10459,1,0,0.6299536
10460,1,0,0.6306033
10461,1,0,0.63883364
10462,1,0,0.6517429
10463,2,0,0.65723014
10464,1,0,0.6890906
10465,0,0,0.7010899
10466,1,0,0.70683026
10467,2,0,0.7293224
10468,1,0,0.7312994
10469,0,0,0.73102933
10470,1,0,0.7469628
10471,0,0,0.74813515
10472,0,0,0.74900633
10473,0,0,0.7633049
10474,0,0,0.7748859
10475,1,0,0.77327853
10476,0,0,0.7880404
10477,0,0,0.7953377
10478,0,0,0.77906203
10479,0,0,0.79641116
10480,1,0,0.79507226
10481,0,0,0.7869842
10482,1,0,0.7867252
10483,2,0,0.7948503
10484,1,0,0.79265374
10485,0,0,0.78043264
10486,0,0,0.7865049
10487,1,0,0.80733746
10488,1,0,0.82304317
10489,1,0,0.8320361
10490,0,0,0.8491465
10491,0,0,0.84664696
10492,2,0,0.8384355
10493,1,0,0.8286574
10494,1,0,0.8322628
10495,1,0,0.85197103
10496,1,0,0.871692
10497,1,0,0.86054516
10498,1,0,0.8758145
10499,2,0,0.89097357
10500,0,0,0.89096236
10501,3,0,0.8996305
10502,1,0,0.9291992
10503,0,0,0.93902695
10504,1,0,0.956651
10505,0,0,0.9744972
10506,3,0,0.96741563
10507,1,0,0.9571524
10508,3,0,0.9868507
10509,3,0,1.0228345
10510,0,0,1.0214653
10511,2,0,1.0348682
10512,0,0,1.0308999
10513,3,0,1.0425817
10514,1,0,1.0629396
10515,3,0,1.0823253
10516,0,0,1.0705001
10517,1,0,1.0751057
10518,3,0,1.0824877
10519,3,0,1.101135
10520,1,0,1.1442688
10521,1,0,1.173893
10522,1,0,1.2326388
10523,3,0,1.2436752
10524,0,0,1.2607515
10525,1,0,1.2854034
10526,1,0,1.3073246
10527,1,0,1.3151524
10528,2,0,1.332348
10529,0,1,0.61571264
10530,1,1,0.61983526
10531,1,1,0.64686394
10532,3,1,0.67270195
10533,0,1,0.64509875
10534,1,1,0.65611
10535,0,1,0.64323074
10536,1,1,0.6547103
10537,2,1,0.6517058
10538,1,1,0.6413079
10539,3,1,0.64108896
10540,2,1,0.65960133
10541,2,1,0.6737465
10542,2,1,0.67678046
10543,1,1,0.6754248
10544,2,1,0.67248106
10545,1,1,0.6537791
10546,1,1,0.6566469
10547,3,1,0.65285903
10548,1,1,0.67499465
10549,3,1,0.67546195
10550,1,0,0.6608722
10551,1,0,0.6448854
10552,0,0,0.6346451
10553,1,0,0.6318762
10554,0,0,0.6204863
10555,0,0,0.62619185
10556,1,0,0.6308181
10557,1,0,0.63558644
10558,0,0,0.64715225
10559,0,0,0.63095653
10560,1,0,0.6424399
10561,1,0,0.6241439
10562,0,0,0.6226754
10563,0,0,0.6379254
10564,2,0,0.62681335
10565,0,0,0.64567804
10566,0,0,0.64990836
10567,3,0,0.6473076
10568,0,0,0.6421411
10569,0,0,0.6438388
10570,2,0,0.6211244
10571,0,0,0.60830516
10572,1,0,0.6098059
10573,2,0,0.59514475
10574,1,0,0.5753668
10575,2,0,0.5708367
10576,1,0,0.5480416
10577,1,0,0.535305
10578,0,0,0.5143188
10579,1,0,0.52698284
10580,0,0,0.5396014
10581,2,0,0.54048777
10582,3,0,0.5293786
10583,1,0,0.5508683
10584,2,0,0.5544304
10585,0,0,0.5552324
10586,0,0,0.5510712
10587,0,0,0.5475642
10588,3,0,0.5447563
10589,3,0,0.541599
10590,2,0,0.5222194
10591,0,0,0.5163071
10592,2,0,0.5236064
10593,1,0,0.5336433
10594,1,0,0.5317013
10595,2,0,0.53776485
10596,2,0,0.51386535
10597,0,0,0.5147754
10598,0,0,0.5227198
10599,3,0,0.52503437
10600,3,0,0.5255586
10601,2,0,0.51493454
10602,1,0,0.5136026
10603,2,0,0.51494676
10604,0,0,0.532107
10605,3,0,0.557088
10606,0,0,0.5816261
10607,0,0,0.6007195
10608,0,0,0.59114784
10609,1,0,0.57361263
10610,0,0,0.5668442
10611,2,0,0.75931185
10612,3,0,0.7629416
10613,1,0,0.759234
10614,2,0,0.77148104
10615,2,0,0.78542894
10616,0,0,0.80503416
10617,2,0,0.8198013
10618,0,0,0.8295362
10619,0,0,0.8605829
10620,1,0,0.86417645
10621,0,0,0.89126325
10622,2,0,0.8824962
10623,2,0,0.8760186
10624,0,0,0.8972515
10625,2,0,0.8960917
10626,2,0,0.90835094
10627,1,0,0.90822095
10628,1,0,0.9130381
10629,1,0,0.91550505
10630,0,0,0.9278574
10631,2,0,0.94575
10632,1,0,0.95217466
10633,0,0,0.96477187
10634,2,0,0.9443493
10635,2,0,0.9240901
10636,1,0,0.91628146
10637,3,0,0.9177567
10638,3,0,0.94271475
10639,1,0,0.96422625
10640,1,0,0.9818283
10641,0,0,0.80399007
10642,2,0,0.8177732
10643,0,0,0.8454063
10644,0,0,0.8407568
10645,0,0,0.8462461
10646,1,0,0.84142977
10647,0,0,0.8690297
10648,2,0,0.8817404
10649,3,0,0.8724184
10650,0,0,0.8882101
10651,1,0,0.88772726
10652,3,0,0.9237781
10653,1,0,0.964985
10654,1,0,1.0036384
10655,0,0,0.9981745
10656,0,0,1.005908
10657,3,0,1.0188999
10658,0,0,1.0349219
10659,1,0,1.067141
10660,1,0,1.1073104
10661,0,0,1.1453615
10662,3,0,1.1820551
10663,2,0,1.1964074
10664,0,0,1.2489132
10665,1,0,1.3142915
10666,3,0,1.4058393
10667,0,0,1.4483961
10668,2,1,0.6984679
10669,0,1,0.72254646
10670,3,1,0.7124782
10671,2,1,0.7014985
10672,0,1,0.73604786
10673,1,1,0.724072
10674,1,1,0.709277
10675,0,1,0.69703305
10676,2,1,0.7056001
10677,3,1,0.7116935
10678,1,1,0.7299894
10679,1,1,0.7408664
10680,3,1,0.7401211
10681,3,1,0.7560935
10682,1,1,0.70112115
10683,0,1,0.6802266
10684,2,1,0.67617947
10685,0,1,0.68342036
10686,0,1,0.70789814
10687,0,1,0.6963176
10688,0,1,0.6920725
10689,0,1,0.67579055
10690,1,1,0.6644177
10691,1,1,0.6664249
10692,0,1,0.6622183
10693,0,1,0.6573931
10694,0,1,0.6652059
10695,1,1,0.66226083
10696,0,1,0.65935814
10697,3,1,0.6712346
10698,0,1,0.69232565
10699,3,1,0.6731252
10700,0,1,0.6852471
10701,3,1,0.67862296
10702,0,1,0.6700647
10703,3,1,0.6841835
10704,3,1,0.6805235
10705,0,1,0.68034834
10706,3,1,0.6767537
10707,2,1,0.6784972
10708,0,1,0.655264
10709,0,1,0.663668
10710,0,1,0.6773058
10711,0,1,0.67888266
10712,0,1,0.6761235
10713,0,1,0.69985485
10714,1,1,0.71351844
10715,3,1,0.728276
10716,1,1,0.7110985
10717,0,1,0.71448654
10718,2,1,0.7069357
10719,0,1,0.708577
10720,1,1,0.72777355
10721,1,1,0.7068405
10722,3,1,0.7048402
10723,1,0,0.7358939
10724,1,0,0.71536195
10725,1,0,0.7300184
10726,1,0,0.7411724
10727,0,0,0.7299545
10728,1,0,0.72479635
10729,0,0,0.7175607
10730,0,0,0.702926
10731,3,0,0.69987583
10732,1,0,0.68653417
10733,0,0,0.66444343
10734,0,0,0.668215
10735,0,0,0.6704394
10736,0,0,0.68033224
10737,0,0,0.6924406
10738,2,0,0.7049356
10739,0,0,0.70821315
10740,1,0,0.6778372
10741,1,0,0.64893734
10742,0,0,0.6234419
10743,2,0,0.5991119
10744,0,0,0.5881635
10745,2,0,0.59441537
10746,3,0,0.62017524
10747,0,0,0.6318614
10748,0,0,0.6199681
10749,0,0,0.6249343
10750,1,0,0.6287306
10751,0,0,0.6573915
10752,1,0,0.644864
10753,1,0,0.6189356
10754,0,0,0.64032596
10755,0,0,0.64824086
10756,2,0,0.6286203
10757,0,0,0.6230778
10758,3,0,0.60205907
10759,0,0,0.6086825
10760,1,0,0.63249314
10761,1,0,0.6572822
10762,0,0,0.67193955
10763,1,0,0.67330915
10764,1,0,0.6872019
10765,0,0,0.6847695
10766,3,0,0.6860373
10767,2,0,0.6685047
10768,0,0,0.6459538
10769,0,0,0.6352222
10770,3,0,0.6468109
10771,2,0,0.6578841
10772,0,0,0.6515401
10773,0,0,0.64951694
10774,0,0,0.6540944
10775,0,0,0.6501028
10776,1,0,0.63966924
10777,0,0,0.62574744
10778,0,0,0.61922556
10779,0,0,0.6200477
10780,1,0,0.6217395
10781,2,0,0.606173
10782,2,0,0.6166303
10783,0,0,0.6336825
10784,1,0,0.62054145
10785,1,0,0.616599
10786,2,0,0.62546384
10787,2,0,0.64204264
10788,3,0,0.6482456
10789,1,0,0.6422452
10790,3,0,0.645039
10791,0,0,0.6212752
10792,2,0,0.6219922
10793,1,0,0.6197539
10794,0,0,0.6026809
10795,3,0,0.6012861
10796,2,0,0.5994301
10797,0,0,0.5956994
10798,2,0,0.6103162
10799,1,0,0.60368294
10800,0,0,0.58267254
10801,0,0,0.5893265
10802,0,0,0.5995968
10803,2,0,0.60517955
10804,0,0,0.6120126
10805,2,0,0.6026125
10806,1,0,0.6055967
10807,0,0,0.6046005
10808,0,0,0.6011981
10809,0,0,0.57980436
10810,1,0,0.5835849
10811,2,0,0.5845582
10812,1,0,0.60745966
10813,3,0,0.6062282
10814,3,0,0.61649
10815,0,0,0.6163564
10816,0,0,0.6361471
10817,3,0,0.6216067
10818,1,0,0.6390205
10819,2,0,0.66070294
10820,3,0,0.63506156
10821,0,0,0.642174
10822,2,0,0.6288261
10823,2,0,0.62858105
10824,1,0,0.6539457
10825,1,0,0.6578547
10826,1,0,0.671695
10827,1,0,0.6709403
10828,1,0,0.6590946
10829,3,0,0.6586737
10830,1,0,0.658018
10831,1,0,0.659061
10832,1,0,0.6610653
10833,1,0,0.6769237
10834,3,0,0.667441
10835,1,0,0.669694
10836,0,0,0.682428
10837,3,0,0.6860208
10838,1,0,0.692856
10839,0,0,0.69854826
10840,0,0,0.7037756
10841,2,0,0.6872394
10842,0,0,0.6701713
10843,3,0,0.6761357
10844,2,0,0.68041915
10845,0,0,0.6655245
10846,0,0,0.6615963
10847,0,0,0.6404155
10848,0,0,0.62622875
10849,0,0,0.62054574
10850,1,0,0.62909883
10851,0,0,0.648352
10852,0,0,0.64394933
10853,0,0,0.64680237
10854,1,0,0.6609575
10855,0,0,0.6542015
10856,0,0,0.63303274
10857,1,0,0.6578335
10858,1,0,0.6630015
10859,3,0,0.67691654
10860,1,0,0.6846537
10861,2,0,0.6881206
10862,0,0,0.714191
10863,1,0,0.71724445
10864,0,0,0.73278666
10865,0,0,0.7427072
10866,0,0,0.7293824
10867,0,0,0.7500871
10868,0,0,0.76914537
10869,0,0,0.78496575
10870,0,0,0.7777884
10871,1,0,0.786981
10872,0,0,0.7800972
10873,3,0,0.78532094
10874,0,0,0.77740675
10875,1,0,0.8010441
10876,0,0,0.7984956
10877,3,0,0.8280624
10878,1,0,0.8293068
10879,1,0,0.828929
10880,2,0,0.8316243
10881,3,0,0.8474216
10882,3,0,0.86776674
10883,0,0,0.8957629
10884,0,0,0.8893143
10885,1,0,0.9167155
10886,2,0,0.9230581
10887,0,0,0.9298726
10888,0,0,0.94334126
10889,1,0,0.96884143
10890,2,0,0.99310136
10891,0,0,0.98992443
10892,0,0,0.9927289
10893,3,0,1.0021298
10894,0,0,1.0187814
10895,3,0,1.036363
10896,0,0,1.054441
10897,3,0,1.0577688
10898,3,0,1.0562559
10899,0,0,1.0748678
10900,1,0,1.0901642
10901,3,0,1.0912964
10902,0,0,1.1074178
10903,1,0,1.1111654
10904,1,0,1.1362538
10905,2,0,1.1451784
10906,1,0,1.1661383
10907,0,0,1.190482
10908,3,0,1.2095789
10909,3,0,1.2173058
10910,1,0,1.2329158
10911,1,0,1.2184134
10912,2,0,1.2212158
10913,0,0,1.2139531
10914,0,0,1.2338142
10915,0,0,1.2515614
10916,0,0,1.2786405
10917,2,0,1.2902005
10918,1,0,1.31683
10919,1,0,1.3367245
10920,2,0,1.3373669
10921,3,1,0.6539535
10922,0,1,0.66510135
10923,1,1,0.8540571
10924,3,1,0.8521016
10925,0,1,0.8346342
10926,2,1,0.8301745
10927,2,1,0.8434332
10928,3,1,0.8464469
10929,1,1,0.83012277
10930,1,1,0.83732504
10931,1,1,0.8401023
10932,1,1,0.81032264
10933,0,1,0.8136965
10934,0,1,0.81100553
10935,0,1,0.824195
10936,0,1,0.82594866
10937,2,1,0.83855057
10938,1,1,0.8287192
10939,0,1,0.81470096
10940,3,1,0.83633286
10941,1,1,0.83778745
10942,1,1,0.86394346
10943,2,1,0.85830194
10944,0,1,0.8564473
10945,2,1,0.8526207
10946,2,1,0.84135413
10947,0,1,0.82786703
10948,0,1,0.81342727
10949,0,1,0.8084435
10950,0,1,0.8078997
10951,0,1,0.82126594
10952,0,1,0.80429655
10953,3,0,0.61499333
10954,0,0,0.62155753
10955,0,0,0.6168358
10956,0,0,0.6384021
10957,1,0,0.6441163
10958,2,0,0.6264523
10959,1,0,0.6475443
10960,0,0,0.6523046
10961,3,0,0.672571
10962,0,0,0.6835281
10963,2,0,0.6682567
10964,2,0,0.6687698
10965,0,0,0.66561764
10966,1,0,0.669832
10967,1,0,0.68164647
10968,1,0,0.6835084
10969,2,0,0.6908894
10970,1,0,0.6945562
10971,1,0,0.7082738
10972,2,0,0.70431304
10973,1,0,0.70337576
10974,0,0,0.7227027
10975,0,0,0.71263987
10976,3,0,0.7236883
10977,3,0,0.7392398
10978,0,0,0.75995314
10979,3,0,0.7579859
10980,0,0,0.76146483
10981,0,0,0.73159105
10982,2,0,0.7323708
10983,3,0,0.7299722
10984,1,0,0.728523
10985,0,0,0.7364094
10986,1,0,0.7402827
10987,1,0,0.7270468
10988,1,0,0.74237996
10989,0,0,0.7422075
10990,1,0,0.75233895
10991,1,0,0.7442174
10992,0,0,0.74468166
10993,2,0,0.7328522
10994,0,0,0.7324549
10995,2,0,0.74617046
10996,1,0,0.7302857
10997,1,0,0.72572243
10998,1,0,0.7331756
10999,2,0,0.73779106
11000,1,0,0.7318978
11001,0,0,0.7401876
11002,1,0,0.72825426
11003,0,0,0.7261342
11004,1,0,0.72992885
11005,1,0,0.7455256
11006,0,0,0.738584
11007,2,0,0.7336634
11008,0,0,0.7240232
11009,1,0,0.73239464
11010,1,0,0.73731387
11011,1,0,0.762377
11012,1,0,0.7527524
11013,1,0,0.7481984
11014,1,0,0.7430346
11015,0,0,0.7367224
11016,0,0,0.7422414
11017,1,0,0.7495267
11018,1,0,0.7351684
11019,0,0,0.7343612
11020,3,0,0.72367424
11021,0,0,0.71635944
11022,1,0,0.73415995
11023,0,0,0.7483314
11024,0,0,0.74937606
11025,0,0,0.7373105
11026,0,0,0.7299004
11027,3,0,0.7219762
11028,0,0,0.71879745
11029,2,0,0.70696855
11030,1,0,0.7014797
11031,3,0,0.69802094
11032,2,0,0.698491
11033,1,0,0.7060548
11034,0,0,0.6982832
11035,0,0,0.684719
11036,1,0,0.6984766
11037,0,0,0.71188205
11038,0,0,0.70385337
11039,3,0,0.72776294
11040,3,0,0.72481847
11041,0,0,0.7163951
11042,1,0,0.7313539
11043,0,0,0.749839
11044,0,0,0.75781196
11045,3,0,0.78176796
11046,0,0,0.7873609
11047,0,0,0.7923943
11048,0,0,0.81510216
11049,0,0,0.8149935
11050,0,0,0.8390193
11051,0,0,0.8565037
11052,2,0,0.8477137
11053,0,0,0.8531214
11054,2,0,0.86213183
11055,1,0,0.8767269
11056,1,0,0.87765545
11057,0,0,0.8874516
11058,0,0,0.894269
11059,1,0,0.92406285
11060,1,0,0.94180155
11061,3,0,0.9452841
11062,1,0,0.99475175
11063,0,0,0.9796597
11064,1,0,0.9859282
11065,0,0,0.9998824
11066,0,0,1.0040392
11067,1,0,1.1996307
11068,3,0,1.2096884
11069,2,0,1.1999618
11070,0,0,1.2267606
11071,1,0,1.2223532
11072,3,0,1.2247798
11073,2,0,1.2229757
11074,0,0,1.2361951
11075,1,0,1.2352788
11076,3,0,1.2707636
11077,0,0,1.2938489
11078,0,0,1.2984505
11079,0,0,1.3889331
11080,2,0,1.4384074
11081,2,0,1.4388188
11082,0,0,1.4929973
11083,1,0,1.5382427
11084,0,0,1.6050448
11085,0,0,1.6163778
11086,0,0,1.6847563
11087,2,0,1.7286018
11088,0,0,1.7322539
11089,0,0,1.7677035
11090,0,0,1.8281215
11091,1,0,1.8576633
11092,1,0,2.1203036
11093,3,0,2.2119408
11094,2,0,2.3257003
11095,1,0,2.4151006
11096,2,0,2.422674
11097,0,0,2.2785823
11098,1,1,0.6532232
11099,1,1,0.6370649
11100,1,1,0.6150828
11101,2,1,0.622837
11102,2,1,0.60738134
11103,1,1,0.60715383
11104,0,1,0.6241999
11105,2,1,0.62723696
11106,2,1,0.6155033
11107,0,1,0.6228861
11108,2,1,0.63638914
11109,1,1,0.61862254
11110,0,1,0.6094943
11111,0,1,0.61258405
11112,3,1,0.6333707
11113,0,1,0.6307589
11114,0,1,0.6169864
11115,0,1,0.60222715
11116,0,1,0.61097777
11117,0,1,0.60739106
11118,1,1,0.62518007
11119,3,1,0.6234232
11120,2,0,0.6181991
11121,0,0,0.6232651
11122,0,0,0.63219947
11123,2,0,0.63496673
11124,0,0,0.64095795
11125,1,0,0.6213748
11126,0,0,0.6203297
11127,0,0,0.62578446
11128,0,0,0.6482759
11129,0,0,0.64894176
11130,0,0,0.6498012
11131,3,0,0.63648087
11132,1,0,0.63669986
11133,2,0,0.65071034
11134,1,0,0.6524801
11135,2,0,0.6703886
11136,0,0,0.6643754
11137,0,0,0.6402504
11138,0,0,0.6414176
11139,2,0,0.6402077
11140,0,0,0.6359442
11141,0,0,0.61474484
11142,0,0,0.59895337
11143,0,0,0.5986596
11144,0,0,0.6007597
11145,3,0,0.60847783
11146,0,0,0.5905153
11147,1,0,0.58535737
11148,1,0,0.5945532
11149,1,0,0.5770948
11150,2,0,0.5603718
11151,3,0,0.55943215
11152,1,0,0.5864894
11153,3,0,0.60809296
11154,0,0,0.59177816
11155,2,0,0.5968901
11156,3,0,0.5970543
11157,0,0,0.599103
11158,0,0,0.58887213
11159,1,0,0.5832013
11160,1,0,0.5811052
11161,3,0,0.596063
11162,0,0,0.613141
11163,0,0,0.61815447
11164,2,0,0.6021345
11165,0,0,0.59246784
11166,0,0,0.61595684
11167,1,0,0.6289744
11168,2,0,0.6211997
11169,2,0,0.6358244
11170,1,0,0.62723595
11171,3,0,0.6562752
11172,1,0,0.66409504
11173,3,0,0.6634599
11174,0,0,0.6672299
11175,1,0,0.6566427
11176,1,0,0.6427957
11177,1,0,0.65954936
11178,2,0,0.6473506
11179,2,0,0.6564479
11180,0,0,0.65210474
11181,1,0,0.6599177
11182,0,0,0.64377064
11183,1,0,0.6508074
11184,2,0,0.6478419
11185,0,0,0.65744114
11186,2,0,0.6479635
11187,2,0,0.6575965
11188,2,0,0.6479842
11189,0,0,0.66210425
11190,3,0,0.68114245
11191,0,0,0.681208
11192,3,0,0.6693957
11193,1,0,0.66835785
11194,3,0,0.6847213
11195,1,0,0.69435626
11196,0,0,0.6890101
11197,1,0,0.69055086
11198,0,0,0.686823
11199,1,0,0.6911101
11200,0,0,0.7102139
11201,1,0,0.7048607
11202,2,0,0.7092649
11203,0,0,0.7156029
11204,0,0,0.7421551
11205,2,0,0.7491245
11206,2,0,0.75741094
11207,1,0,0.75313926
11208,3,0,0.7621407
11209,1,0,0.77316606
11210,1,0,0.79964167
11211,2,0,0.8146561
11212,2,0,0.8363809
11213,3,0,0.8432385
11214,0,0,0.86462444
11215,1,0,0.8862283
11216,0,0,0.9133081
11217,0,0,0.90979344
11218,0,0,0.9309076
11219,3,0,0.9693461
11220,1,0,0.97507006
11221,2,0,0.9933193
11222,3,0,1.0207734
11223,1,0,1.0163201
11224,3,0,1.0216795
11225,0,0,1.043009
11226,2,0,1.0712183
11227,1,0,1.0790573
11228,0,0,1.1350251
11229,2,0,1.1552215
11230,3,0,1.161727
11231,1,0,1.175622
11232,1,0,1.2419271
11233,3,0,1.273129
11234,2,0,1.27594
11235,2,0,1.2850769
11236,2,0,1.2995789
11237,1,0,1.3260268
11238,0,0,1.3510567
11239,0,1,0.5771972
11240,1,1,0.5752918
11241,0,1,0.6054948
11242,0,1,0.6055537
11243,2,1,0.63304275
11244,0,1,0.63431615
11245,1,1,0.6337371
11246,1,1,0.61877304
11247,1,1,0.6416317
11248,0,1,0.6327486
11249,2,1,0.62404335
11250,0,1,0.6504428
11251,0,1,0.64627707
11252,3,1,0.62763715
11253,1,0,0.6502428
11254,0,0,0.64373183
11255,0,0,0.63176376
11256,1,0,0.61723804
11257,0,0,0.64874977
11258,1,0,0.66327333
11259,2,0,0.66563857
11260,3,0,0.66260374
11261,1,0,0.65336424
11262,3,0,0.6665583
11263,2,0,0.65699214
11264,1,0,0.6669987
11265,3,0,0.6706094
11266,2,0,0.69819915
11267,0,0,0.77625066
11268,0,0,0.78874403
11269,3,0,0.77500093
11270,3,0,0.7944268
11271,0,0,0.77766496
11272,2,0,0.78418756
11273,3,0,0.7780538
11274,0,0,0.758848
11275,3,0,0.77488065
11276,1,0,0.77032715
11277,0,0,0.768673
11278,1,0,0.7782447
11279,2,0,0.7785168
11280,1,0,0.7619227
11281,0,0,0.76668006
11282,1,0,0.76523477
11283,0,0,0.74013406
11284,0,0,0.76314515
11285,0,0,0.7834497
11286,1,0,0.7897138
11287,1,0,0.7629988
11288,3,0,0.74601257
11289,0,0,0.767559
11290,2,0,0.77808964
11291,1,0,0.7606512
11292,1,0,0.74669516
11293,1,0,0.7491852
11294,0,0,0.74283874
11295,1,0,0.73489445
11296,3,0,0.7403755
11297,0,0,0.6618695
11298,1,0,0.66983587
11299,0,0,0.65895945
11300,1,0,0.65600526
11301,2,0,0.6421735
11302,0,0,0.62591845
11303,0,0,0.6313498
11304,1,0,0.65008014
11305,3,0,0.6282184
11306,2,0,0.6251763
11307,0,0,0.62201726
11308,3,0,0.62629795
11309,3,0,0.6089861
11310,1,0,0.60938865
11311,3,0,0.601619
11312,0,0,0.60341614
11313,3,0,0.6103251
11314,1,0,0.5894748
11315,0,0,0.59272987
11316,0,0,0.59046096
11317,0,0,0.5940794
11318,1,0,0.6072659
11319,0,0,0.59667706
11320,0,0,0.59173924
11321,1,0,0.59721464
11322,0,0,0.6037398
11323,3,0,0.6360137
11324,3,0,0.6596424
11325,2,0,0.6866708
11326,0,0,0.6741112
11327,1,0,0.70181537
11328,2,0,0.70865434
11329,0,0,0.7277988
11330,1,0,0.71913886
11331,0,0,0.73744124
11332,3,0,0.747472
11333,1,0,0.747711
11334,2,0,0.7407319
11335,0,0,0.7744562
11336,2,0,0.7914802
11337,0,0,0.8136863
11338,0,0,0.81459147
11339,0,0,0.8387512
11340,0,0,0.86266017
11341,0,0,0.88666266
11342,0,0,0.9083088
11343,1,0,0.9274887
11344,3,0,0.96573865
11345,1,0,0.98688173
11346,0,0,1.0058382
11347,1,0,1.0329205
11348,0,0,1.0503542
11349,0,0,1.0762494
11350,1,0,1.1206229
11351,0,0,1.2226516
11352,1,0,1.288811
11353,1,0,1.3163654
11354,1,0,1.3796755
11355,3,1,0.6998202
11356,0,1,0.7194372
11357,1,1,0.70665365
11358,3,1,0.70073485
11359,0,1,0.70166737
11360,3,1,0.70199156
11361,0,1,0.714893
11362,0,1,0.72373605
11363,0,1,0.69737613
11364,1,1,0.6825451
11365,1,1,0.683156
11366,3,1,0.69122094
11367,0,1,0.6799921
11368,1,1,0.67780083
11369,3,1,0.6841192
11370,1,1,0.6897419
11371,1,1,0.6836627
11372,3,1,0.6835838
11373,0,1,0.6727926
11374,1,1,0.6745551
11375,1,1,0.6744856
11376,0,1,0.6618187
11377,3,1,0.6616731
11378,0,1,0.6384219
11379,0,1,0.6117797
11380,1,1,0.59389687
11381,1,0,0.6154802
11382,3,0,0.6115677
11383,0,0,0.6120652
11384,1,0,0.6211188
11385,0,0,0.6437986
11386,1,0,0.61412466
11387,2,0,0.6197303
11388,0,0,0.6173962
11389,0,0,0.6294792
11390,3,0,0.61994845
11391,1,0,0.617612
11392,3,0,0.5988397
11393,3,0,0.59967357
11394,0,0,0.60049087
11395,1,0,0.60368955
11396,0,0,0.6048565
11397,0,0,0.6048272
11398,0,0,0.61909735
11399,1,0,0.6237636
11400,3,0,0.61394507
11401,3,0,0.6076253
11402,3,0,0.5892391
11403,1,0,0.59534734
11404,3,0,0.6225228
11405,1,0,0.61581033
11406,2,0,0.62924695
11407,0,0,0.62027985
11408,3,0,0.6075208
11409,2,0,0.6107306
11410,1,0,0.6029082
11411,1,0,0.60684246
11412,1,0,0.6025619
11413,1,0,0.61401564
11414,0,0,0.61781895
11415,3,0,0.624391
11416,2,0,0.619968
11417,0,0,0.65183353
11418,0,0,0.67470723
11419,2,0,0.6737985
11420,1,0,0.6841753
11421,1,0,0.6839265
11422,0,0,0.69592345
11423,2,0,0.71596926
11424,3,0,0.72638214
11425,1,0,0.7373922
11426,3,0,0.7355083
11427,1,0,0.73773956
11428,1,0,0.7180963
11429,0,0,0.7177471
11430,2,0,0.7276575
11431,0,0,0.7328089
11432,0,0,0.7451325
11433,1,0,0.74973935
11434,1,0,0.7384072
11435,1,0,0.74083686
11436,1,0,0.7431941
11437,0,0,0.796478
11438,1,0,0.8126848
11439,0,0,0.80753523
11440,1,0,0.8151888
11441,1,0,0.8074896
11442,2,0,0.83188504
11443,1,0,0.8288399
11444,1,0,0.8199404
11445,0,0,0.8121319
11446,1,0,0.8378824
11447,1,0,0.81498367
11448,0,0,0.7882207
11449,2,0,0.7760579
11450,1,0,0.76891077
11451,0,0,0.7549098
11452,1,0,0.7496361
11453,2,0,0.7304953
11454,0,0,0.72964495
11455,0,0,0.71387565
11456,1,0,0.7294328
11457,0,0,0.7204149
11458,2,0,0.7344155
11459,1,0,0.7325513
11460,0,0,0.72746474
11461,0,0,0.73799926
11462,3,0,0.7439638
11463,2,0,0.74647295
11464,0,0,0.7527915
11465,2,0,0.76734215
11466,0,0,0.76353866
11467,0,0,0.70731324
11468,1,0,0.7057789
11469,0,0,0.723933
11470,0,0,0.7561943
11471,3,0,0.7690949
11472,3,0,0.7709152
11473,0,0,0.78135145
11474,0,0,0.79691446
11475,2,0,0.800657
11476,1,0,0.8039459
11477,1,0,0.8386272
11478,0,0,0.8570233
11479,2,0,0.8909412
11480,0,0,0.9192807
11481,1,0,0.936257
11482,1,0,0.9531877
11483,1,0,0.9755209
11484,0,0,0.99566555
11485,2,0,1.0358511
11486,1,0,1.025801
11487,2,0,1.0441256
11488,0,0,1.1208436
11489,1,0,1.148685
11490,3,0,1.1926079
11491,0,0,1.2106472
11492,0,0,1.2742591
11493,0,0,1.3240066
11494,0,0,1.3558515
11495,0,0,1.4368869
11496,1,0,1.497173
11497,0,0,1.5275247
11498,2,0,1.5520902
11499,0,0,1.5656564
11500,0,0,1.616611
11501,0,0,1.6420436
11502,0,0,1.6578676
11503,2,0,1.6972461
11504,2,0,1.753018
11505,1,0,1.8271513
11506,0,0,1.8493857
11507,2,0,1.9816324
11508,0,0,2.0043604
11509,3,0,2.105617
11510,2,0,2.2140887
11511,0,1,0.57846904
11512,2,1,0.586258
11513,0,1,0.59792054
11514,3,1,0.6055917
11515,0,1,0.60913
11516,0,1,0.6337245
11517,3,1,0.65806544
11518,3,1,0.6517068
11519,1,1,0.65859586
11520,0,1,0.65773433
11521,0,1,0.64880526
11522,3,0,0.66008615
11523,2,0,0.67760694
11524,2,0,0.6700937
11525,0,0,0.6368406
11526,0,0,0.61216015
11527,1,0,0.5927553
11528,1,0,0.62072194
11529,0,0,0.6391799
11530,0,0,0.63997114
11531,0,0,0.61373246
11532,0,0,0.59190273
11533,2,0,0.6249606
11534,0,0,0.62056434
11535,0,0,0.6097352
11536,1,0,0.60661227
11537,0,0,0.6086
11538,1,0,0.62611693
11539,2,0,0.6275134
11540,3,0,0.6212148
11541,0,0,0.6363229
11542,1,0,0.6169939
11543,1,0,0.6036698
11544,2,0,0.5929957
11545,0,0,0.59852976
11546,0,0,0.569101
11547,0,0,0.5430591
11548,3,0,0.5369404
11549,2,0,0.53014904
11550,3,0,0.55592006
11551,2,0,0.5582232
11552,1,0,0.53168756
11553,2,0,0.51605207
11554,3,0,0.50109076
11555,1,0,0.51442116
11556,0,0,0.51668656
11557,0,0,0.52922934
11558,0,0,0.5183129
11559,1,0,0.49709922
11560,3,0,0.50011075
11561,0,0,0.52737415
11562,0,0,0.52509457
11563,3,0,0.51327163
11564,1,0,0.5160976
11565,1,0,0.512333
11566,3,0,0.53574413
11567,3,0,0.5555024
11568,2,0,0.56461155
11569,1,0,0.5737282
11570,3,0,0.5794418
11571,1,0,0.573504
11572,1,0,0.5891875
11573,3,0,0.6075556
11574,2,0,0.611029
11575,0,0,0.59575504
11576,0,0,0.603622
11577,2,0,0.6076439
11578,2,0,0.6228895
11579,2,0,0.63980556
11580,1,0,0.62302786
11581,1,0,0.61578137
11582,0,0,0.6467108
11583,3,0,0.6568794
11584,2,0,0.6649694
11585,2,0,0.66208875
11586,1,0,0.68071324
11587,1,0,0.69411445
11588,3,0,0.6845958
11589,3,0,0.7267631
11590,0,0,0.7538627
11591,0,0,0.7450712
11592,1,0,0.7703039
11593,1,0,0.78384054
11594,2,0,0.79407763
11595,0,0,0.80866534
11596,0,0,0.8184701
11597,0,0,0.82703036
11598,2,0,0.83649594
11599,2,0,0.8437903
11600,1,0,0.8756214
11601,1,0,0.8821498
11602,0,0,0.88064855
11603,2,0,0.87871915
11604,1,0,0.9087325
11605,2,0,0.9311559
11606,3,0,0.9462432
11607,0,0,0.9570412
11608,0,0,0.9712027
11609,1,0,0.98844916
11610,0,0,1.0148093
11611,0,0,1.0734172
11612,3,0,1.0998904
11613,0,0,1.1421741
11614,0,0,1.1655327
11615,0,0,1.2519338
11616,0,0,1.321188
11617,1,0,1.3448498
11618,0,1,0.7328892
11619,0,1,0.7354377
11620,0,1,0.74900293
11621,0,1,0.7299122
11622,3,1,0.71046096
11623,3,1,0.7262957
11624,0,1,0.7327249
11625,0,1,0.72030205
11626,1,1,0.71585655
11627,0,1,0.71069604
11628,1,1,0.71525335
11629,3,1,0.6966562
11630,1,1,0.693395
11631,0,1,0.74432224
11632,1,1,0.7298006
11633,0,1,0.725644
11634,0,1,0.723586
11635,3,0,0.7281048
11636,0,0,0.7326394
11637,0,0,0.7301447
11638,0,0,0.7409208
11639,2,0,0.74523574
11640,0,0,0.751248
11641,0,0,0.7600505
11642,0,0,0.74420816
11643,0,0,0.76535845
11644,0,0,0.7724418
11645,0,0,0.7754299
11646,0,0,0.7776708
11647,1,0,0.7774298
11648,0,0,0.77639353
11649,0,0,0.7809731
11650,0,0,0.7774644
11651,0,0,0.7635915
11652,1,0,0.76464444
11653,0,0,0.7447922
11654,1,0,0.7353475
11655,2,0,0.7493046
11656,2,0,0.7636905
11657,0,0,0.77585953
11658,0,0,0.76571745
11659,1,0,0.76739955
11660,1,0,0.7683402
11661,3,0,0.71276903
11662,1,0,0.70719033
11663,1,0,0.70601684
11664,2,0,0.71723145
11665,2,0,0.71312225
11666,0,0,0.6796881
11667,0,0,0.69151664
11668,1,0,0.68673193
11669,1,0,0.70453054
11670,0,0,0.7089548
11671,1,0,0.6942444
11672,1,0,0.7091488
11673,0,0,0.6790483
11674,0,0,0.67409426
11675,1,0,0.66286594
11676,2,0,0.6660676
11677,1,0,0.66387796
11678,1,0,0.6671474
11679,0,0,0.6721751
11680,2,0,0.6869037
11681,1,0,0.70711404
11682,1,0,0.71525455
11683,0,0,0.7194975
11684,0,0,0.70218277
11685,3,0,0.70901006
11686,2,0,0.67812216
11687,2,0,0.6631762
11688,1,0,0.64912516
11689,0,0,0.64180034
11690,0,0,0.6443121
11691,0,0,0.6211995
11692,0,0,0.63835365
11693,0,0,0.6185502
11694,1,0,0.60404414
11695,1,0,0.59551847
11696,1,0,0.60538983
11697,0,0,0.606663
11698,3,0,0.59206975
11699,0,0,0.5782016
11700,2,0,0.578516
11701,2,0,0.57834846
11702,0,0,0.58391017
11703,3,0,0.59003514
11704,0,0,0.58462244
11705,3,0,0.5875045
11706,0,0,0.5609434
11707,2,0,0.5796725
11708,0,0,0.5604779
11709,3,0,0.54095584
11710,0,0,0.5306284
11711,1,0,0.5215695
11712,3,0,0.50862813
11713,1,0,0.52286345
11714,0,0,0.54594785
11715,3,0,0.53479457
11716,1,0,0.54471457
11717,0,0,0.55966747
11718,2,0,0.5730383
11719,0,0,0.59194595
11720,3,0,0.6025585
11721,0,0,0.61909914
11722,3,0,0.63009554
11723,0,0,0.64399314
11724,0,0,0.65317196
11725,0,0,0.68391967
11726,2,0,0.7013859
11727,1,0,0.7137013
11728,1,0,0.7358975
11729,1,0,0.7368469
11730,0,0,0.7329029
11731,1,0,0.7606881
11732,2,0,0.76319253
11733,2,0,0.8116056
11734,0,0,0.8216988
11735,0,0,0.8515719
11736,0,0,0.8879029
11737,0,0,0.8987977
11738,0,0,0.93325853
11739,3,0,0.9695229
11740,1,0,1.0058817
11741,0,0,1.061809
11742,0,0,1.0965791
11743,2,0,1.1235503
11744,1,0,1.1836659
11745,0,1,0.749973
11746,3,1,0.75254375
11747,0,1,0.7404298
11748,0,1,0.7515154
11749,2,1,0.7315974
11750,0,1,0.7320427
11751,0,1,0.6941346
11752,3,1,0.7028497
11753,0,1,0.71502906
11754,3,1,0.6878465
11755,2,1,0.70143884
11756,1,1,0.69393146
11757,0,1,0.6943032
11758,1,1,0.7026074
11759,2,1,0.7049189
11760,0,1,0.6943955
11761,0,1,0.693509
11762,0,1,0.69212836
11763,1,1,0.7373416
11764,1,1,0.7395822
11765,2,1,0.7318705
11766,0,1,0.71696895
11767,1,1,0.7273668
11768,2,1,0.7901817
11769,3,1,0.78786635
11770,3,1,0.77894837
11771,2,1,0.7853402
11772,0,1,0.7742572
11773,2,1,0.7589708
11774,2,0,0.7488431
11775,3,0,0.74359393
11776,0,0,0.7580843
11777,0,0,0.7667817
11778,3,0,0.7645009
11779,2,0,0.76367384
11780,2,0,0.7525708
11781,1,0,0.77326876
11782,0,0,0.7530219
11783,2,0,0.7576949
11784,1,0,0.7588132
11785,0,0,0.75536406
11786,0,0,0.7797098
11787,0,0,0.79059273
11788,0,0,0.7781764
11789,1,0,0.780977
11790,1,0,0.7843654
11791,3,0,0.77623373
11792,1,0,0.79369295
11793,1,0,0.74582493
11794,3,0,0.7565086
11795,1,0,0.77556294
11796,0,0,0.78374153
11797,1,0,0.77403855
11798,2,0,0.70687306
11799,2,0,0.72789717
11800,0,0,0.71318585
11801,1,0,0.7100813
11802,1,0,0.69947594
11803,0,0,0.6930165
11804,2,0,0.70699793
11805,0,0,0.69795734
11806,0,0,0.6881029
11807,3,0,0.6970552
11808,1,0,0.7014976
11809,0,0,0.691187
11810,1,0,0.70708287
11811,0,0,0.7056225
11812,2,0,0.7190587
11813,0,0,0.70455635
11814,0,0,0.70871127
11815,2,0,0.77383316
11816,3,0,0.757626
11817,0,0,0.76411235
11818,1,0,0.76423544
11819,2,0,0.7604196
11820,0,0,0.745028
11821,0,0,0.74424404
11822,0,0,0.7240124
11823,0,0,0.7372846
11824,0,0,0.7254768
11825,1,0,0.72320133
11826,1,0,0.7335827
11827,0,0,0.73380643
11828,3,0,0.7207219
11829,0,0,0.71095675
11830,0,0,0.7072216
11831,0,0,0.73146266
11832,1,0,0.7523797
11833,1,0,0.7469111
11834,3,0,0.7268464
11835,2,0,0.7211491
11836,3,0,0.72548497
11837,1,0,0.7017891
11838,0,0,0.68454134
11839,1,0,0.7029343
11840,0,0,0.6924236
11841,0,0,0.6943909
11842,3,0,0.6792847
11843,1,0,0.69338226
11844,2,0,0.7127038
11845,0,0,0.64654547
11846,1,0,0.6529529
11847,2,0,0.6349446
11848,2,0,0.6262552
11849,2,0,0.61430424
11850,0,0,0.6274756
11851,2,0,0.6316276
11852,0,0,0.6285645
11853,0,0,0.60842484
11854,1,0,0.62842226
11855,1,0,0.6200748
11856,2,0,0.60695434
11857,1,0,0.62196255
11858,1,0,0.64773005
11859,2,0,0.6509462
11860,0,0,0.6567133
11861,0,0,0.6289139
11862,0,0,0.6104744
11863,2,0,0.6353911
11864,0,0,0.6533807
11865,0,0,0.6525885
11866,2,0,0.6629673
11867,3,0,0.66340876
11868,0,0,0.6665735
11869,0,0,0.6505389
11870,1,0,0.64906275
11871,1,0,0.64552927
11872,0,0,0.65197265
11873,1,0,0.6551687
11874,0,0,0.6532955
11875,3,0,0.6640449
11876,3,0,0.69147354
11877,1,0,0.70211154
11878,1,0,0.7171629
11879,2,0,0.7442623
11880,1,0,0.77415365
11881,3,0,0.78409064
11882,3,0,0.80357605
11883,3,0,0.82262284
11884,2,0,0.82511646
11885,1,0,0.8573272
11886,0,0,0.87433356
11887,1,0,0.87017757
11888,2,0,0.88677
11889,1,0,0.89734334
11890,0,0,0.9154403
11891,1,0,0.93725103
11892,1,0,0.9562781
11893,0,0,0.95925915
11894,0,0,0.97323483
11895,0,0,1.0086238
11896,1,0,1.0379528
11897,2,0,1.0997206
11898,3,0,1.1325526
11899,0,0,1.1750314
11900,0,0,1.211066
11901,2,0,1.2447987
11902,0,0,1.2702184
11903,1,0,1.2916337
11904,1,0,1.3121485
11905,0,0,1.3299994
11906,0,0,1.3374718
11907,0,0,1.3563732
11908,2,0,1.4759933
11909,0,0,1.4638915
11910,0,1,0.63954514
11911,1,1,0.6331553
11912,1,1,0.6368326
11913,3,1,0.6359899
11914,0,1,0.6323694
11915,3,1,0.65255815
11916,0,1,0.64934176
11917,0,1,0.6506832
11918,1,1,0.663039
11919,0,1,0.6598464
11920,3,1,0.68136936
11921,0,1,0.6660976
11922,3,1,0.6647449
11923,1,1,0.6678347
11924,0,1,0.66391975
11925,1,1,0.69429505
11926,0,1,0.70284814
11927,0,1,0.69065845
11928,3,1,0.6988508
11929,1,1,0.6959869
11930,2,1,0.68082297
11931,1,1,0.67982775
11932,1,1,0.6816925
11933,3,1,0.660813
11934,0,1,0.6652025
11935,2,1,0.67799854
11936,1,1,0.683878
11937,2,1,0.698335
11938,3,1,0.7141919
11939,0,0,0.7080222
11940,1,0,0.6948368
11941,3,0,0.69709814
11942,0,0,0.69474727
11943,0,0,0.71456146
11944,0,0,0.7376173
11945,2,0,0.7258848
11946,0,0,0.74321645
11947,0,0,0.7273228
11948,0,0,0.7131763
11949,0,0,0.70891637
11950,0,0,0.6936723
11951,2,0,0.6930773
11952,0,0,0.67333585
11953,0,0,0.6945025
11954,0,0,0.70425844
11955,1,0,0.68899596
11956,3,0,0.67702985
11957,0,0,0.67666966
11958,0,0,0.65139407
11959,0,0,0.6677299
11960,1,0,0.669619
11961,2,0,0.6860938
11962,0,0,0.68003833
11963,3,0,0.6951918
11964,3,0,0.69663084
11965,2,0,0.6897804
11966,2,0,0.6878289
11967,0,0,0.6798594
11968,0,0,0.6780642
11969,1,0,0.69347924
11970,0,0,0.6909962
11971,3,0,0.6923723
11972,2,0,0.7068629
11973,1,0,0.70463794
11974,0,0,0.6912809
11975,1,0,0.6992414
11976,1,0,0.69597256
11977,3,0,0.69732577
11978,0,0,0.71129584
11979,1,0,0.72508264
11980,3,0,0.72076195
11981,2,0,0.7224445
11982,3,0,0.72686136
11983,0,0,0.7250539
11984,2,0,0.7195399
11985,0,0,0.7225723
11986,3,0,0.72360134
11987,0,0,0.7313852
11988,0,0,0.7413526
11989,1,0,0.7349825
11990,1,0,0.7440828
11991,3,0,0.7340463
11992,1,0,0.7242934
11993,1,0,0.73044485
11994,0,0,0.7027467
11995,3,0,0.7038306
11996,3,0,0.7084756
11997,0,0,0.91836095
11998,1,0,0.9205096
11999,0,0,0.91206986
12000,0,0,0.91101724
12001,3,0,0.91094166
12002,2,0,0.9113347
12003,0,0,0.8956793
12004,0,0,0.90284425
12005,3,0,0.904026
12006,0,0,0.8899108
12007,0,0,0.9111012
12008,2,0,0.911572
12009,3,0,0.9061575
12010,0,0,0.9376233
12011,2,0,0.95477587
12012,2,0,0.97199845
12013,1,0,0.9626335
12014,2,0,0.9646088
12015,1,0,0.954494
12016,0,0,0.96335113
12017,0,0,0.96206635
12018,1,0,0.96770483
12019,0,0,0.9768514
12020,2,0,0.9858124
12021,1,0,0.9917746
12022,1,0,0.99502707
12023,0,0,0.9820639
12024,3,0,1.00589
12025,1,0,1.0023775
12026,1,0,1.0239649
12027,2,0,0.8355337
12028,3,0,0.8459313
12029,3,0,0.8609086
12030,1,0,0.88132477
12031,0,0,0.8849707
12032,1,0,0.8862779
12033,1,0,0.90312076
12034,1,0,0.9215009
12035,2,0,0.9232327
12036,0,0,0.9425448
12037,0,0,0.9370838
12038,1,0,0.9314766
12039,0,0,0.9389232
12040,1,0,0.9549618
12041,0,0,0.9531199
12042,2,0,0.94472
12043,3,0,0.96265054
12044,1,0,0.96138346
12045,1,0,0.965886
12046,0,0,0.97457933
12047,0,0,0.99039036
12048,0,0,0.99399334
12049,0,0,0.99214005
12050,0,0,0.9862085
12051,0,0,1.0024198
12052,0,0,1.0181608
12053,0,0,1.0437449
12054,3,0,1.0423319
12055,2,0,1.0578783
12056,0,0,1.0623854
12057,0,0,1.0805167
12058,1,0,1.0853122
12059,0,0,1.0844901
12060,0,0,1.0971159
12061,0,0,1.1101135
12062,2,0,1.1268983
12063,0,0,1.1280576
12064,0,0,1.1334302
12065,0,0,1.1288238
12066,0,0,1.1535388
12067,2,0,1.1990726
12068,3,0,1.2207742
12069,0,0,1.2623205
12070,2,0,1.2759955
12071,0,0,1.3002746
12072,1,0,1.3530389
12073,1,0,1.3508874
12074,1,0,1.3655387
12075,1,0,1.4443371
12076,1,0,1.4528948
12077,0,1,0.6191419
12078,3,1,0.6355891
12079,0,1,0.6206762
12080,1,1,0.6093511
12081,0,1,0.6155843
12082,3,1,0.6186125
12083,1,1,0.6257377
12084,2,1,0.6043611
12085,0,1,0.59915364
12086,1,1,0.5765897
12087,3,1,0.5781484
12088,1,1,0.60143554
12089,3,1,0.5980894
12090,0,1,0.62594473
12091,3,1,0.6405664
12092,1,1,0.6511486
12093,0,1,0.62860173
12094,0,1,0.62741196
12095,0,1,0.6260178
12096,2,1,0.62846315
12097,1,1,0.62409437
12098,2,1,0.6396633
12099,0,1,0.6414493
12100,0,1,0.64493096
12101,0,1,0.6380435
12102,1,1,0.63159156
12103,3,1,0.64302135
12104,0,1,0.6422436
12105,1,1,0.6517157
12106,0,1,0.647425
12107,2,1,0.6556251
12108,0,1,0.65239954
12109,1,1,0.6676145
12110,1,1,0.6843509
12111,3,1,0.6787222
12112,1,1,0.68006146
12113,1,1,0.6840115
12114,1,1,0.6899564
12115,0,1,0.6850411
12116,2,1,0.68445194
12117,0,1,0.6980994
12118,1,1,0.6821445
12119,0,0,0.6968734
12120,2,0,0.6877944
12121,0,0,0.69510704
12122,1,0,0.6734274
12123,1,0,0.67766875
12124,0,0,0.6783236
12125,0,0,0.68279976
12126,1,0,0.6738933
12127,0,0,0.69263893
12128,1,0,0.675489
12129,2,0,0.6768297
12130,0,0,0.66077286
12131,1,0,0.66394085
12132,2,0,0.67783123
12133,1,0,0.6694258
12134,1,0,0.65640354
12135,1,0,0.67396283
12136,3,0,0.69409096
12137,3,0,0.68944436
12138,2,0,0.6734108
12139,1,0,0.685402
12140,2,0,0.6657289
12141,1,0,0.6442252
12142,0,0,0.629004
12143,0,0,0.6195875
12144,0,0,0.61874145
12145,0,0,0.6191245
12146,0,0,0.6139286
12147,0,0,0.602547
12148,0,0,0.61196595
12149,1,0,0.5952446
12150,0,0,0.57968414
12151,0,0,0.5901916
12152,2,0,0.59379387
12153,0,0,0.6050354
12154,0,0,0.63397086
12155,2,0,0.62395555
12156,2,0,0.6135227
12157,1,0,0.6012893
12158,1,0,0.60191256
12159,0,0,0.5776231
12160,2,0,0.5867647
12161,1,0,0.566199
12162,1,0,0.55400586
12163,0,0,0.5525558
12164,3,0,0.56907696
12165,1,0,0.571534
12166,0,0,0.57743156
12167,1,0,0.59490186
12168,0,0,0.5969913
12169,2,0,0.5919791
12170,3,0,0.6030263
12171,0,0,0.61615336
12172,3,0,0.6384784
12173,2,0,0.6211433
12174,1,0,0.6301906
12175,0,0,0.6339578
12176,0,0,0.6577499
12177,0,0,0.63945097
12178,1,0,0.6263823
12179,1,0,0.6299182
12180,0,0,0.6516445
12181,1,0,0.63207513
12182,0,0,0.6241336
12183,0,0,0.60285157
12184,1,0,0.5928311
12185,1,0,0.5943228
12186,1,0,0.6214916
12187,0,0,0.63129663
12188,1,0,0.62410706
12189,0,0,0.62976503
12190,0,0,0.62253565
12191,2,0,0.6158865
12192,3,0,0.62882125
12193,0,0,0.62987506
12194,1,0,0.61971116
12195,3,0,0.61137354
12196,2,0,0.59036744
12197,3,0,0.5922043
12198,1,0,0.58956707
12199,0,0,0.5607792
12200,0,0,0.56031346
12201,1,0,0.56157064
12202,2,0,0.558983
12203,3,0,0.57615143
12204,0,0,0.5643891
12205,3,0,0.5678878
12206,1,0,0.5469338
12207,0,0,0.56751096
12208,0,0,0.5856109
12209,0,0,0.58598185
12210,3,0,0.573921
12211,1,0,0.57800686
12212,0,0,0.60441387
12213,2,0,0.6105206
12214,3,0,0.6153458
12215,0,0,0.6159086
12216,1,0,0.594359
12217,1,0,0.60177225
12218,0,0,0.62304217
12219,0,0,0.6257926
12220,3,0,0.6442179
12221,1,0,0.6421975
12222,0,0,0.62822
12223,0,0,0.64305127
12224,0,0,0.6530471
12225,3,0,0.6491895
12226,0,0,0.66042244
12227,2,0,0.651047
12228,0,0,0.6570365
12229,3,0,0.67490876
12230,0,0,0.68001324
12231,0,0,0.6717218
12232,0,0,0.6679729
12233,0,0,0.6572875
12234,0,0,0.6825601
12235,2,0,0.6879218
12236,3,0,0.6994547
12237,2,0,0.7090347
12238,2,0,0.6951823
12239,2,0,0.71739656
12240,1,0,0.73773146
12241,2,0,0.75205153
12242,0,0,0.7409488
12243,0,0,0.7548278
12244,2,0,0.73668694
12245,2,0,0.7517324
12246,1,0,0.7788345
12247,2,0,0.763033
12248,0,0,0.75109875
12249,2,0,0.786151
12250,1,0,0.79099405
12251,0,0,0.819998
12252,0,0,0.84412473
12253,0,0,0.8743232
12254,1,0,0.8816147
12255,0,0,0.9086084
12256,0,0,0.9293413
12257,0,0,0.9419045
12258,2,0,0.9539474
12259,1,0,0.99414414
12260,3,0,1.0084025
12261,2,0,1.0229007
12262,2,0,1.055738
12263,0,0,1.1091115
12264,2,0,1.1035445
12265,1,0,1.1279594
12266,1,0,1.1899663
12267,3,0,1.188932
12268,1,0,1.2666136
12269,1,0,1.2876719
12270,0,0,1.3031818
12271,0,0,1.3837624
12272,0,0,1.4624254
12273,0,0,1.4959395
12274,1,0,1.5291064
12275,0,0,1.6063533
12276,0,0,1.6212778
12277,2,0,1.6641982
12278,1,0,1.682469
12279,0,0,1.7190567
12280,2,0,1.7248662
12281,1,0,1.8531265
12282,0,0,1.9168289
12283,2,0,1.9164487
12284,0,0,1.970348
12285,3,0,2.0222208
12286,0,0,2.0994291
12287,1,1,0.776657
12288,0,1,0.7683431
12289,1,1,0.7480707
12290,0,1,0.7449129
12291,1,1,0.74181813
12292,3,1,0.7352175
12293,1,1,0.7116985
12294,3,1,0.67094046
12295,1,1,0.6693706
12296,3,1,0.70294696
12297,2,1,0.7138453
12298,3,1,0.70204735
12299,0,1,0.7336691
12300,1,1,0.7364396
12301,2,1,0.7539966
12302,0,1,0.73609483
12303,0,1,0.72589135
12304,1,1,0.6997581
12305,1,0,0.6833393
12306,1,0,0.67862767
12307,0,0,0.69046444
12308,1,0,0.7187589
12309,0,0,0.71545887
12310,1,0,0.6914338
12311,1,0,0.6783526
12312,1,0,0.67102736
12313,1,0,0.70521504
12314,2,0,0.72142345
12315,0,0,0.7089916
12316,1,0,0.69451576
12317,2,0,0.68625855
12318,0,0,0.69015825
12319,0,0,0.69676566
12320,1,0,0.7201003
12321,1,0,0.71934044
12322,0,0,0.7327541
12323,1,0,0.7304725
12324,3,0,0.7361911
12325,1,0,0.72656417
12326,0,0,0.7083518
12327,0,0,0.6847026
12328,0,0,0.6667275
12329,2,0,0.6735153
12330,0,0,0.66168094
12331,0,0,0.63807094
12332,0,0,0.6281168
12333,3,0,0.62361676
12334,0,0,0.62266487
12335,1,0,0.647137
12336,0,0,0.6429461
12337,1,0,0.61840034
12338,1,0,0.60639036
12339,3,0,0.59745246
12340,2,0,0.6283301
12341,0,0,0.64600945
12342,0,0,0.63949275
12343,0,0,0.60730165
12344,0,0,0.58336663
12345,0,0,0.62064886
12346,0,0,0.6247598
12347,3,0,0.624912
12348,0,0,0.65188617
12349,0,0,0.64797235
12350,2,0,0.61772144
12351,3,0,0.63959867
12352,1,0,0.618512
12353,0,0,0.60026443
12354,0,0,0.6193448
12355,0,0,0.6262697
12356,0,0,0.63143724
12357,0,0,0.6305087
12358,2,0,0.6592363
12359,0,0,0.6351499
12360,1,0,0.63357043
12361,2,0,0.6594297
12362,1,0,0.6610525
12363,1,0,0.68174386
12364,2,0,0.66903853
12365,0,0,0.6759575
12366,2,0,0.67407066
12367,0,0,0.6850866
12368,0,0,0.67473316
12369,1,0,0.67530245
12370,2,0,0.648131
12371,3,0,0.6526999
12372,0,0,0.6520606
12373,2,0,0.6529819
12374,3,0,0.67773545
12375,0,0,0.65964174
12376,0,0,0.6649868
12377,1,0,0.66910475
12378,3,0,0.65832245
12379,0,0,0.662337
12380,1,0,0.6651227
12381,1,0,0.6659891
12382,0,0,0.66691655
12383,0,0,0.6798011
12384,3,0,0.6756224
12385,1,0,0.67697334
12386,2,0,0.6725452
12387,3,0,0.6917388
12388,0,0,0.69105846
12389,0,0,0.7127801
12390,1,0,0.7342581
12391,0,0,0.7371075
12392,0,0,0.753949
12393,1,0,0.771039
12394,3,0,0.78695846
12395,0,0,0.7785786
12396,3,0,0.7886581
12397,1,0,0.8001939
12398,1,0,0.816148
12399,3,0,0.83870095
12400,0,0,0.87774384
12401,3,0,0.8895724
12402,1,0,0.9093746
12403,1,0,0.9286466
12404,1,0,0.9337102
12405,1,0,0.95783955
12406,1,0,0.9810032
12407,0,0,1.0131565
12408,3,0,1.0359081
12409,0,0,1.096715
12410,3,0,1.1366626
12411,3,0,1.1530381
12412,1,0,1.1789948
12413,0,0,1.1912706
12414,0,0,1.2503405
12415,1,0,1.2850924
12416,3,1,0.69932413
12417,1,1,0.7222415
12418,0,1,0.7228477
12419,0,1,0.7255425
12420,0,1,0.7258303
12421,1,1,0.710731
12422,3,1,0.68794876
12423,2,1,0.674243
12424,3,1,0.67311764
12425,0,1,0.67561823
12426,0,1,0.6726386
12427,1,1,0.6647179
12428,2,1,0.6655443
12429,1,1,0.67987496
12430,1,1,0.60279185
12431,0,1,0.58279616
12432,0,1,0.58246607
12433,1,1,0.5732731
12434,3,1,0.56886584
12435,2,1,0.57613814
12436,2,1,0.5906267
12437,0,1,0.57627445
12438,0,1,0.5765357
12439,1,1,0.59285647
12440,0,1,0.6223511
12441,3,1,0.62402666
12442,1,1,0.62065196
12443,1,1,0.6221959
12444,3,1,0.63075185
12445,2,1,0.60646373
12446,2,1,0.6097135
12447,2,1,0.5881372
12448,0,1,0.56211364
12449,0,1,0.5497155
12450,1,1,0.55086833
12451,0,1,0.57833993
12452,0,1,0.58352804
12453,1,1,0.59623677
12454,0,1,0.5923394
12455,0,1,0.56765866
12456,0,0,0.5893035
12457,1,0,0.61447966
12458,1,0,0.5953065
12459,0,0,0.5874084
12460,0,0,0.5860007
12461,0,0,0.5895661
12462,2,0,0.5829
12463,0,0,0.57968414
12464,0,0,0.57604295
12465,1,0,0.54653513
12466,2,0,0.548192
12467,1,0,0.5406248
12468,2,0,0.536559
12469,0,0,0.53305626
12470,1,0,0.5126378
12471,1,0,0.5024812
12472,2,0,0.4956604
12473,0,0,0.48622683
12474,2,0,0.48778686
12475,3,0,0.48885494
12476,3,0,0.48130217
12477,3,0,0.47404215
12478,2,0,0.4778608
12479,0,0,0.48977205
12480,1,0,0.49185055
12481,3,0,0.4992634
12482,3,0,0.51697254
12483,1,0,0.49842572
12484,3,0,0.49469623
12485,3,0,0.49456495
12486,3,0,0.4785961
12487,0,0,0.480999
12488,1,0,0.4841741
12489,0,0,0.48648885
12490,1,0,0.5052841
12491,3,0,0.5191766
12492,0,0,0.51897794
12493,1,0,0.52376515
12494,2,0,0.54129004
12495,0,0,0.5556045
12496,1,0,0.5593501
12497,2,0,0.5815126
12498,2,0,0.5987476
12499,3,0,0.59747607
12500,0,0,0.6072434
12501,1,0,0.6012382
12502,2,0,0.61885494
12503,0,0,0.62967634
12504,1,0,0.6190347
12505,1,0,0.6369221
12506,2,0,0.6245684
12507,2,0,0.62762207
12508,1,0,0.63038987
12509,1,0,0.6386111
12510,1,0,0.6569532
12511,1,0,0.6521237
12512,0,0,0.6406425
12513,1,0,0.6359077
12514,2,0,0.657644
12515,3,0,0.6789454
12516,1,0,0.68454677
12517,0,0,0.6800332
12518,0,0,0.6903266
12519,0,0,0.68990225
12520,0,0,0.6839212
12521,3,0,0.66776437
12522,0,0,0.67988557
12523,1,0,0.67458504
12524,1,0,0.6627972
12525,1,0,0.6538079
12526,0,0,0.6535349
12527,3,0,0.638185
12528,1,0,0.6363475
12529,1,0,0.6252202
12530,0,0,0.6153296
12531,3,0,0.6201305
12532,1,0,0.6000005
12533,2,0,0.57668304
12534,1,0,0.5779485
12535,0,0,0.58166295
12536,0,0,0.6135808
12537,0,0,0.63248926
12538,3,0,0.6552602
12539,0,0,0.6547112
12540,1,0,0.641025
12541,0,0,0.64013374
12542,0,0,0.6356414
12543,0,0,0.6707462
12544,0,0,0.6721387
12545,2,0,0.670953
12546,0,0,0.69912535
12547,0,0,0.72014713
12548,3,0,0.72139925
12549,0,0,0.7205794
12550,0,0,0.7191932
12551,1,0,0.73351187
12552,1,0,0.7335188
12553,1,0,0.73558134
12554,0,0,0.73603314
12555,1,0,0.7561737
12556,2,0,0.74969184
12557,0,0,0.75310206
12558,1,0,0.7406164
12559,1,0,0.7542438
12560,0,0,0.76350737
12561,0,0,0.7798954
12562,1,0,0.8061509
12563,0,0,0.8232329
12564,1,0,0.8315448
12565,1,0,0.82456994
12566,2,0,0.83004624
12567,0,0,0.83903825
12568,0,0,0.83223605
12569,0,0,0.8230887
12570,0,0,0.836188
12571,0,0,0.8337404
12572,3,0,0.8475833
12573,1,0,0.8375599
12574,2,0,0.8354093
12575,2,0,0.8264253
12576,0,0,0.81213015
12577,3,0,0.8031339
12578,3,0,0.81536126
12579,1,0,0.83563095
12580,0,0,0.8475735
12581,0,0,0.87730443
12582,0,0,0.9009355
12583,0,0,0.9256773
12584,1,0,0.9442323
12585,0,0,0.9349876
12586,3,0,0.9410444
12587,0,0,0.9666688
12588,1,0,0.9773584
12589,0,0,1.195944
12590,0,0,1.228174
12591,2,0,1.2376999
12592,0,0,1.2180719
12593,1,0,1.2149062
12594,3,0,1.22994
12595,3,0,1.2308109
12596,1,0,1.2146604
12597,1,0,1.2141656
12598,2,0,1.2520105
12599,2,0,1.304554
12600,2,0,1.3058082
12601,3,0,1.326137
12602,0,0,1.34806
12603,2,0,1.5645893
12604,3,0,1.5616055
12605,1,0,1.5876635
12606,1,0,1.5977134
12607,1,0,1.6075566
12608,1,0,1.5992634
12609,1,0,1.593867
12610,1,0,1.6334242
12611,3,0,1.646379
12612,2,0,1.6422162
12613,3,0,1.651791
12614,2,0,1.6535788
12615,2,0,1.7067951
12616,2,0,1.7923144
12617,2,0,1.7855535
12618,3,1,0.6870527
12619,0,1,0.65228146
12620,2,1,0.6267298
12621,1,1,0.60258365
12622,1,1,0.6096024
12623,0,1,0.6359
12624,2,1,0.6295796
12625,3,1,0.61755264
12626,3,1,0.62993795
12627,1,1,0.63306206
12628,1,1,0.6649947
12629,0,1,0.6599418
12630,3,1,0.699085
12631,3,1,0.69323534
12632,1,1,0.67731833
12633,1,1,0.6623861
12634,3,1,0.65691644
12635,2,1,0.65445644
12636,2,1,0.669156
12637,1,1,0.63857234
12638,0,1,0.61508745
12639,0,1,0.60746163
12640,0,1,0.6134562
12641,1,1,0.6118591
12642,0,1,0.5838404
12643,0,1,0.59951484
12644,1,1,0.59403807
12645,0,1,0.62587315
12646,3,1,0.6574738
12647,1,1,0.6522004
12648,3,1,0.65151805
12649,1,1,0.6498464
12650,1,1,0.674736
12651,0,1,0.66929483
12652,2,1,0.65975136
12653,2,1,0.64113444
12654,1,1,0.6464725
12655,3,1,0.6396974
12656,3,1,0.6426597
12657,1,1,0.6332527
12658,0,1,0.6117904
12659,1,1,0.59943616
12660,1,1,0.60985357
12661,1,1,0.6117392
12662,1,0,0.61860776
12663,1,0,0.6374302
12664,1,0,0.66215044
12665,0,0,0.65187293
12666,2,0,0.63809216
12667,0,0,0.6726915
12668,1,0,0.6804644
12669,0,0,0.7106235
12670,1,0,0.72362286
12671,3,0,0.72178924
12672,1,0,0.7129024
12673,0,0,0.7176308
12674,1,0,0.7142442
12675,0,0,0.70191747
12676,3,0,0.6841098
12677,1,0,0.6737728
12678,0,0,0.6600643
12679,1,0,0.65942264
12680,2,0,0.6381983
12681,0,0,0.6452148
12682,0,0,0.63881904
12683,1,0,0.6460811
12684,1,0,0.6415295
12685,2,0,0.63164186
12686,3,0,0.6214614
12687,1,0,0.6227923
12688,2,0,0.62300354
12689,1,0,0.61459523
12690,0,0,0.59407514
12691,0,0,0.5885954
12692,0,0,0.57665396
12693,2,0,0.55268145
12694,0,0,0.52876884
12695,2,0,0.55207354
12696,0,0,0.5421882
12697,1,0,0.5053559
12698,1,0,0.4981605
12699,0,0,0.46503857
12700,1,0,0.44347307
12701,0,0,0.43295202
12702,2,0,0.4262017
12703,2,0,0.44617465
12704,0,0,0.44070682
12705,1,0,0.43278944
12706,1,0,0.43284032
12707,0,0,0.43773392
12708,0,0,0.4729935
12709,0,0,0.49792126
12710,0,0,0.53658193
12711,0,0,0.53460276
12712,2,0,0.5678661
12713,0,0,0.56386393
12714,2,0,0.5573651
12715,2,0,0.5581165
12716,3,0,0.5550158
12717,1,0,0.55194026
12718,0,0,0.56913155
12719,0,0,0.6003311
12720,2,0,0.59662575
12721,3,0,0.5926799
12722,0,0,0.5818801
12723,1,0,0.5733701
12724,1,0,0.59046143
12725,0,0,0.592446
12726,1,0,0.6069683
12727,2,0,0.6244544
12728,2,0,0.6330793
12729,0,0,0.64411145
12730,1,0,0.6377749
12731,3,0,0.6362308
12732,0,0,0.64266163
12733,0,0,0.63718337
12734,3,0,0.6346612
12735,2,0,0.6306808
12736,2,0,0.6402048
12737,0,0,0.637914
12738,1,0,0.6307646
12739,0,0,0.61890006
12740,0,0,0.61779004
12741,1,0,0.64013743
12742,1,0,0.64764804
12743,0,0,0.65964717
12744,3,0,0.67379
12745,2,0,0.67283046
12746,3,0,0.6518786
12747,0,0,0.6454765
12748,2,0,0.6285411
12749,2,0,0.6282184
12750,1,0,0.6416355
12751,2,0,0.6492327
12752,1,0,0.65554893
12753,0,0,0.6689328
12754,1,0,0.6636809
12755,0,0,0.64686763
12756,0,0,0.62321347
12757,1,0,0.62605363
12758,1,0,0.61092776
12759,3,0,0.5878093
12760,3,0,0.59790546
12761,2,0,0.60838157
12762,2,0,0.6025505
12763,0,0,0.6018283
12764,1,0,0.6171858
12765,1,0,0.6156053
12766,1,0,0.6200511
12767,1,0,0.6400968
12768,0,0,0.62136203
12769,0,0,0.62948096
12770,3,0,0.6295838
12771,1,0,0.6213285
12772,3,0,0.61014587
12773,3,0,0.6148356
12774,1,0,0.5938562
12775,0,0,0.6123274
12776,2,0,0.61701566
12777,0,0,0.63750994
12778,0,0,0.6292812
12779,0,0,0.6302186
12780,1,0,0.6234716
12781,1,0,0.60863054
12782,3,0,0.60834146
12783,0,0,0.59464496
12784,1,0,0.5911352
12785,1,0,0.60338
12786,1,0,0.6147661
12787,0,0,0.6071427
12788,3,0,0.6332476
12789,0,0,0.6543419
12790,3,0,0.6489458
12791,1,0,0.6544433
12792,3,0,0.67272085
12793,1,0,0.68067795
12794,0,0,0.67269295
12795,0,0,0.6805109
12796,1,0,0.6794289
12797,0,0,0.6877658
12798,3,0,0.70755315
12799,1,0,0.7244481
12800,0,0,0.72457176
12801,2,0,0.7225996
12802,0,0,0.73330647
12803,0,0,0.7317221
12804,0,0,0.76974416
12805,0,0,0.7743506
12806,1,0,0.7920125
12807,3,0,0.78525555
12808,1,0,0.80154717
12809,0,0,0.7979989
12810,1,0,0.8144693
12811,0,0,0.8213961
12812,0,0,0.8489699
12813,3,0,0.8740186
12814,1,0,0.8999409
12815,1,0,0.89829284
12816,1,0,0.93795437
12817,0,0,0.9469832
12818,3,0,0.94472
12819,0,0,0.9528484
12820,0,0,0.9759119
12821,0,0,1.0016056
12822,0,0,1.0266892
12823,0,0,1.0534835
12824,2,0,1.0590957
12825,0,0,1.0847487
12826,2,0,1.1191688
12827,1,0,1.1497195
12828,2,0,1.1881347
12829,1,0,1.2048911
12830,3,0,1.2399569
12831,1,0,1.2708939
12832,2,0,1.2928883
12833,2,1,0.6368675
12834,1,1,0.6281676
12835,0,1,0.6172669
12836,0,1,0.6348158
12837,3,1,0.61899656
12838,1,1,0.59295505
12839,0,1,0.5940267
12840,0,1,0.6057165
12841,0,1,0.5984474
12842,0,1,0.59212804
12843,1,1,0.6031667
12844,0,1,0.6008948
12845,2,1,0.59614784
12846,1,1,0.6008737
12847,3,1,0.62070614
12848,3,1,0.63340783
12849,3,1,0.6395854
12850,1,1,0.6488235
12851,0,1,0.6376657
12852,3,1,0.6178789
12853,1,1,0.6139418
12854,0,1,0.6073754
12855,0,1,0.6185303
12856,1,1,0.61601794
12857,1,1,0.6327436
12858,3,1,0.6002034
12859,2,0,0.5916276
12860,1,0,0.6295963
12861,1,0,0.6615432
12862,1,0,0.64671934
12863,1,0,0.65604794
12864,0,0,0.65107006
12865,2,0,0.64616907
12866,3,0,0.6536326
12867,0,0,0.6501135
12868,1,0,0.6451322
12869,1,0,0.6345609
12870,0,0,0.6106843
12871,0,0,0.6151033
12872,3,0,0.6153944
12873,1,0,0.6148848
12874,0,0,0.6068825
12875,0,0,0.6094448
12876,0,0,0.587995
12877,3,0,0.5613753
12878,3,0,0.5686813
12879,0,0,0.5519566
12880,1,0,0.55885404
12881,0,0,0.5711974
12882,2,0,0.5781512
12883,2,0,0.58329797
12884,0,0,0.5831996
12885,0,0,0.5736402
12886,1,0,0.568713
12887,1,0,0.547119
12888,0,0,0.5473617
12889,1,0,0.528979
12890,0,0,0.49589407
12891,0,0,0.46656257
12892,0,0,0.5045959
12893,0,0,0.52577865
12894,1,0,0.51853293
12895,1,0,0.5104946
12896,1,0,0.52245086
12897,0,0,0.52517766
12898,1,0,0.56081337
12899,2,0,0.5793706
12900,0,0,0.6091918
12901,0,0,0.60388845
12902,0,0,0.59288895
12903,0,0,0.6031964
12904,3,0,0.6063698
12905,2,0,0.59478617
12906,0,0,0.5921245
12907,1,0,0.58642924
12908,2,0,0.56759137
12909,0,0,0.5648834
12910,1,0,0.5621585
12911,2,0,0.5420832
12912,1,0,0.53132164
12913,1,0,0.5470208
12914,1,0,0.5363264
12915,3,0,0.54925585
12916,2,0,0.55270505
12917,0,0,0.5486068
12918,0,0,0.5690657
12919,2,0,0.5780488
12920,0,0,0.57816964
12921,3,0,0.6045974
12922,3,0,0.59866655
12923,0,0,0.606324
12924,1,0,0.61441624
12925,2,0,0.6272086
12926,0,0,0.6041315
12927,1,0,0.6073832
12928,0,0,0.5919916
12929,1,0,0.5997254
12930,0,0,0.5952824
12931,2,0,0.6115414
12932,0,0,0.62121505
12933,1,0,0.592129
12934,0,0,0.58807284
12935,1,0,0.5914421
12936,1,0,0.5985716
12937,0,0,0.63028306
12938,0,0,0.6422861
12939,1,0,0.66117257
12940,3,0,0.6730741
12941,0,0,0.69009316
12942,3,0,0.6932009
12943,0,0,0.68558025
12944,1,0,0.68630993
12945,1,0,0.6822459
12946,1,0,0.6799721
12947,0,0,0.7111223
12948,0,0,0.6867749
12949,0,0,0.70369893
12950,0,0,0.71363825
12951,1,0,0.71950257
12952,2,0,0.7140236
12953,3,0,0.7091086
12954,1,0,0.71509033
12955,1,0,0.7183033
12956,3,0,0.74431115
12957,1,0,0.7556335
12958,0,0,0.76833755
12959,2,0,0.7520716
12960,2,0,0.755853
12961,0,0,0.7473441
12962,0,0,0.7388039
12963,0,0,0.7647145
12964,2,0,0.79023373
12965,3,0,0.8351165
12966,0,0,0.85099673
12967,1,0,0.86090565
12968,3,0,0.8853244
12969,3,0,0.89895
12970,3,0,0.908428
12971,1,0,0.92304826
12972,1,0,0.9339217
12973,0,0,0.94612765
12974,2,0,0.9761304
12975,0,0,0.9906223
12976,2,0,1.0152286
12977,3,0,1.024418
12978,1,0,1.0443263
12979,3,0,1.0880913
12980,0,0,1.1156067
12981,1,0,1.1274501
12982,0,0,1.1848618
12983,1,0,1.2089028
12984,1,0,1.239838
12985,0,0,1.2570481
12986,1,0,1.3130728
12987,1,0,1.3482343
12988,3,0,1.3514132
12989,1,1,0.6031419
12990,1,1,0.6268838
12991,2,1,0.62945104
12992,0,1,0.60187554
12993,0,1,0.61677134
12994,1,1,0.6315905
12995,3,1,0.6308671
12996,0,1,0.6296946
12997,0,1,0.62537926
12998,3,1,0.6251441
12999,0,1,0.6049744
13000,0,1,0.58045095
13001,0,1,0.5615154
13002,3,1,0.5563442
13003,2,1,0.5750542
13004,1,1,0.57231116
13005,1,1,0.56312174
13006,0,1,0.55115044
13007,0,1,0.5485697
13008,0,0,0.53700054
13009,3,0,0.53503126
13010,0,0,0.54658973
13011,3,0,0.5500906
13012,1,0,0.5486745
13013,0,0,0.5741154
13014,0,0,0.5703356
13015,2,0,0.58405674
13016,2,0,0.57995486
13017,1,0,0.56654793
13018,2,0,0.57465416
13019,2,0,0.5958555
13020,2,0,0.5956693
13021,2,0,0.5983228
13022,1,0,0.61263144
13023,2,0,0.60990864
13024,1,0,0.60314363
13025,3,0,0.61059296
13026,3,0,0.60559773
13027,0,0,0.63310635
13028,2,0,0.63509554
13029,1,0,0.647177
13030,1,0,0.6534611
13031,0,0,0.6727958
13032,2,0,0.68477136
13033,0,0,0.6763278
13034,1,0,0.6975631
13035,1,0,0.7036952
13036,1,0,0.695108
13037,1,0,0.712469
13038,0,0,0.69642264
13039,0,0,0.71975476
13040,0,0,0.70428896
13041,0,0,0.720624
13042,0,0,0.7407128
13043,1,0,0.7113897
13044,0,0,0.7182702
13045,0,0,0.72179383
13046,1,0,0.7207971
13047,2,0,0.735027
13048,0,0,0.71896636
13049,1,0,0.7180031
13050,3,0,0.70801777
13051,1,0,0.71081865
13052,3,0,0.70672613
13053,1,0,0.6867426
13054,3,0,0.6845847
13055,1,0,0.693994
13056,1,0,0.7056316
13057,2,0,0.6952573
13058,0,0,0.6717505
13059,0,0,0.6649911
13060,1,0,0.6704297
13061,1,0,0.6581596
13062,3,0,0.64982015
13063,1,0,0.65861255
13064,0,0,0.64238507
13065,0,0,0.6471626
13066,1,0,0.668962
13067,3,0,0.6745824
13068,0,0,0.6704698
13069,1,0,0.6518554
13070,1,0,0.6544359
13071,1,0,0.64999354
13072,2,0,0.6413486
13073,0,0,0.6498748
13074,0,0,0.65145886
13075,3,0,0.64482015
13076,0,0,0.64684373
13077,0,0,0.65674394
13078,0,0,0.668717
13079,0,0,0.6673019
13080,1,0,0.6768818
13081,0,0,0.6572327
13082,2,0,0.6530515
13083,2,0,0.67083
13084,0,0,0.6849722
13085,3,0,0.67331254
13086,2,0,0.67186207
13087,3,0,0.67339516
13088,0,0,0.69846225
13089,1,0,0.71173984
13090,1,0,0.7356214
13091,0,0,0.74449617
13092,0,0,0.75539535
13093,2,0,0.74261856
13094,0,0,0.7566911
13095,2,0,0.74526495
13096,0,0,0.74654204
13097,1,0,0.75358343
13098,2,0,0.7968979
13099,0,0,0.82055575
13100,1,0,0.8522723
13101,0,0,0.88840485
13102,0,0,0.9169925
13103,2,0,0.9700857
13104,0,0,1.0192863
13105,2,0,1.0588856
13106,0,0,1.0693877
13107,2,0,1.0567544
13108,1,0,1.0959206
13109,0,0,1.1398989
13110,1,0,1.1861272
13111,3,0,1.2026415
13112,3,0,1.2256819
13113,0,0,1.2260936
13114,2,0,1.2177154
13115,0,0,1.2678745
13116,0,0,1.2735671
13117,3,0,1.28955
13118,3,0,1.359446
13119,3,0,1.3819026
13120,0,0,1.3858346
13121,2,1,0.6422364
13122,1,1,0.66047674
13123,1,1,0.65766865
13124,0,1,0.65308005
13125,0,1,0.6678962
13126,2,1,0.65909827
13127,2,1,0.6643881
13128,1,1,0.66421616
13129,0,1,0.64947754
13130,0,1,0.6471918
13131,0,1,0.6430412
13132,2,1,0.6444598
13133,1,1,0.63961613
13134,0,1,0.6523684
13135,1,1,0.6506405
13136,0,1,0.6535452
13137,1,1,0.6521214
13138,3,1,0.6401009
13139,1,1,0.6482491
13140,0,1,0.6589975
13141,1,1,0.6309929
13142,3,1,0.653358
13143,2,1,0.6652767
13144,0,1,0.66497546
13145,2,1,0.6731118
13146,2,0,0.6904452
13147,3,0,0.705506
13148,1,0,0.7305728
13149,0,0,0.7187471
13150,3,0,0.7007297
13151,0,0,0.68138343
13152,0,0,0.6576839
13153,0,0,0.6439779
13154,1,0,0.66526985
13155,3,0,0.6562222
13156,0,0,0.6821045
13157,1,0,0.66776043
13158,0,0,0.663622
13159,1,0,0.6388679
13160,1,0,0.60594654
13161,1,0,0.6095545
13162,1,0,0.6091249
13163,0,0,0.6492283
13164,0,0,0.6434035
13165,3,0,0.64503187
13166,2,0,0.6700935
13167,0,0,0.67301446
13168,1,0,0.67250365
13169,0,0,0.63487226
13170,0,0,0.63783586
13171,0,0,0.63823307
13172,1,0,0.6310979
13173,2,0,0.61501545
13174,0,0,0.59414506
13175,3,0,0.5976609
13176,2,0,0.58468395
13177,0,0,0.56769645
13178,1,0,0.56963515
13179,1,0,0.58955365
13180,1,0,0.5870082
13181,1,0,0.5862136
13182,3,0,0.5981548
13183,3,0,0.59899735
13184,1,0,0.60014236
13185,3,0,0.6150146
13186,1,0,0.6144691
13187,3,0,0.63305086
13188,0,0,0.61775
13189,1,0,0.64504975
13190,0,0,0.65912837
13191,3,0,0.6576665
13192,1,0,0.6650599
13193,0,0,0.6517923
13194,3,0,0.63873047
13195,3,0,0.61625
13196,0,0,0.6186471
13197,0,0,0.62246865
13198,1,0,0.6396731
13199,1,0,0.6395531
13200,0,0,0.64123493
13201,0,0,0.65676457
13202,3,0,0.6566737
13203,0,0,0.66492516
13204,1,0,0.65997916
13205,3,0,0.66270345
13206,0,0,0.66567093
13207,1,0,0.68828773
13208,0,0,0.669758
13209,3,0,0.6576775
13210,0,0,0.65474117
13211,1,0,0.6763933
13212,1,0,0.6776745
13213,2,0,0.673459
13214,1,0,0.6735993
13215,1,0,0.6621689
13216,1,0,0.64685225
13217,1,0,0.63796395
13218,2,0,0.65195787
13219,1,0,0.62597257
13220,0,0,0.6041189
13221,1,0,0.6038193
13222,2,0,0.60029423
13223,1,0,0.59509903
13224,2,0,0.60895234
13225,0,0,0.6166052
13226,0,0,0.59797966
13227,2,0,0.58558506
13228,1,0,0.5883527
13229,0,0,0.6012656
13230,0,0,0.60656905
13231,1,0,0.59933406
13232,1,0,0.5939433
13233,3,0,0.5886948
13234,3,0,0.5963061
13235,2,0,0.60496897
13236,3,0,0.6241763
13237,2,0,0.6152245
13238,1,0,0.63871646
13239,0,0,0.6327895
13240,0,0,0.6382468
13241,3,0,0.6286628
13242,0,0,0.62025607
13243,0,0,0.636458
13244,1,0,0.6227346
13245,2,0,0.62640226
13246,0,0,0.6412769
13247,0,0,0.6511721
13248,3,0,0.6757644
13249,1,0,0.6884741
13250,1,0,0.7140386
13251,3,0,0.74051374
13252,0,0,0.77211595
13253,2,0,0.7884432
13254,2,0,0.8024218
13255,1,0,0.8122586
13256,1,0,0.8557618
13257,2,0,0.87000334
13258,2,0,0.8814896
13259,2,0,0.90506744
13260,1,0,0.92086184
13261,0,0,0.96398973
13262,0,0,0.99090993
13263,0,0,1.0164615
13264,0,0,1.0518147
13265,1,0,1.0722837
13266,0,0,1.0758338
13267,3,0,1.105564
13268,0,0,1.11461
13269,0,0,1.1431736
13270,3,0,1.162902
13271,1,0,1.2374635
13272,2,0,1.240703
13273,1,1,0.695399
13274,0,1,0.6984589
13275,0,1,0.6985175
13276,0,1,0.6225489
13277,0,1,0.6227618
13278,3,1,0.6239532
13279,1,1,0.6178653
13280,0,1,0.6128153
13281,1,1,0.63634026
13282,1,1,0.6276947
13283,0,1,0.6285627
13284,3,1,0.63831663
13285,1,1,0.6546736
13286,0,1,0.67129934
13287,2,1,0.6536201
13288,1,1,0.6481048
13289,1,1,0.6272362
13290,3,1,0.6230256
13291,3,1,0.61740464
13292,0,1,0.6037704
13293,3,1,0.6139822
13294,2,1,0.61764556
13295,1,1,0.6210881
13296,0,1,0.6113311
13297,1,1,0.615622
13298,1,1,0.59380835
13299,1,1,0.6061006
13300,0,1,0.6257922
13301,3,1,0.60438824
13302,0,1,0.6049876
13303,3,1,0.62461656
13304,3,1,0.60874045
13305,1,1,0.596089
13306,1,1,0.59940726
13307,2,1,0.6044957
13308,2,1,0.59806865
13309,0,1,0.60948294
13310,0,0,0.62479764
13311,0,0,0.6076139
13312,3,0,0.6227946
13313,1,0,0.622062
13314,0,0,0.6152952
13315,2,0,0.62081474
13316,0,0,0.60510623
13317,0,0,0.6118196
13318,3,0,0.61588854
13319,0,0,0.6329287
13320,2,0,0.6530996
13321,0,0,0.6320474
13322,3,0,0.62170047
13323,2,0,0.6032621
13324,1,0,0.6052592
13325,2,0,0.6029807
13326,1,0,0.6085615
13327,0,0,0.5814914
13328,0,0,0.59708637
13329,1,0,0.5849658
13330,3,0,0.5622828
13331,0,0,0.5604783
13332,2,0,0.6053019
13333,1,0,0.5799693
13334,1,0,0.59076047
13335,2,0,0.5958866
13336,0,0,0.6007776
13337,3,0,0.5994368
13338,0,0,0.6204993
13339,1,0,0.6268126
13340,0,0,0.6320014
13341,3,0,0.63692445
13342,1,0,0.63622916
13343,0,0,0.6130726
13344,0,0,0.6270812
13345,3,0,0.6285532
13346,0,0,0.64401764
13347,2,0,0.659352
13348,2,0,0.650551
13349,2,0,0.64834595
13350,0,0,0.6605341
13351,2,0,0.6837901
13352,1,0,0.6852612
13353,1,0,0.68509364
13354,0,0,0.7073388
13355,2,0,0.71206564
13356,1,0,0.67677253
13357,3,0,0.6730989
13358,0,0,0.67901814
13359,1,0,0.6925913
13360,1,0,0.7067008
13361,1,0,0.7283393
13362,3,0,0.6618089
13363,0,0,0.65961576
13364,0,0,0.6555309
13365,0,0,0.6550421
13366,0,0,0.67533714
13367,3,0,0.6990529
13368,0,0,0.6996278
13369,1,0,0.6911231
13370,2,0,0.68909454
13371,2,0,0.6901554
13372,0,0,0.6885779
13373,1,0,0.6905091
13374,1,0,0.68421566
13375,1,0,0.66933525
13376,3,0,0.65809387
13377,3,0,0.6559507
13378,0,0,0.6759476
13379,0,0,0.66209775
13380,0,0,0.62633926
13381,0,0,0.61225486
13382,0,0,0.6095857
13383,0,0,0.61217946
13384,1,0,0.58279455
13385,2,0,0.58793133
13386,0,0,0.5954927
13387,0,0,0.60769796
13388,1,0,0.6071288
13389,3,0,0.58659166
13390,0,0,0.5805539
13391,1,0,0.5846861
13392,1,0,0.6027085
13393,0,0,0.6236595
13394,2,0,0.64178956
13395,0,0,0.6439152
13396,3,0,0.6294138
13397,0,0,0.6233462
13398,3,0,0.61996883
13399,1,0,0.6243227
13400,2,0,0.61294156
13401,0,0,0.6244941
13402,0,0,0.62131166
13403,3,0,0.635424
13404,0,0,0.6400174
13405,1,0,0.6631364
13406,1,0,0.6783768
13407,0,0,0.6762231
13408,1,0,0.6783916
13409,0,0,0.6740202
13410,2,0,0.68720967
13411,1,0,0.690685
13412,1,0,0.7021647
13413,3,0,0.7111831
13414,0,0,0.7249381
13415,1,0,0.7230906
13416,1,0,0.7322966
13417,1,0,0.73321754
13418,0,0,0.7166522
13419,1,0,0.7246894
13420,1,0,0.7270204
13421,1,0,0.73063713
13422,1,0,0.7302811
13423,2,0,0.73921734
13424,0,0,0.7255907
13425,0,0,0.74553525
13426,0,0,0.7489612
13427,0,0,0.74639153
13428,0,0,0.7385935
13429,1,0,0.7512017
13430,0,0,0.77795863
13431,2,0,0.7784394
13432,3,0,0.76938844
13433,3,0,0.7714361
13434,0,0,0.7591307
13435,1,0,0.7634793
13436,1,0,0.7735659
13437,0,0,0.7706888
13438,0,0,0.76691735
13439,1,0,0.7895283
13440,2,0,0.8151216
13441,1,0,0.8426596
13442,3,0,0.866015
13443,1,0,0.8753969
13444,0,0,0.8955445
13445,1,0,0.9024361
13446,0,0,0.9324397
13447,1,0,0.9585928
13448,3,0,0.9795635
13449,1,0,0.9906873
13450,1,0,1.0039021
13451,0,0,1.0061816
13452,3,0,1.001525
13453,3,0,1.002167
13454,1,0,1.0346631
13455,0,0,1.0640694
13456,0,0,1.0958089
13457,0,0,1.1053827
13458,1,0,1.1299376
13459,2,0,1.1320735
13460,2,0,1.1476065
13461,1,0,1.1570754
13462,0,0,1.1970115
13463,1,0,1.2264537
13464,0,0,1.2451756
13465,1,1,0.7357406
13466,0,1,0.7367595
13467,1,1,0.72457606
13468,0,1,0.7191943
13469,3,1,0.7160492
13470,1,1,0.69376564
13471,2,1,0.7025785
13472,1,1,0.70109445
13473,0,1,0.7046378
13474,1,1,0.69899195
13475,0,1,0.6979108
13476,0,1,0.69469976
13477,0,1,0.6829478
13478,2,1,0.6633134
13479,3,1,0.6621774
13480,0,1,0.67716026
13481,2,1,0.6665791
13482,2,1,0.67319024
13483,1,1,0.6691356
13484,0,1,0.6955744
13485,0,1,0.706213
13486,1,1,0.68951786
13487,3,1,0.73350483
13488,1,1,0.72909313
13489,1,1,0.732621
13490,1,1,0.7349824
13491,1,1,0.7125244
13492,0,1,0.7060575
13493,3,1,0.7114684
13494,1,1,0.73564833
13495,3,1,0.7358709
13496,1,1,0.7245289
13497,2,1,0.7393977
13498,1,1,0.73657006
13499,1,1,0.7275757
13500,0,1,0.74115497
13501,0,1,0.7375921
13502,2,1,0.728352
13503,2,1,0.7290573
13504,1,1,0.7324689
13505,2,1,0.7217403
13506,2,1,0.7159549
13507,0,1,0.7049963
13508,0,1,0.72169787
13509,1,1,0.7310241
13510,1,1,0.71683353
13511,1,1,0.7261183
13512,2,1,0.7189141
13513,3,1,0.7305637
13514,1,1,0.71518296
13515,0,1,0.71213275
13516,0,1,0.71181047
13517,0,1,0.66049206
13518,0,1,0.65474
13519,0,1,0.6662708
13520,2,1,0.6708196
13521,0,1,0.6891155
13522,1,0,0.68364817
13523,1,0,0.6979804
13524,0,0,0.7021517
13525,1,0,0.70481217
13526,0,0,0.70205545
13527,1,0,0.6920091
13528,0,0,0.6956075
13529,1,0,0.71089524
13530,0,0,0.6963572
13531,2,0,0.69397485
13532,0,0,0.686169
13533,1,0,0.68371916
13534,1,0,0.6714943
13535,1,0,0.67382866
13536,2,0,0.66382366
13537,0,0,0.6819178
13538,0,0,0.683519
13539,1,0,0.672731
13540,3,0,0.67295927
13541,3,0,0.6590365
13542,3,0,0.6683827
13543,0,0,0.6590888
13544,2,0,0.6745713
13545,0,0,0.66774744
13546,2,0,0.6838061
13547,0,0,0.67950946
13548,3,0,0.6806236
13549,0,0,0.67085165
13550,0,0,0.6727069
13551,0,0,0.67214435
13552,1,0,0.6836151
13553,0,0,0.66779363
13554,3,0,0.65390056
13555,0,0,0.6399202
13556,0,0,0.6316232
13557,0,0,0.6416384
13558,0,0,0.64047813
13559,0,0,0.62829304
13560,1,0,0.621356
13561,3,0,0.59140205
13562,0,0,0.5904562
13563,0,0,0.5635765
13564,1,0,0.55802464
13565,0,0,0.58422154
13566,0,0,0.5934175
13567,0,0,0.5713154
13568,2,0,0.56119496
13569,3,0,0.5641424
13570,0,0,0.56678164
13571,1,0,0.5608147
13572,0,0,0.56769407
13573,1,0,0.56340593
13574,0,0,0.5415112
13575,0,0,0.5423651
13576,0,0,0.537857
13577,0,0,0.573234
13578,1,0,0.5992105
13579,1,0,0.59233737
13580,1,0,0.5665443
13581,3,0,0.5485675
13582,3,0,0.5470179
13583,1,0,0.55535847
13584,1,0,0.54927284
13585,0,0,0.54597247
13586,0,0,0.5907332
13587,0,0,0.5883767
13588,0,0,0.6224765
13589,0,0,0.61082786
13590,1,0,0.6371291
13591,0,0,0.63820225
13592,0,0,0.6474127
13593,3,0,0.6439863
13594,3,0,0.6459941
13595,0,0,0.6417028
13596,0,0,0.63001263
13597,1,0,0.6338884
13598,1,0,0.6464305
13599,0,0,0.65140396
13600,0,0,0.650628
13601,1,0,0.67771715
13602,0,0,0.6640672
13603,3,0,0.68929857
13604,1,0,0.7042882
13605,3,0,0.72638065
13606,3,0,0.71451414
13607,3,0,0.69182575
13608,1,0,0.68649924
13609,1,0,0.69866407
13610,0,0,0.7139749
13611,2,0,0.71376646
13612,1,0,0.7294075
13613,0,0,0.726121
13614,1,0,0.72795534
13615,0,0,0.74446183
13616,0,0,0.7352865
13617,0,0,0.7197545
13618,1,0,0.71278614
13619,0,0,0.71503764
13620,0,0,0.7055087
13621,2,0,0.7020772
13622,1,0,0.70513964
13623,1,0,0.7053767
13624,1,0,0.6951127
13625,0,0,0.6949697
13626,0,0,0.71435064
13627,0,0,0.7323859
13628,1,0,0.72513694
13629,1,0,0.7116178
13630,1,0,0.7043805
13631,3,0,0.73292565
13632,1,0,0.73995286
13633,2,0,0.7245149
13634,0,0,0.7250034
13635,3,0,0.7111432
13636,0,0,0.7262318
13637,2,0,0.72435164
13638,0,0,0.71408236
13639,1,0,0.69891775
13640,0,0,0.6887945
13641,0,0,0.7004722
13642,0,0,0.6886913
13643,3,0,0.6836348
13644,3,0,0.6923012
13645,0,0,0.67688733
13646,0,0,0.67458683
13647,0,0,0.71326005
13648,0,0,0.7065537
13649,0,0,0.72032297
13650,1,0,0.7395233
13651,3,0,0.7606739
13652,0,0,0.7762176
13653,2,0,0.79700214
13654,0,0,0.82756746
13655,3,0,0.82900864
13656,0,0,0.82962674
13657,2,0,0.8227217
13658,1,0,0.8331401
13659,2,0,0.84205353
13660,1,0,0.8484029
13661,0,0,0.8007056
13662,0,0,0.8070993
13663,2,0,0.8326692
13664,0,0,0.8420406
13665,1,0,0.8621674
13666,1,0,0.8801703
13667,3,0,0.9051185
13668,0,0,0.9303524
13669,1,0,0.94504833
13670,1,0,0.9526852
13671,1,0,0.9665422
13672,3,0,0.9946167
13673,0,0,1.0295712
13674,3,0,1.0337096
13675,2,0,1.0724462
13676,3,0,1.0948592
13677,0,0,1.0786988
13678,1,0,1.0907627
13679,3,0,1.0930326
13680,0,0,1.1338211
13681,1,0,1.1366781
13682,0,0,1.1646329
13683,1,0,1.1744453
13684,0,0,1.1688688
13685,3,0,1.197935
13686,0,0,1.2000421
13687,0,0,1.236999
13688,1,0,1.2982345
13689,0,0,1.3106668
13690,0,0,1.3211522
13691,0,0,1.3415357
13692,0,0,1.3901484
13693,1,0,1.4370661
13694,3,0,1.4530926
13695,0,0,1.4677472
13696,0,0,1.4835694
13697,0,0,1.498409
13698,0,0,1.489241
13699,3,0,1.5632337
13700,0,0,1.6201583
13701,3,0,1.6400485
13702,0,0,1.6702967
13703,1,0,1.7018148
13704,1,0,1.7143024
13705,0,0,1.7234733
13706,2,0,1.7138081
13707,0,0,1.7354532
13708,1,0,1.747099
13709,1,0,1.8136376
13710,2,0,1.89103
13711,0,0,1.9723015
13712,1,0,1.9814321
13713,3,0,2.063331
13714,2,0,2.1799178
13715,0,0,2.169842
13716,0,0,2.2196546
13717,2,0,2.2935314
13718,1,0,2.3093424
13719,0,0,2.3691084
13720,1,0,2.5015697
13721,1,0,2.5124276
13722,1,0,2.6352906
13723,0,0,2.6402998
13724,0,1,0.63423544
13725,0,1,0.6448976
13726,2,1,0.6331905
13727,1,1,0.656623
13728,0,1,0.6535471
13729,0,1,0.6314107
13730,0,1,0.62920636
13731,2,1,0.63809955
13732,1,1,0.6273053
13733,0,1,0.63170815
13734,2,1,0.6317129
13735,0,1,0.6321275
13736,0,1,0.61802715
13737,0,1,0.6344499
13738,3,1,0.6295716
13739,1,1,0.6156041
13740,2,1,0.6174967
13741,0,1,0.6408023
13742,3,1,0.65359235
13743,0,1,0.63718003
13744,1,1,0.6347433
13745,1,1,0.61198676
13746,1,1,0.60686636
13747,3,1,0.6237929
13748,2,1,0.61474997
13749,0,1,0.6403145
13750,0,1,0.6482276
13751,1,1,0.6670068
13752,1,1,0.6889496
13753,0,1,0.7005885
13754,0,1,0.6987378
13755,1,0,0.6831121
13756,1,0,0.7004669
13757,0,0,0.6898299
13758,0,0,0.69601685
13759,2,0,0.70331204
13760,0,0,0.7048762
13761,0,0,0.6940693
13762,1,0,0.68827975
13763,1,0,0.6846083
13764,3,0,0.7065035
13765,1,0,0.7087708
13766,0,0,0.70873153
13767,0,0,0.7037512
13768,0,0,0.69657964
13769,0,0,0.6997585
13770,0,0,0.7103385
13771,1,0,0.68877673
13772,2,0,0.67970794
13773,0,0,0.6847823
13774,1,0,0.68135196
13775,0,0,0.6735892
13776,0,0,0.69380033
13777,3,0,0.67897636
13778,0,0,0.67248076
13779,0,0,0.6772604
13780,0,0,0.70090264
13781,1,0,0.6892838
13782,2,0,0.6751761
13783,0,0,0.6574833
13784,1,0,0.6779397
13785,2,0,0.67780006
13786,3,0,0.67468315
13787,0,0,0.67827934
13788,1,0,0.67776024
13789,2,0,0.68416303
13790,1,0,0.6659096
13791,3,0,0.6669946
13792,0,0,0.66911465
13793,0,0,0.6921826
13794,0,0,0.6849183
13795,0,0,0.70016193
13796,1,0,0.6932977
13797,0,0,0.6966078
13798,0,0,0.6952573
13799,2,0,0.7025633
13800,1,0,0.6804659
13801,1,0,0.6878659
13802,2,0,0.6820873
13803,1,0,0.70092475
13804,3,0,0.6882677
13805,0,0,0.6825837
13806,0,0,0.66937
13807,0,0,0.68074894
13808,0,0,0.6948156
13809,0,0,0.6906242
13810,2,0,0.6621143
13811,1,0,0.68579996
13812,0,0,0.6680342
13813,0,0,0.6806238
13814,3,0,0.66554236
13815,0,0,0.6740147
13816,2,0,0.67202216
13817,0,0,0.66790265
13818,0,0,0.6806665
13819,3,0,0.6878479
13820,2,0,0.7012881
13821,1,0,0.7098266
13822,1,0,0.71265954
13823,1,0,0.712723
13824,3,0,0.7102898
13825,0,0,0.7010397
13826,2,0,0.71968985
13827,1,0,0.7074506
13828,2,0,0.71301025
13829,0,0,0.732674
13830,3,0,0.7536715
13831,1,0,0.7571374
13832,1,0,0.7726123
13833,1,0,0.7565147
13834,1,0,0.76042604
13835,0,0,0.7922419
13836,0,0,0.82614833
13837,1,0,0.82604706
13838,1,0,0.8279001
13839,3,0,0.8170564
13840,0,0,0.8414155
13841,3,0,0.83423394
13842,0,0,0.8499566
13843,0,0,0.8654855
13844,0,0,0.87009096
13845,0,0,0.8777971
13846,1,0,0.89477605
13847,0,0,0.9091819
13848,0,0,0.9153644
13849,0,0,0.9198002
13850,0,0,0.9335347
13851,3,0,0.9387984
13852,3,0,0.958375
13853,2,0,0.96777225
13854,3,0,0.96444345
13855,1,0,0.9747799
13856,1,0,0.9720928
13857,3,0,0.99132127
13858,1,0,1.0123929
13859,1,0,1.0137211
13860,0,0,1.0246222
13861,3,0,1.0488194
13862,3,0,1.0576915
13863,1,0,1.0621663
13864,3,0,1.0747449
13865,0,0,1.0745871
13866,1,0,1.0618197
13867,1,0,1.0578481
13868,2,0,1.0675893
13869,0,0,1.0885323
13870,0,0,1.097997
13871,0,0,1.1149577
13872,3,0,1.115187
13873,0,0,1.1213617
13874,3,0,1.1190573
13875,3,0,1.1258804
13876,1,0,1.1076243
13877,0,0,1.1152664
13878,0,0,1.1428988
13879,1,0,1.1396999
13880,0,0,1.1304374
13881,1,0,1.1412592
13882,1,0,1.1726753
13883,0,0,1.180652
13884,0,0,1.1830305
13885,2,0,1.2226123
13886,0,0,1.2452585
13887,0,0,1.2378554
13888,1,0,1.2790593
13889,2,0,1.2640681
13890,1,0,1.2840874
13891,0,0,1.3087124
13892,2,0,1.3271205
13893,0,0,1.4288833
13894,1,0,1.4508754
13895,0,1,0.75187004
13896,1,1,0.75771254
13897,0,1,0.73053735
13898,2,1,0.7353768
13899,1,1,0.7171936
13900,1,1,0.7045514
13901,0,1,0.7208023
13902,0,1,0.71981096
13903,1,1,0.72478074
13904,2,1,0.7471024
13905,0,1,0.77925724
13906,2,1,0.78321904
13907,1,1,0.78120524
13908,1,1,0.7640452
13909,1,1,0.7828325
13910,1,1,0.7715833
13911,0,1,0.7686293
13912,2,1,0.7711536
13913,2,1,0.77517354
13914,3,1,0.7860163
13915,1,1,0.79241914
13916,0,1,0.80159473
13917,0,0,0.7920391
13918,1,0,0.7960517
13919,0,0,0.7949
13920,1,0,0.80731034
13921,2,0,0.79562855
13922,0,0,0.8019487
13923,2,0,0.806076
13924,0,0,0.80740345
13925,0,0,0.8132028
13926,1,0,0.8160015
13927,2,0,0.81230897
13928,1,0,0.80859363
13929,1,0,0.80775315
13930,0,0,0.8114748
13931,1,0,0.798057
13932,3,0,0.77519274
13933,1,0,0.76304156
13934,1,0,0.75298256
13935,0,0,0.7341154
13936,3,0,0.73189855
13937,0,0,0.757412
13938,0,0,0.7658523
13939,0,0,0.7459585
13940,1,0,0.73781854
13941,3,0,0.73406655
13942,3,0,0.73005134
13943,2,0,0.7667015
13944,3,0,0.76727057
13945,0,0,0.74265337
13946,0,0,0.7122085
13947,1,0,0.69795513
13948,2,0,0.7049342
13949,3,0,0.6976477
13950,0,0,0.6881251
13951,1,0,0.72012526
13952,1,0,0.71204454
13953,3,0,0.69563335
13954,3,0,0.71276224
13955,0,0,0.7000201
13956,2,0,0.69213957
13957,0,0,0.69821113
13958,1,0,0.7086746
13959,0,0,0.730735
13960,0,0,0.7478457
13961,0,0,0.75156474
13962,2,0,0.754389
13963,2,0,0.76227957
13964,0,0,0.7666056
13965,0,0,0.7673363
13966,2,0,0.78358227
13967,2,0,0.7867669
13968,0,0,0.7872873
13969,2,0,0.81108695
13970,3,0,0.82707876
13971,0,0,0.84504956
13972,1,0,0.8452251
13973,1,0,0.8288122
13974,0,0,0.81707644
13975,3,0,0.8372482
13976,2,0,0.8523761
13977,0,0,0.8597059
13978,1,0,0.86534965
13979,0,0,0.8733355
13980,0,0,0.89208764
13981,0,0,0.876487
13982,0,0,0.88721496
13983,1,0,0.8878674
13984,0,0,0.8835022
13985,1,0,0.89788675
13986,1,0,0.90866154
13987,1,0,0.9225369
13988,0,0,0.916724
13989,1,0,0.9230477
13990,1,0,0.9291114
13991,1,0,0.94809705
13992,0,0,0.9549708
13993,0,0,0.9445548
13994,0,0,0.96086824
13995,1,0,0.986622
13996,1,0,0.9740735
13997,2,0,0.9726228
13998,3,0,0.971952
13999,2,0,0.98144126
14000,1,0,0.99823433
14001,3,0,0.99714714
14002,1,0,0.99740434
14003,3,0,1.0084742
14004,1,0,1.0432653
14005,0,0,1.047782
14006,0,0,1.0561535
14007,0,0,1.0573074
14008,3,0,1.0535703
14009,0,0,1.0722286
14010,0,0,1.0793333
14011,1,0,1.0832636
14012,2,0,1.0939345
14013,0,0,1.1174824
14014,1,0,1.1212853
14015,1,0,1.1140587
14016,0,0,1.1224003
14017,1,0,1.1294601
14018,0,0,1.1324868
14019,0,0,1.1509537
14020,1,0,1.1690197
14021,1,0,1.1965736
14022,1,0,1.2094116
14023,0,0,1.2793808
14024,0,0,1.3020192
14025,0,0,1.3045325
14026,2,0,1.3507742
14027,2,0,1.3732529
14028,1,0,1.3961601
14029,1,0,1.4365596
14030,3,0,1.4558483
14031,0,0,1.4855682
14032,2,0,1.4979128
14033,0,0,1.5099303
14034,0,0,1.5142243
14035,3,0,1.563299
14036,0,1,0.6100001
14037,1,1,0.5888184
14038,1,1,0.5846564
14039,0,1,0.5616828
14040,1,1,0.5573861
14041,3,1,0.5479242
14042,3,1,0.5769129
14043,0,1,0.57086426
14044,0,1,0.5796809
14045,0,1,0.58520603
14046,0,1,0.5788009
14047,2,1,0.5970173
14048,0,1,0.5811707
14049,3,1,0.58231044
14050,3,1,0.5790389
14051,2,1,0.5520559
14052,0,1,0.5789947
14053,0,1,0.58808595
14054,0,1,0.5785408
14055,1,1,0.5631449
14056,1,1,0.5575411
14057,2,1,0.5580144
14058,1,1,0.58610654
14059,0,1,0.5814272
14060,0,1,0.5546613
14061,0,1,0.5559978
14062,0,1,0.55456245
14063,2,1,0.54484916
14064,1,1,0.5430161
14065,2,1,0.5479312
14066,0,1,0.5503244
14067,0,1,0.58104444
14068,1,1,0.61433184
14069,0,1,0.6205466
14070,1,1,0.6194275
14071,3,1,0.60399145
14072,0,1,0.58822703
14073,3,1,0.5857206
14074,3,1,0.57804084
14075,3,1,0.6100536
14076,0,1,0.6042924
14077,0,1,0.6098254
14078,2,1,0.6048675
14079,0,1,0.62174326
14080,0,1,0.6152584
14081,0,1,0.61184627
14082,0,1,0.61169577
14083,3,1,0.614462
14084,0,0,0.61404496
14085,0,0,0.6002623
14086,0,0,0.6023317
14087,3,0,0.6072865
14088,2,0,0.6003048
14089,0,0,0.600711
14090,2,0,0.60475844
14091,0,0,0.60613805
14092,0,0,0.6074718
14093,0,0,0.6060543
14094,1,0,0.60690266
14095,2,0,0.6053581
14096,1,0,0.62183565
14097,1,0,0.5915437
14098,1,0,0.58990693
14099,3,0,0.5836848
14100,1,0,0.5827816
14101,0,0,0.60838944
14102,1,0,0.6255222
14103,0,0,0.6462455
14104,0,0,0.6451092
14105,0,0,0.6344965
14106,0,0,0.63661295
14107,0,0,0.61923265
14108,0,0,0.63874096
14109,2,0,0.63451046
14110,1,0,0.6195531
14111,3,0,0.63940495
14112,0,0,0.6310122
14113,0,0,0.6142174
14114,0,0,0.59415776
14115,0,0,0.60897046
14116,1,0,0.60039276
14117,0,0,0.6029604
14118,0,0,0.5904185
14119,1,0,0.5924673
14120,0,0,0.6205795
14121,0,0,0.645216
14122,1,0,0.64604414
14123,1,0,0.66752785
14124,0,0,0.66752493
14125,1,0,0.67666626
14126,1,0,0.6642747
14127,1,0,0.6653766
14128,2,0,0.6460712
14129,1,0,0.64532304
14130,0,0,0.64284784
14131,0,0,0.64220905
14132,0,0,0.6248437
14133,2,0,0.6142329
14134,0,0,0.62520134
14135,1,0,0.61515355
14136,3,0,0.635969
14137,0,0,0.6469988
14138,2,0,0.63180554
14139,1,0,0.6318294
14140,3,0,0.6332292
14141,3,0,0.61897224
14142,0,0,0.6189619
14143,2,0,0.60082424
14144,0,0,0.6119965
14145,0,0,0.61736685
14146,0,0,0.6317002
14147,1,0,0.6336084
14148,3,0,0.6512048
14149,3,0,0.6718462
14150,0,0,0.66857105
14151,1,0,0.6700577
14152,2,0,0.6848151
14153,1,0,0.6631192
14154,2,0,0.68073046
14155,3,0,0.68020606
14156,1,0,0.68370014
14157,2,0,0.6845608
14158,1,0,0.7014048
14159,0,0,0.7033608
14160,1,0,0.70500267
14161,0,0,0.680246
14162,1,0,0.6971861
14163,1,0,0.6867652
14164,0,0,0.7020679
14165,1,0,0.70312154
14166,0,0,0.6799407
14167,0,0,0.6856434
14168,1,0,0.6998886
14169,1,0,0.70351905
14170,0,0,0.7329354
14171,2,0,0.75348365
14172,1,0,0.7368484
14173,2,0,0.7653484
14174,0,0,0.75145835
14175,2,0,0.7287338
14176,1,0,0.7076162
14177,0,0,0.72827446
14178,0,0,0.7141815
14179,2,0,0.71166706
14180,2,0,0.6984298
14181,0,0,0.68147963
14182,0,0,0.6646929
14183,1,0,0.6630731
14184,0,0,0.649313
14185,1,0,0.6386326
14186,2,0,0.6486708
14187,2,0,0.64961207
14188,2,0,0.6360841
14189,0,0,0.6530363
14190,2,0,0.66321796
14191,0,0,0.685568
14192,2,0,0.6799116
14193,1,0,0.6802838
14194,0,0,0.66694784
14195,3,0,0.68240625
14196,0,0,0.70540375
14197,3,0,0.6992475
14198,0,0,0.6963211
14199,2,0,0.6936723
14200,1,0,0.67049867
14201,0,0,0.67621976
14202,2,0,0.68183315
14203,1,0,0.6641758
14204,1,0,0.6721486
14205,1,0,0.6779951
14206,0,0,0.7043141
14207,2,0,0.689888
14208,0,0,0.70908034
14209,1,0,0.7057512
14210,0,0,0.7068006
14211,1,0,0.72118354
14212,1,0,0.7505402
14213,3,0,0.7833752
14214,0,0,0.8190109
14215,1,0,0.83074206
14216,3,0,0.8380025
14217,3,0,0.8521995
14218,0,0,0.8631071
14219,0,0,0.87683725
14220,0,0,0.86910427
14221,0,0,0.86924654
14222,1,0,0.8776003
14223,1,0,0.90201336
14224,2,0,0.92622566
14225,1,0,0.92286485
14226,0,0,0.92315716
14227,3,0,0.9275871
14228,3,0,0.92761695
14229,2,0,0.93810093
14230,2,0,0.97209376
14231,1,0,0.97253555
14232,1,0,1.0151086
14233,2,0,1.028779
14234,0,0,1.0437738
14235,1,0,1.0891095
14236,0,0,1.1070479
14237,3,0,1.1716022
14238,0,0,1.1797549
14239,0,0,1.1887131
14240,1,0,1.2160476
14241,0,0,1.26547
14242,1,0,1.2933316
14243,2,0,1.321609
14244,0,0,1.3707885
14245,1,0,1.3900127
14246,3,0,1.4567904
14247,0,0,1.506199
14248,1,0,1.7542161
14249,0,0,1.8263953
14250,0,0,1.8470304
14251,3,0,1.940086
14252,1,0,1.9555697
14253,1,0,2.0242436
14254,0,0,2.0600603
14255,3,0,2.10461
14256,0,0,2.1146605
14257,0,0,2.1695127
14258,3,0,2.2357595
14259,0,0,2.3580508
14260,2,0,2.3594947
14261,2,0,2.4322436
14262,2,0,2.5052013
14263,3,0,2.6589944
14264,1,0,2.6826935
14265,3,0,2.706111
14266,1,1,0.62002623
14267,3,1,0.6028526
14268,0,1,0.61898327
14269,0,1,0.61335623
14270,0,1,0.5995927
14271,0,1,0.6252433
14272,1,1,0.6285061
14273,0,1,0.65283006
14274,1,1,0.65108544
14275,1,1,0.660516
14276,1,1,0.6576107
14277,1,1,0.64516574
14278,3,1,0.6350954
14279,3,1,0.6255891
14280,3,1,0.61789465
14281,2,1,0.6077986
14282,1,1,0.5993438
14283,1,1,0.6282192
14284,0,1,0.6244445
14285,0,1,0.6301935
14286,0,1,0.62535465
14287,0,1,0.61646205
14288,3,1,0.6237601
14289,0,1,0.62598217
14290,3,1,0.6317515
14291,1,1,0.6346257
14292,3,1,0.624665
14293,2,1,0.6071026
14294,1,1,0.6079084
14295,1,1,0.6101709
14296,0,1,0.59958684
14297,0,1,0.62074625
14298,0,1,0.62833333
14299,1,1,0.6184807
14300,3,1,0.61784226
14301,3,1,0.59341484
14302,1,1,0.5852791
14303,0,1,0.56506443
14304,1,1,0.5705349
14305,1,1,0.5693948
14306,1,1,0.5981218
14307,0,1,0.5962399
14308,2,1,0.6082111
14309,0,1,0.6429425
14310,0,1,0.6380928
14311,0,1,0.63596404
14312,0,1,0.6333991
14313,0,1,0.6100499
14314,3,1,0.6166205
14315,0,1,0.60556275
14316,3,1,0.6101217
14317,0,1,0.6075543
14318,0,1,0.5818437
14319,2,1,0.5796743
14320,0,1,0.5656043
14321,1,1,0.54798734
14322,1,1,0.5472383
14323,0,1,0.5473504
14324,3,1,0.5823808
14325,1,1,0.6081864
14326,0,1,0.60009927
14327,0,1,0.58089834
14328,1,1,0.557503
14329,1,1,0.560802
14330,3,1,0.5675772
14331,2,1,0.5662288
14332,2,1,0.5694776
14333,1,1,0.59375983
14334,1,1,0.59497523
14335,0,1,0.6004151
14336,1,1,0.6080551
14337,3,1,0.6019669
14338,0,1,0.5926161
14339,0,1,0.59843636
14340,0,1,0.5994749
14341,1,0,0.61876357
14342,3,0,0.62099516
14343,1,0,0.6249746
14344,2,0,0.61419636
14345,0,0,0.5975614
14346,0,0,0.59754074
14347,0,0,0.62518203
14348,1,0,0.65892404
14349,1,0,0.6762885
14350,0,0,0.65990555
14351,2,0,0.6810407
14352,2,0,0.68438965
14353,1,0,0.6861869
14354,3,0,0.6629234
14355,1,0,0.6427764
14356,0,0,0.65875417
14357,0,0,0.645788
14358,0,0,0.6534929
14359,0,0,0.6435227
14360,0,0,0.64437675
14361,1,0,0.6614549
14362,1,0,0.66434985
14363,0,0,0.65622115
14364,2,0,0.6483463
14365,1,0,0.65668786
14366,1,0,0.63403904
14367,3,0,0.6456022
14368,3,0,0.65238833
14369,3,0,0.6397875
14370,1,0,0.63596916
14371,2,0,0.6393726
14372,3,0,0.6532335
14373,0,0,0.66417754
14374,0,0,0.6766418
14375,1,0,0.6923492
14376,0,0,0.68372
14377,2,0,0.6688879
14378,2,0,0.66455346
14379,0,0,0.6430806
14380,0,0,0.6529674
14381,1,0,0.6301251
14382,1,0,0.6187128
14383,0,0,0.62993425
14384,0,0,0.6313621
14385,1,0,0.6300435
14386,1,0,0.61258256
14387,1,0,0.6122088
14388,1,0,0.63980025
14389,1,0,0.6498192
14390,3,0,0.68514204
14391,0,0,0.6793775
14392,1,0,0.70294404
14393,2,0,0.7136126
14394,3,0,0.7099029
14395,2,0,0.7099608
14396,0,0,0.7126538
14397,1,0,0.72800267
14398,0,0,0.72397846
14399,0,0,0.7427334
14400,0,0,0.7599552
14401,2,0,0.7712868
14402,0,0,0.77107793
14403,1,0,0.7548146
14404,0,0,0.7321199
14405,1,0,0.7315852
14406,1,0,0.749439
14407,1,0,0.75179935
14408,0,0,0.74980104
14409,1,0,0.7431107
14410,2,0,0.7350923
14411,0,0,0.76406753
14412,1,0,0.7569006
14413,1,0,0.7437794
14414,1,0,0.755106
14415,0,0,0.75480765
14416,1,0,0.7818952
14417,2,0,0.79880965
14418,2,0,0.77356243
14419,1,0,0.7746456
14420,1,0,0.7625443
14421,0,0,0.747695
14422,1,0,0.7352611
14423,0,0,0.7231416
14424,0,0,0.7201431
14425,1,0,0.72306293
14426,3,0,0.727548
14427,3,0,0.71960557
14428,1,0,0.7113419
14429,0,0,0.695838
14430,0,0,0.6966116
14431,1,0,0.6678777
14432,0,0,0.6715784
14433,1,0,0.6913079
14434,1,0,0.7048047
14435,3,0,0.6909945
14436,3,0,0.6832156
14437,3,0,0.699736
14438,0,0,0.679651
14439,0,0,0.693584
14440,3,0,0.70165896
14441,1,0,0.7069184
14442,0,0,0.71810335
14443,2,0,0.74270463
14444,1,0,0.7522922
14445,2,0,0.7609148
14446,1,0,0.7568312
14447,1,0,0.74445987
14448,2,0,0.7597784
14449,0,0,0.7591357
14450,0,0,0.765427
14451,0,0,0.75815636
14452,3,0,0.75499654
14453,0,0,0.7673791
14454,1,0,0.77152234
14455,0,0,0.7574058
14456,0,0,0.77291244
14457,1,0,0.7633867
14458,0,0,0.78300935
14459,2,0,0.782251
14460,1,0,0.7697257
14461,0,0,0.7772196
14462,1,0,0.7754306
14463,1,0,0.78008056
14464,0,0,0.7817593
14465,3,0,0.8032959
14466,2,0,0.8089584
14467,1,0,0.7944863
14468,3,0,0.8062849
14469,0,0,0.7920204
14470,0,0,0.7930259
14471,0,0,0.7890364
14472,0,0,0.797901
14473,3,0,0.78192633
14474,2,0,0.76217556
14475,0,0,0.7621557
14476,2,0,0.7488247
14477,1,0,0.7489828
14478,2,0,0.75391114
14479,0,0,0.75363433
14480,1,0,0.75312763
14481,0,0,0.7545411
14482,0,0,0.77085215
14483,0,0,0.7638802
14484,1,0,0.77862716
14485,1,0,0.7704995
14486,1,0,0.766686
14487,2,0,0.7831785
14488,0,0,0.7657144
14489,3,0,0.77908313
14490,2,0,0.79297966
14491,2,0,0.809204
14492,1,0,0.81817347
14493,1,0,0.81597686
14494,3,0,0.81600344
14495,2,0,0.8027431
14496,0,0,0.7873893
14497,2,0,0.78629667
14498,1,0,0.78182364
14499,2,0,0.7924349
14500,0,0,0.783393
14501,1,0,0.7958228
14502,3,0,0.79885566
14503,1,0,0.8111854
14504,0,0,0.8181694
14505,1,0,0.825711
14506,1,0,0.82416433
14507,2,0,0.85395217
14508,2,0,0.8595792
14509,0,0,0.87357515
14510,2,0,0.8658427
14511,3,0,0.88946784
14512,2,0,0.8914882
14513,1,0,0.8936035
14514,2,0,0.9014005
14515,0,0,0.9184295
14516,1,0,0.9236258
14517,2,0,0.914625
14518,0,0,0.93119437
14519,1,0,0.9437777
14520,2,0,0.9520764
14521,0,0,0.9519127
14522,0,0,0.94846946
14523,3,0,0.9535998
14524,0,0,0.9756267
14525,2,0,1.0005153
14526,0,0,1.0388771
14527,0,0,1.0546758
14528,1,0,1.0730178
14529,1,0,1.0972009
14530,3,0,1.1154199
14531,1,0,1.1091645
14532,1,0,1.1132233
14533,0,0,1.1140413
14534,1,0,1.1193198
14535,1,0,1.1253262
14536,1,0,1.1497873
14537,0,0,1.1476866
14538,1,0,1.1537929
14539,0,0,1.1421093
14540,3,0,1.14405
14541,0,0,1.1634593
14542,0,0,1.1632237
14543,3,0,1.1743037
14544,2,0,1.1752797
14545,1,0,1.1888291
14546,0,0,1.1901402
14547,1,0,1.2144327
14548,0,0,1.2168537
14549,0,0,1.2056261
14550,1,0,1.2597663
14551,0,0,1.2693791
14552,3,0,1.2627923
14553,2,0,1.2731026
14554,0,0,1.2985646
14555,0,0,1.2938069
14556,0,0,1.3012859
14557,2,0,1.312593
14558,0,0,1.3253877
14559,2,0,1.3399022
14560,2,0,1.3723705
14561,2,0,1.3821105
14562,1,0,1.3920339
14563,0,0,1.3954824
14564,3,0,1.4311086
14565,2,0,1.4460622
14566,0,0,1.4557307
14567,1,0,1.4526011
14568,0,0,1.4557412
14569,0,0,1.4873267
14570,2,0,1.5357027
14571,0,0,1.5286156
14572,0,0,1.5968926
14573,3,0,1.6081998
14574,2,0,1.6332057
14575,0,0,1.6436477
14576,0,0,1.7010449
14577,1,0,1.7597197
14578,0,0,1.7694464
14579,0,0,1.8274989
14580,0,0,1.7827687
14581,1,0,1.7883387
14582,0,0,1.7972171
14583,2,0,1.8206878
14584,1,1,0.6840752
14585,0,1,0.7078043
14586,1,1,0.6769018
14587,0,1,0.6255627
14588,1,1,0.606768
14589,0,1,0.60392845
14590,1,1,0.61424917
14591,2,1,0.616923
14592,1,1,0.6111498
14593,2,1,0.6149263
14594,3,1,0.6138529
14595,0,1,0.64117306
14596,1,1,0.6484018
14597,0,1,0.64729667
14598,0,1,0.64615655
14599,0,1,0.6506036
14600,3,1,0.630844
14601,1,1,0.62957054
14602,0,1,0.61709905
14603,0,1,0.6383943
14604,1,1,0.6439122
14605,2,1,0.63441384
14606,3,1,0.6103373
14607,1,1,0.61077005
14608,0,1,0.59872216
14609,0,1,0.59423184
14610,1,1,0.6038923
14611,2,1,0.53985417
14612,0,0,0.53869283
14613,1,0,0.5386607
14614,3,0,0.55744714
14615,3,0,0.55528253
14616,3,0,0.57941
14617,0,0,0.5644081
14618,0,0,0.56458217
14619,2,0,0.56064874
14620,3,0,0.5637474
14621,0,0,0.5882247
14622,0,0,0.5929062
14623,3,0,0.57824934
14624,1,0,0.5967137
14625,3,0,0.57785296
14626,2,0,0.5797467
14627,0,0,0.5969784
14628,0,0,0.61010873
14629,0,0,0.5928322
14630,1,0,0.5900609
14631,0,0,0.60531867
14632,3,0,0.6078493
14633,3,0,0.5919823
14634,1,0,0.57371885
14635,0,0,0.5808311
14636,0,0,0.6014417
14637,3,0,0.61119586
14638,0,0,0.626567
14639,2,0,0.6374233
14640,1,0,0.6426379
14641,1,0,0.65375596
14642,0,0,0.66142213
14643,3,0,0.6539777
14644,3,0,0.65293616
14645,0,0,0.63577455
14646,0,0,0.6211821
14647,0,0,0.6161454
14648,0,0,0.62884986
14649,0,0,0.62747514
14650,1,0,0.6258119
14651,1,0,0.620341
14652,1,0,0.6177117
14653,0,0,0.6216876
14654,1,0,0.61298317
14655,1,0,0.61553186
14656,1,0,0.6096378
14657,2,0,0.6141968
14658,1,0,0.59554696
14659,2,0,0.62009084
14660,0,0,0.6415363
14661,0,0,0.63881266
14662,1,0,0.6506538
14663,3,0,0.639574
14664,1,0,0.6510702
14665,0,0,0.64746964
14666,3,0,0.6478778
14667,2,0,0.63420045
14668,1,0,0.64026463
14669,0,0,0.65788084
14670,0,0,0.66066825
14671,1,0,0.6537328
14672,2,0,0.65897316
14673,0,0,0.65142924
14674,1,0,0.6391347
14675,1,0,0.65567696
14676,1,0,0.65607756
14677,2,0,0.6759894
14678,1,0,0.68247014
14679,3,0,0.69469553
14680,1,0,0.686001
14681,0,0,0.6623808
14682,0,0,0.66934645
14683,0,0,0.68504786
14684,1,0,0.68257636
14685,3,0,0.690685
14686,1,0,0.69188404
14687,2,0,0.6764064
14688,0,0,0.68230206
14689,0,0,0.6561665
14690,2,0,0.6585129
14691,1,0,0.64717674
14692,0,0,0.6359403
14693,0,0,0.6666278
14694,0,0,0.6618127
14695,3,0,0.6629598
14696,0,0,0.66655344
14697,0,0,0.66520905
14698,1,0,0.6523079
14699,0,0,0.6362262
14700,0,0,0.6354421
14701,0,0,0.6496012
14702,0,0,0.63899916
14703,2,0,0.66136557
14704,1,0,0.6664995
14705,0,0,0.6548626
14706,0,0,0.65902066
14707,0,0,0.6408907
14708,0,0,0.62846863
14709,0,0,0.65021014
14710,1,0,0.68146324
14711,2,0,0.6992377
14712,0,0,0.71909875
14713,3,0,0.7129971
14714,1,0,0.7028943
14715,1,0,0.72160196
14716,2,0,0.7308666
14717,1,0,0.7435037
14718,0,0,0.7470251
14719,0,0,0.764105
14720,0,0,0.7883907
14721,2,0,0.82725114
14722,2,0,0.8683543
14723,0,0,0.88047284
14724,3,0,0.8920379
14725,1,0,0.90973115
14726,0,0,0.91697174
14727,3,0,0.9446914
14728,0,0,0.9712505
14729,3,0,0.9993783
14730,0,0,1.0133703
14731,2,0,1.0257912
14732,0,0,1.0634885
14733,1,0,1.069433
14734,0,0,1.1283054
14735,0,0,1.1426743
14736,3,0,1.155915
14737,2,0,1.1951405
14738,0,0,1.2284511
14739,1,0,1.2486517
14740,2,0,1.2721399
14741,1,0,1.3586379
14742,3,0,1.3507863
14743,0,0,1.4036778
14744,2,0,1.455552
14745,1,1,0.6702042
14746,2,1,0.66447306
14747,1,1,0.66108197
14748,1,1,0.6780037
14749,3,1,0.6495716
14750,0,1,0.6257956
14751,0,1,0.6605061
14752,1,1,0.6460728
14753,3,1,0.64125127
14754,3,1,0.67048854
14755,3,1,0.7011661
14756,0,1,0.69501346
14757,0,1,0.716159
14758,1,1,0.7336617
14759,2,1,0.71864283
14760,1,1,0.7421041
14761,1,1,0.7395286
14762,1,1,0.7334505
14763,3,1,0.75050896
14764,3,1,0.75548786
14765,1,1,0.74148494
14766,3,1,0.7347082
14767,0,0,0.73841435
14768,0,0,0.72981584
14769,0,0,0.73041743
14770,0,0,0.72149396
14771,0,0,0.7806801
14772,1,0,0.7803364
14773,0,0,0.7854424
14774,0,0,0.77454644
14775,1,0,0.78787893
14776,2,0,0.79227674
14777,1,0,0.78025573
14778,0,0,0.77059114
14779,0,0,0.78276616
14780,1,0,0.77732676
14781,2,0,0.78127205
14782,3,0,0.7854269
14783,0,0,0.78707033
14784,3,0,0.7675194
14785,0,0,0.75646925
14786,0,0,0.75136656
14787,2,0,0.73298055
14788,3,0,0.733577
14789,1,0,0.73819023
14790,1,0,0.73721707
14791,0,0,0.7391787
14792,2,0,0.74462086
14793,1,0,0.7351112
14794,2,0,0.7272196
14795,0,0,0.74043417
14796,1,0,0.7435837
14797,3,0,0.7476222
14798,0,0,0.76469696
14799,2,0,0.7696801
14800,3,0,0.77394885
14801,0,0,0.7206134
14802,1,0,0.7248171
14803,0,0,0.70690715
14804,0,0,0.6925521
14805,1,0,0.6886646
14806,2,0,0.67435384
14807,0,0,0.67518926
14808,1,0,0.66829777
14809,1,0,0.6541225
14810,1,0,0.6602289
14811,0,0,0.64328766
14812,0,0,0.63826853
14813,2,0,0.63083833
14814,2,0,0.6400285
14815,1,0,0.64739186
14816,2,0,0.64439154
14817,0,0,0.66098124
14818,2,0,0.6489668
14819,1,0,0.63098925
14820,0,0,0.61055857
14821,0,0,0.6048677
14822,2,0,0.6221503
14823,2,0,0.62069273
14824,0,0,0.6220013
14825,0,0,0.6164637
14826,3,0,0.6034386
14827,0,0,0.5946631
14828,1,0,0.56694126
14829,1,0,0.57537717
14830,0,0,0.570486
14831,1,0,0.57737815
14832,3,0,0.59429455
14833,0,0,0.592816
14834,0,0,0.59425974
14835,1,0,0.5797851
14836,1,0,0.5995607
14837,0,0,0.60490257
14838,1,0,0.6072314
14839,1,0,0.60625553
14840,0,0,0.62542117
14841,3,0,0.63804847
14842,2,0,0.6294284
14843,1,0,0.6277166
14844,1,0,0.61502343
14845,0,0,0.598451
14846,0,0,0.5919089
14847,3,0,0.58117115
14848,3,0,0.5815664
14849,1,0,0.5831408
14850,1,0,0.5832423
14851,0,0,0.57765824
14852,0,0,0.5693427
14853,0,0,0.5970723
14854,1,0,0.5889794
14855,1,0,0.5757556
14856,0,0,0.5755185
14857,0,0,0.5759473
14858,0,0,0.58506316
14859,0,0,0.58207744
14860,2,0,0.5811669
14861,1,0,0.5930397
14862,2,0,0.5856001
14863,0,0,0.61816925
14864,3,0,0.63141066
14865,3,0,0.6415738
14866,1,0,0.6604391
14867,1,0,0.6707486
14868,2,0,0.6912862
14869,2,0,0.7056067
14870,0,0,0.71665716
14871,0,0,0.74502397
14872,0,0,0.77927303
14873,1,0,0.79616857
14874,3,0,0.811632
14875,0,0,0.8296103
14876,1,0,0.8588623
14877,0,0,0.87096286
14878,0,0,0.9071959
14879,2,0,0.95079416
14880,0,0,1.0207857
14881,1,0,1.0361507
14882,1,0,1.0547941
14883,1,0,1.069734
14884,0,0,1.1014919
14885,0,0,1.1283092
14886,1,1,0.8848459
14887,0,1,0.898626
14888,2,1,0.9021261
14889,1,1,0.90195525
14890,3,1,0.9112566
14891,1,1,0.89309937
14892,3,1,0.85911846
14893,3,1,0.84582037
14894,0,1,0.8460053
14895,1,1,0.83800507
14896,2,1,0.7672296
14897,1,1,0.76367885
14898,0,1,0.7467643
14899,0,1,0.73486197
14900,1,1,0.7295197
14901,0,1,0.7511634
14902,1,1,0.73757195
14903,1,1,0.7319222
14904,0,1,0.7503622
14905,3,1,0.74340427
14906,3,1,0.8117595
14907,0,1,0.8037436
14908,0,1,0.794877
14909,1,1,0.78070664
14910,3,1,0.7599002
14911,1,1,0.7400779
14912,3,1,0.747663
14913,3,1,0.7247075
14914,2,1,0.6922865
14915,1,1,0.68558925
14916,1,1,0.6909489
14917,1,1,0.7012267
14918,0,1,0.7251458
14919,0,1,0.7275201
14920,0,1,0.7382961
14921,0,1,0.7508045
14922,2,1,0.7568793
14923,0,1,0.76324844
14924,2,1,0.793498
14925,1,1,0.78995484
14926,1,1,0.7873321
14927,0,1,0.7930332
14928,0,1,0.79782444
14929,1,1,0.8102325
14930,0,1,0.8318652
14931,0,1,0.8368573
14932,1,1,0.8258509
14933,3,1,0.807799
14934,0,1,0.7829453
14935,3,1,0.77533823
14936,3,1,0.732131
14937,0,1,0.73410356
14938,0,1,0.7656663
14939,0,1,0.78402025
14940,0,1,0.8044046
14941,2,1,0.79517055
14942,1,1,0.8080629
14943,0,1,0.8074591
14944,0,1,0.8106754
14945,1,1,0.79647136
14946,1,1,0.7673041
14947,1,1,0.7355881
14948,3,1,0.7163196
14949,0,1,0.7296969
14950,1,1,0.703327
14951,3,1,0.72917974
14952,1,1,0.7526668
14953,2,1,0.75408024
14954,0,1,0.73325515
14955,0,1,0.81279004
14956,0,1,0.8184754
14957,1,1,0.8109402
14958,3,1,0.80316216
14959,0,1,0.76891595
14960,2,1,0.73868006
14961,0,1,0.7213377
14962,1,1,0.7202185
14963,1,1,0.7489345
14964,0,1,0.75241154
14965,0,1,0.74704623
14966,1,0,0.72437674
14967,1,0,0.71443796
14968,0,0,0.6870778
14969,0,0,0.6648375
14970,1,0,0.6492565
14971,0,0,0.63697106
14972,1,0,0.6513144
14973,3,0,0.6821455
14974,3,0,0.6853706
14975,3,0,0.7183296
14976,1,0,0.71952903
14977,0,0,0.7120681
14978,3,0,0.6946845
14979,2,0,0.67594844
14980,2,0,0.7066049
14981,0,0,0.70506406
14982,3,0,0.70504373
14983,1,0,0.7242458
14984,3,0,0.71311086
14985,0,0,0.6417212
14986,0,0,0.6408541
14987,1,0,0.66171664
14988,1,0,0.66038364
14989,1,0,0.6622653
14990,0,0,0.6632955
14991,0,0,0.69122463
14992,3,0,0.68259203
14993,3,0,0.64916384
14994,1,0,0.6558834
14995,1,0,0.6607994
14996,2,0,0.69567186
14997,0,0,0.70290375
14998,0,0,0.7117412
14999,3,0,0.7296173
15000,1,0,0.7215655
15001,0,0,0.7178774
15002,3,0,0.69763184
15003,0,0,0.67816675
15004,0,0,0.6712865
15005,1,0,0.6767426
15006,1,0,0.7035374
15007,0,0,0.6939345
15008,2,0,0.6961826
15009,0,0,0.68438214
15010,0,0,0.6601928
15011,1,0,0.6479386
15012,2,0,0.62557906
15013,1,0,0.61278003
15014,3,0,0.612804
15015,2,0,0.6195792
15016,2,0,0.61131954
15017,0,0,0.5867217
15018,1,0,0.5748148
15019,2,0,0.56952006
15020,0,0,0.56637543
15021,2,0,0.54295284
15022,3,0,0.533357
15023,3,0,0.5387254
15024,2,0,0.5227419
15025,2,0,0.5120566
15026,2,0,0.5210645
15027,2,0,0.5179834
15028,3,0,0.5045064
15029,3,0,0.5232372
15030,1,0,0.5247637
15031,0,0,0.52942115
15032,3,0,0.551703
15033,0,0,0.5497575
15034,1,0,0.5651549
15035,0,0,0.534957
15036,0,0,0.50978273
15037,1,0,0.5447462
15038,0,0,0.5418565
15039,2,0,0.5401281
15040,0,0,0.55783796
15041,3,0,0.57829577
15042,2,0,0.58558446
15043,1,0,0.60974526
15044,3,0,0.6421143
15045,1,0,0.6384231
15046,1,0,0.63058716
15047,3,0,0.6281163
15048,0,0,0.63428843
15049,0,0,0.6291895
15050,0,0,0.63622475
15051,0,0,0.6501854
15052,0,0,0.64133286
15053,1,0,0.64078754
15054,0,0,0.6408366
15055,1,0,0.644107
15056,2,0,0.6315584
15057,1,0,0.61407095
15058,1,0,0.61850834
15059,2,0,0.6198388
15060,3,0,0.62331927
15061,2,0,0.6127725
15062,3,0,0.6137691
15063,0,0,0.63310075
15064,1,0,0.6079799
15065,3,0,0.6219127
15066,2,0,0.6208994
15067,1,0,0.6221445
15068,0,0,0.6298419
15069,0,0,0.6164476
15070,0,0,0.5963956
15071,3,0,0.5767779
15072,0,0,0.57940793
15073,1,0,0.58692497
15074,0,0,0.57189304
15075,2,0,0.588849
15076,1,0,0.6546513
15077,0,0,0.67235285
15078,2,0,0.6806881
15079,1,0,0.70042056
15080,3,0,0.6804065
15081,1,0,0.68331534
15082,1,0,0.703034
15083,0,0,0.68938434
15084,2,0,0.70669216
15085,3,0,0.72498584
15086,1,0,0.7286104
15087,0,0,0.7352918
15088,2,0,0.7224481
15089,1,0,0.71256137
15090,0,0,0.7275026
15091,0,0,0.7258244
15092,1,0,0.73136944
15093,0,0,0.71442914
15094,3,0,0.7121418
15095,0,0,0.7013711
15096,1,0,0.69971114
15097,0,0,0.68411946
15098,1,0,0.67259073
15099,0,0,0.69399893
15100,1,0,0.68885237
15101,0,0,0.7082469
15102,3,0,0.70804214
15103,0,0,0.6974056
15104,0,0,0.71344787
15105,0,0,0.71894866
15106,0,0,0.66851664
15107,0,0,0.66336644
15108,2,0,0.6509773
15109,0,0,0.6308895
15110,0,0,0.6406109
15111,2,0,0.6238037
15112,0,0,0.61171776
15113,0,0,0.6244527
15114,3,0,0.6114087
15115,1,0,0.59079206
15116,1,0,0.582079
15117,1,0,0.58388823
15118,1,0,0.604895
15119,0,0,0.60576385
15120,0,0,0.6009294
15121,0,0,0.59994125
15122,0,0,0.6025091
15123,0,0,0.5967288
15124,0,0,0.6273698
15125,0,0,0.6388802
15126,0,0,0.63932717
15127,1,0,0.6577886
15128,0,0,0.6507875
15129,0,0,0.6379159
15130,0,0,0.6347268
15131,3,0,0.6347433
15132,1,0,0.6132403
15133,0,0,0.61434454
15134,1,0,0.6140139
15135,0,0,0.58838314
15136,0,0,0.57001364
15137,0,0,0.5650157
15138,0,0,0.5648523
15139,1,0,0.5693189
15140,3,0,0.56808364
15141,1,0,0.56154954
15142,3,0,0.56156176
15143,2,0,0.557265
15144,2,0,0.5714806
15145,1,0,0.59609926
15146,2,0,0.60840905
15147,1,0,0.62221557
15148,1,0,0.60692143
15149,2,0,0.6285484
15150,0,0,0.6161203
15151,1,0,0.6322046
15152,2,0,0.6252229
15153,2,0,0.64455956
15154,0,0,0.6352105
15155,2,0,0.61952275
15156,0,0,0.6337726
15157,2,0,0.63058406
15158,1,0,0.64413464
15159,0,0,0.6534058
15160,0,0,0.6613597
15161,0,0,0.65483135
15162,0,0,0.6797772
15163,0,0,0.66094106
15164,3,0,0.65678775
15165,3,0,0.6737354
15166,0,0,0.67666614
15167,1,0,0.6749644
15168,3,0,0.6820826
15169,3,0,0.6892354
15170,0,0,0.7020811
15171,2,0,0.7229864
15172,2,0,0.733834
15173,1,0,0.73003566
15174,0,0,0.74651915
15175,0,0,0.7521895
15176,1,0,0.75192803
15177,2,0,0.7512977
15178,1,0,0.76428574
15179,1,0,0.76695997
15180,0,0,0.7803512
15181,2,0,0.7781412
15182,3,0,0.7802
15183,0,0,0.7921954
15184,0,0,0.80157274
15185,3,0,0.8215007
15186,1,0,0.8270442
15187,2,0,0.8418491
15188,0,0,0.864554
15189,0,0,0.8591512
15190,3,0,0.90063274
15191,1,0,0.93664193
15192,0,0,0.93320924
15193,0,0,0.96128374
15194,3,0,0.96441746
15195,0,0,0.9648546
15196,0,0,0.9926981
15197,0,0,0.99780554
15198,3,0,1.0331678
15199,0,0,1.0756894
15200,0,0,1.0824172
15201,1,0,1.0924573
15202,1,0,1.0937837
15203,0,0,1.1246289
15204,3,0,1.1254025
15205,2,0,1.1047459
15206,0,0,1.1117101
15207,2,0,1.1309574
15208,0,0,1.2040697
15209,0,0,1.2511045
15210,3,0,1.2947462
15211,0,0,1.3189819
15212,2,0,1.3473513
15213,3,0,1.3350651
15214,1,0,1.3658388
15215,2,0,1.4422083
15216,1,0,1.4415609
15217,0,0,1.5306598
15218,2,0,1.5393893
15219,1,0,1.5888617
15220,0,0,1.6123598
15221,2,0,1.6086733
15222,0,1,0.76960385
15223,1,1,0.7663195
15224,0,1,0.7508735
15225,0,1,0.7635652
15226,1,1,0.762128
15227,0,1,0.76019126
15228,3,1,0.74878067
15229,0,1,0.7453824
15230,0,1,0.7381262
15231,1,1,0.7264445
15232,1,1,0.7476309
15233,1,1,0.73982954
15234,0,1,0.75740725
15235,1,1,0.7600403
15236,1,1,0.7614316
15237,0,1,0.73536956
15238,3,1,0.71369714
15239,1,1,0.71585506
15240,1,1,0.71826077
15241,0,1,0.7216495
15242,0,1,0.73008215
15243,0,1,0.73730713
15244,1,1,0.75287867
15245,2,1,0.7552154
15246,1,1,0.770165
15247,0,1,0.7604138
15248,0,1,0.7605609
15249,1,0,0.7661064
15250,2,0,0.7499836
15251,3,0,0.73516315
15252,1,0,0.7354853
15253,1,0,0.7456068
15254,0,0,0.74628973
15255,2,0,0.73387206
15256,1,0,0.7337199
15257,2,0,0.74585027
15258,1,0,0.7478627
15259,0,0,0.75163525
15260,1,0,0.7526521
15261,2,0,0.7706883
15262,1,0,0.7609111
15263,0,0,0.75987273
15264,0,0,0.7393539
15265,3,0,0.752466
15266,1,0,0.7590538
15267,1,0,0.7769707
15268,3,0,0.8315168
15269,0,0,0.833027
15270,1,0,0.82857144
15271,1,0,0.83667815
15272,0,0,0.82000375
15273,0,0,0.8334301
15274,0,0,1.0221145
15275,1,0,1.036569
15276,2,0,1.0295597
15277,2,0,1.0233457
15278,0,0,1.020277
15279,0,0,0.9943394
15280,2,0,0.9900827
15281,1,0,1.0068253
15282,0,0,1.0097642
15283,1,0,1.0058144
15284,1,0,1.006838
15285,1,0,1.0201625
15286,3,0,1.0053812
15287,0,0,0.99173063
15288,2,0,0.9916642
15289,0,0,0.99894214
15290,3,0,0.98203677
15291,2,0,0.9726366
15292,1,0,0.97621334
15293,3,0,0.97916347
15294,2,0,0.97434694
15295,0,0,0.9586341
15296,1,0,0.95640075
15297,0,0,0.9399767
15298,0,0,0.8669488
15299,1,0,0.8497776
15300,0,0,0.852942
15301,2,0,0.8616124
15302,0,0,0.8948147
15303,1,0,0.8774636
15304,2,0,0.6905881
15305,2,0,0.6725584
15306,2,0,0.6768977
15307,3,0,0.7058397
15308,2,0,0.7257101
15309,1,0,0.7397199
15310,1,0,0.7403819
15311,2,0,0.72282314
15312,0,0,0.73334444
15313,3,0,0.7335473
15314,1,0,0.76804584
15315,1,0,0.7545094
15316,0,0,0.7551158
15317,3,0,0.7714644
15318,2,0,0.79061085
15319,0,0,0.7793818
15320,0,0,0.791777
15321,0,0,0.8310987
15322,0,0,0.83930516
15323,1,0,0.8470479
15324,0,0,0.8637077
15325,2,0,0.860083
15326,1,0,0.8577628
15327,3,0,0.87727857
15328,0,0,0.8877658
15329,2,0,0.89578754
15330,3,0,0.89355636
15331,1,0,0.9080002
15332,0,0,0.90652347
15333,0,0,0.9091976
15334,1,0,0.91395146
15335,2,0,0.92217845
15336,1,0,0.927616
15337,1,0,0.9140531
15338,3,0,0.9021349
15339,1,0,0.8962996
15340,1,0,0.8978234
15341,1,0,0.90673023
15342,0,0,0.9268725
15343,0,0,0.94641596
15344,0,0,0.9382364
15345,3,0,1.0172609
15346,0,0,1.0468142
15347,1,0,1.0578166
15348,0,0,1.0640315
15349,0,0,1.0821728
15350,3,0,1.080751
15351,2,0,1.0531552
15352,1,0,1.0519271
15353,3,0,1.0511101
15354,1,0,1.0688478
15355,1,0,1.08251
15356,0,0,1.1474994
15357,3,0,1.1630023
15358,0,0,1.1556257
15359,3,0,1.197715
15360,1,0,1.2168647
15361,0,0,1.2189195
15362,0,0,1.2129126
15363,0,0,1.2181122
15364,1,0,1.226393
15365,2,0,1.246889
15366,0,0,1.2584207
15367,2,0,1.2792476
15368,0,0,1.3000615
15369,0,0,1.3071322
15370,2,0,1.3105824
15371,1,0,1.3476359
15372,2,0,1.3600155
15373,3,0,1.364301
15374,1,0,1.375697
15375,1,0,1.3605117
15376,0,0,1.3746506
15377,0,0,1.4535542
15378,1,0,1.4556823
15379,0,0,1.4698641
15380,0,0,1.4827821
15381,3,1,0.563443
15382,2,1,0.57483965
15383,3,1,0.58715063
15384,1,1,0.5793039
15385,0,1,0.60910606
15386,1,1,0.6372119
15387,0,1,0.65620697
15388,3,1,0.6578981
15389,0,1,0.6544009
15390,2,1,0.63426393
15391,2,1,0.61780435
15392,0,1,0.6188706
15393,0,1,0.61693096
15394,0,1,0.60693717
15395,0,1,0.6044933
15396,1,1,0.6176439
15397,1,1,0.6195333
15398,0,1,0.6543813
15399,1,1,0.65319175
15400,1,1,0.6450807
15401,1,1,0.6310501
15402,3,1,0.61702543
15403,3,1,0.6151549
15404,0,1,0.6043481
15405,0,1,0.5786119
15406,0,1,0.5806477
15407,3,1,0.58459777
15408,0,0,0.58189076
15409,1,0,0.61744213
15410,0,0,0.59790325
15411,1,0,0.64088213
15412,0,0,0.6327039
15413,1,0,0.6265318
15414,1,0,0.608296
15415,2,0,0.57478034
15416,0,0,0.547684
15417,0,0,0.5339675
15418,0,0,0.5302606
15419,0,0,0.5227795
15420,0,0,0.52633846
15421,1,0,0.52701825
15422,0,0,0.52171904
15423,0,0,0.5203058
15424,0,0,0.5091303
15425,0,0,0.5179501
15426,3,0,0.4923178
15427,1,0,0.47938988
15428,3,0,0.4528781
15429,0,0,0.44268978
15430,0,0,0.466655
15431,1,0,0.47384635
15432,0,0,0.48323864
15433,0,0,0.48544762
15434,0,0,0.4925774
15435,1,0,0.4971363
15436,3,0,0.5308518
15437,1,0,0.516094
15438,0,0,0.5469521
15439,1,0,0.5488569
15440,2,0,0.5430713
15441,0,0,0.53865904
15442,0,0,0.54523957
15443,0,0,0.5332642
15444,1,0,0.53268486
15445,1,0,0.53491515
15446,1,0,0.5372402
15447,0,0,0.5570229
15448,1,0,0.581222
15449,1,0,0.5867598
15450,0,0,0.5803303
15451,0,0,0.57740027
15452,1,0,0.5771959
15453,1,0,0.5825776
15454,0,0,0.6023793
15455,0,0,0.60599995
15456,1,0,0.62858826
15457,0,0,0.6282646
15458,3,0,0.64287186
15459,2,0,0.64577526
15460,0,0,0.634567
15461,1,0,0.6368871
15462,1,0,0.61931163
15463,3,0,0.61256063
15464,2,0,0.6141734
15465,0,0,0.6259087
15466,2,0,0.6226399
15467,0,0,0.63695097
15468,0,0,0.61360896
15469,0,0,0.61252695
15470,0,0,0.62709767
15471,2,0,0.60977846
15472,1,0,0.5969275
15473,0,0,0.613255
15474,0,0,0.6345971
15475,1,0,0.65594226
15476,2,0,0.66815215
15477,3,0,0.6765914
15478,1,0,0.6648804
15479,0,0,0.6653837
15480,0,0,0.66994
15481,1,0,0.66540515
15482,3,0,0.6693303
15483,1,0,0.6650991
15484,1,0,0.66022
15485,0,0,0.6423803
15486,0,0,0.62201387
15487,1,0,0.61573833
15488,1,0,0.6174238
15489,1,0,0.6277035
15490,1,0,0.626839
15491,0,0,0.6301207
15492,0,0,0.6469957
15493,3,0,0.6760295
15494,3,0,0.67172617
15495,2,0,0.65900964
15496,3,0,0.6420219
15497,1,0,0.6349891
15498,0,0,0.6505234
15499,0,0,0.6394904
15500,2,0,0.64586276
15501,2,0,0.66766864
15502,1,0,0.6744896
15503,1,0,0.67855555
15504,3,0,0.6855649
15505,1,0,0.68545043
15506,1,0,0.6906893
15507,0,0,0.682347
15508,3,0,0.7042493
15509,1,0,0.72164154
15510,2,0,0.74772143
15511,0,0,0.78039324
15512,0,0,0.82029635
15513,0,0,0.8319075
15514,1,0,0.8392238
15515,1,0,0.85827345
15516,2,0,0.8740903
15517,0,0,0.8922711
15518,0,0,0.9205618
15519,1,0,0.9309578
15520,0,0,0.94557166
15521,1,0,0.96145475
15522,0,0,0.96116215
15523,2,0,0.95453644
15524,1,0,0.97920173
15525,0,0,0.9781467
15526,3,0,0.9880689
15527,1,0,1.0335401
15528,1,0,1.2848991
15529,3,0,1.353806
15530,0,0,1.3651816
15531,2,0,1.3873289
15532,3,0,1.4035354
15533,0,0,1.4027241
15534,1,0,1.4260063
15535,3,0,1.4266561
15536,1,0,1.4310467
15537,0,0,1.432737
15538,1,0,1.5213127
15539,1,0,1.5426651
15540,2,1,0.69630164
15541,1,1,0.69446915
15542,0,1,0.6996729
15543,0,1,0.69912046
15544,2,1,0.67082345
15545,1,1,0.6575073
15546,1,1,0.6660751
15547,3,1,0.6746278
15548,1,1,0.68253756
15549,2,1,0.67688173
15550,0,1,0.6633111
15551,1,1,0.6654013
15552,1,1,0.67386127
15553,0,1,0.6698221
15554,3,1,0.65699756
15555,2,1,0.62834036
15556,0,1,0.6526489
15557,0,1,0.65441215
15558,2,1,0.6615053
15559,0,1,0.65203977
15560,1,1,0.66378236
15561,2,1,0.6511188
15562,0,1,0.63659275
15563,0,1,0.64481705
15564,2,1,0.6321306
15565,1,1,0.64359194
15566,0,1,0.6374122
15567,1,1,0.6359866
15568,2,1,0.6290159
15569,2,1,0.6394419
15570,1,1,0.6435216
15571,1,1,0.6484106
15572,2,1,0.6273287
15573,1,1,0.62886876
15574,0,1,0.6384146
15575,3,1,0.63952774
15576,2,1,0.641967
15577,0,1,0.64962435
15578,0,1,0.63003016
15579,1,1,0.6342494
15580,0,1,0.63512146
15581,0,1,0.6381
15582,0,1,0.63451284
15583,1,1,0.62299716
15584,0,0,0.63140106
15585,0,0,0.6345958
15586,0,0,0.6127784
15587,3,0,0.5943314
15588,3,0,0.5844387
15589,2,0,0.5637585
15590,1,0,0.56819016
15591,0,0,0.5778039
15592,0,0,0.5750672
15593,1,0,0.58058846
15594,0,0,0.5692033
15595,1,0,0.5714658
15596,1,0,0.5479753
15597,3,0,0.5338201
15598,0,0,0.52985007
15599,0,0,0.50713784
15600,3,0,0.5066546
15601,0,0,0.54273766
15602,1,0,0.54484767
15603,0,0,0.5409699
15604,1,0,0.5361443
15605,1,0,0.56387347
15606,0,0,0.5457393
15607,1,0,0.5267487
15608,3,0,0.52902603
15609,0,0,0.5391141
15610,2,0,0.5362296
15611,1,0,0.5268985
15612,3,0,0.5437385
15613,0,0,0.5511381
15614,3,0,0.549758
15615,0,0,0.55039954
15616,0,0,0.58537674
15617,0,0,0.61370295
15618,0,0,0.60714644
15619,1,0,0.5987866
15620,3,0,0.6081812
15621,1,0,0.5898915
15622,2,0,0.6167476
15623,1,0,0.6229995
15624,0,0,0.63897485
15625,2,0,0.61673945
15626,0,0,0.6153373
15627,1,0,0.60395503
15628,0,0,0.59657294
15629,0,0,0.60689914
15630,0,0,0.60386926
15631,0,0,0.5780897
15632,1,0,0.57644063
15633,2,0,0.5999076
15634,1,0,0.59140515
15635,0,0,0.5750837
15636,1,0,0.5740562
15637,1,0,0.55793566
15638,1,0,0.55628383
15639,0,0,0.5404897
15640,2,0,0.5637692
15641,0,0,0.56995505
15642,0,0,0.5782667
15643,1,0,0.5641294
15644,0,0,0.5716009
15645,0,0,0.56938237
15646,0,0,0.5530662
15647,0,0,0.5348071
15648,0,0,0.5299375
15649,0,0,0.5344323
15650,3,0,0.5895912
15651,3,0,0.5804491
15652,1,0,0.5646649
15653,2,0,0.5458609
15654,1,0,0.5346659
15655,1,0,0.5332888
15656,1,0,0.53635323
15657,3,0,0.5468023
15658,1,0,0.5786794
15659,0,0,0.5766777
15660,1,0,0.5744722
15661,2,0,0.5717845
15662,1,0,0.57677597
15663,0,0,0.5601482
15664,0,0,0.5627837
15665,2,0,0.56219965
15666,3,0,0.59793574
15667,0,0,0.63799727
15668,0,0,0.654043
15669,0,0,0.68274933
15670,0,0,0.67469585
15671,1,0,0.65802586
15672,1,0,0.6432793
15673,1,0,0.67261696
15674,0,0,0.6593407
15675,0,0,0.65499043
15676,1,0,0.6633623
15677,3,0,0.68190634
15678,0,0,0.6683016
15679,3,0,0.65813637
15680,1,0,0.6159201
15681,0,0,0.64000005
15682,0,0,0.6374154
15683,0,0,0.6377766
15684,2,0,0.63964194
15685,0,0,0.64580613
15686,3,0,0.65914893
15687,1,0,0.6689317
15688,3,0,0.6610778
15689,2,0,0.6567968
15690,0,0,0.65538204
15691,1,0,0.6685904
15692,0,0,0.646013
15693,0,0,0.6611794
15694,0,0,0.68112165
15695,1,0,0.69953334
15696,0,0,0.695947
15697,0,0,0.6890576
15698,3,0,0.68879956
15699,0,0,0.6810137
15700,1,0,0.67487836
15701,0,0,0.68713903
15702,0,0,0.7039755
15703,1,0,0.70910746
15704,3,0,0.7230158
15705,1,0,0.74263686
15706,3,0,0.7249563
15707,1,0,0.7252986
15708,1,0,0.7370582
15709,2,0,0.76982003
15710,0,0,0.7581823
15711,0,0,0.7602265
15712,1,0,0.7617895
15713,1,0,0.76951045
15714,3,0,0.79086024
15715,3,0,0.8030809
15716,3,0,0.8163658
15717,1,0,0.8190051
15718,2,0,0.8370346
15719,0,0,0.8486365
15720,0,0,0.8811946
15721,1,0,0.8757959
15722,0,0,0.9029797
15723,0,0,0.901297
15724,1,0,0.92096114
15725,1,0,0.9217579
15726,0,0,0.9339965
15727,2,0,0.9531433
15728,0,0,0.9493411
15729,2,0,0.94147813
15730,0,0,0.95344555
15731,0,0,0.96653956
15732,3,0,0.98604506
15733,1,0,0.99252415
15734,0,0,1.0173353
15735,2,0,1.0453056
15736,2,0,1.0735734
15737,0,0,1.0927331
15738,0,0,1.1027704
15739,0,0,1.1063508
15740,0,0,1.1239939
15741,3,0,1.1380643
15742,1,0,1.1890602
15743,2,0,1.2060425
15744,1,0,1.2048991
15745,2,0,1.247171
15746,3,0,1.2507354
15747,0,0,1.2671016
15748,0,0,1.3074188
15749,0,0,1.3189759
15750,1,0,1.3214139
15751,0,0,1.3654653
15752,0,0,1.3862201
15753,1,0,1.4183295
15754,1,0,1.4070169
15755,2,0,1.470929
15756,0,1,0.542897
15757,0,1,0.54657894
15758,2,1,0.53631777
15759,0,1,0.530084
15760,1,1,0.53107524
15761,1,1,0.5240804
15762,0,1,0.5401339
15763,0,1,0.5661156
15764,0,1,0.565062
15765,2,1,0.5625555
15766,2,1,0.57487804
15767,1,1,0.5722924
15768,1,1,0.5648174
15769,0,1,0.57541543
15770,1,1,0.5975878
15771,0,1,0.6000346
15772,1,1,0.5971088
15773,2,1,0.589174
15774,3,1,0.58863205
15775,2,1,0.5706223
15776,0,1,0.55477375
15777,1,1,0.5590141
15778,1,1,0.5732039
15779,0,1,0.5483217
15780,1,1,0.5642959
15781,3,1,0.56460226
15782,2,1,0.5761402
15783,0,0,0.5540852
15784,1,0,0.54222393
15785,0,0,0.5337081
15786,3,0,0.5373687
15787,3,0,0.530187
15788,2,0,0.5314029
15789,0,0,0.5421339
15790,0,0,0.54437566
15791,0,0,0.532534
15792,1,0,0.52805984
15793,3,0,0.5138982
15794,1,0,0.50933236
15795,0,0,0.53011864
15796,0,0,0.5155222
15797,3,0,0.5175079
15798,0,0,0.5161018
15799,1,0,0.5280204
15800,1,0,0.52607095
15801,3,0,0.5411575
15802,1,0,0.5645247
15803,0,0,0.5743576
15804,2,0,0.58418477
15805,3,0,0.5867869
15806,3,0,0.6034476
15807,0,0,0.59913826
15808,1,0,0.5873375
15809,0,0,0.59529775
15810,3,0,0.58971196
15811,3,0,0.60444087
15812,3,0,0.58444273
15813,1,0,0.60434383
15814,1,0,0.60736704
15815,1,0,0.61544645
15816,0,0,0.59232694
15817,0,0,0.598902
15818,0,0,0.58787996
15819,0,0,0.5920867
15820,1,0,0.5953147
15821,1,0,0.609796
15822,0,0,0.60360265
15823,0,0,0.6148328
15824,0,0,0.60378975
15825,1,0,0.6035024
15826,3,0,0.60333043
15827,1,0,0.6200042
15828,2,0,0.6407141
15829,0,0,0.6337205
15830,2,0,0.6372776
15831,0,0,0.6267475
15832,0,0,0.6233317
15833,0,0,0.6287238
15834,0,0,0.6263173
15835,2,0,0.61739373
15836,2,0,0.61711717
15837,1,0,0.62068987
15838,0,0,0.6402492
15839,0,0,0.66461366
15840,0,0,0.6648488
15841,1,0,0.6527176
15842,1,0,0.6568364
15843,0,0,0.65587527
15844,1,0,0.6552797
15845,2,0,0.64870083
15846,1,0,0.6739523
15847,0,0,0.6870026
15848,2,0,0.6964339
15849,2,0,0.7070606
15850,0,0,0.7222313
15851,1,0,0.72279036
15852,0,0,0.7518271
15853,0,0,0.7495055
15854,0,0,0.77323365
15855,2,0,0.7566974
15856,3,0,0.78055024
15857,1,0,0.7771882
15858,0,0,0.77656466
15859,1,0,0.7824946
15860,1,0,0.7899905
15861,1,0,0.8060261
15862,1,0,0.8041357
15863,1,0,0.8095174
15864,3,0,0.8207598
15865,0,0,0.8359917
15866,0,0,0.83367753
15867,1,0,0.8401336
15868,0,0,0.8272547
15869,0,0,0.81589395
15870,1,0,0.8327288
15871,2,0,0.84106094
15872,2,0,0.8632281
15873,0,0,0.8742468
15874,0,0,0.8886128
15875,1,0,0.88460827
15876,3,0,0.8808245
15877,3,0,0.8779607
15878,3,0,0.8744775
15879,3,0,0.8817414
15880,1,0,0.8849569
15881,0,0,0.8884305
15882,1,0,0.8721048
15883,3,0,0.89655924
15884,1,0,0.9068522
15885,0,0,0.9169629
15886,1,0,0.9131928
15887,1,0,0.92963314
15888,1,0,0.9424942
15889,2,0,0.9747096
15890,3,0,0.97770154
15891,2,0,0.9800142
15892,2,0,0.9996459
15893,2,0,1.0058551
15894,1,0,1.0281053
15895,2,0,1.0359247
15896,2,0,1.0347127
15897,3,0,1.0214788
15898,3,0,1.0573628
15899,1,0,1.0585849
15900,0,0,1.0605823
15901,1,0,1.0744603
15902,3,0,1.1166115
15903,3,0,1.1331527
15904,2,0,1.1477712
15905,0,0,1.1608297
15906,0,0,1.1817423
15907,0,0,1.1843177
15908,0,0,1.207986
15909,0,0,1.2431173
15910,1,0,1.2527918
15911,1,0,1.2804556
15912,3,0,1.3585746
15913,1,0,1.3385413
15914,0,0,1.3584911
15915,0,1,0.6593086
15916,3,1,0.6517781
15917,0,1,0.6647679
15918,3,1,0.64079434
15919,1,1,0.62019235
15920,1,1,0.5911157
15921,0,1,0.6036033
15922,1,1,0.5902749
15923,1,1,0.59120136
15924,0,1,0.59756273
15925,0,1,0.5937492
15926,3,1,0.5789902
15927,2,1,0.5915016
15928,1,1,0.60395247
15929,3,1,0.600809
15930,2,1,0.5978652
15931,1,1,0.57157516
15932,2,1,0.59781903
15933,3,1,0.5973814
15934,2,1,0.57745135
15935,1,1,0.5616486
15936,0,1,0.5465383
15937,2,1,0.5341735
15938,0,1,0.5335049
15939,1,1,0.5175027
15940,0,1,0.4953522
15941,1,1,0.48916286
15942,1,0,0.4958497
15943,0,0,0.49775758
15944,1,0,0.4793739
15945,3,0,0.47898996
15946,0,0,0.5009654
15947,3,0,0.50219923
15948,3,0,0.53008395
15949,3,0,0.53551847
15950,0,0,0.54617584
15951,3,0,0.5474141
15952,1,0,0.54575014
15953,2,0,0.5646346
15954,0,0,0.5524063
15955,3,0,0.54124135
15956,0,0,0.5528856
15957,0,0,0.55245453
15958,0,0,0.5444323
15959,0,0,0.53909236
15960,1,0,0.52932227
15961,1,0,0.5319549
15962,0,0,0.52947026
15963,2,0,0.55172825
15964,3,0,0.5710629
15965,0,0,0.58746135
15966,3,0,0.5866336
15967,1,0,0.60447574
15968,0,0,0.58455664
15969,0,0,0.58754855
15970,1,0,0.5788523
15971,1,0,0.58877265
15972,0,0,0.6519697
15973,2,0,0.6592794
15974,0,0,0.6543108
15975,2,0,0.67063403
15976,1,0,0.6738288
15977,0,0,0.6668017
15978,1,0,0.6617239
15979,1,0,0.6766274
15980,3,0,0.6694102
15981,1,0,0.67088
15982,3,0,0.6693137
15983,0,0,0.6472974
15984,3,0,0.663668
15985,0,0,0.6764008
15986,0,0,0.68277407
15987,0,0,0.6891873
15988,2,0,0.67834175
15989,0,0,0.665777
15990,0,0,0.66345364
15991,0,0,0.67620623
15992,1,0,0.65496296
15993,1,0,0.6393405
15994,2,0,0.6270256
15995,0,0,0.61561257
15996,3,0,0.6356895
15997,3,0,0.6289483
15998,0,0,0.65113896
15999,1,0,0.6542253
16000,0,0,0.65868086
16001,0,0,0.64734054
16002,3,0,0.57543594
16003,2,0,0.5846863
16004,3,0,0.5926246
16005,1,0,0.5953814
16006,2,0,0.59687674
16007,3,0,0.6194173
16008,0,0,0.6093254
16009,0,0,0.61428636
16010,1,0,0.62430704
16011,2,0,0.6099263
16012,1,0,0.6315225
16013,0,0,0.64253306
16014,2,0,0.62602425
16015,3,0,0.6259235
16016,2,0,0.6207662
16017,1,0,0.6127552
16018,0,0,0.6317988
16019,0,0,0.6297766
16020,0,0,0.6460857
16021,0,0,0.6317166
16022,3,0,0.6498505
16023,0,0,0.6631371
16024,3,0,0.6670958
16025,3,0,0.6881249
16026,0,0,0.67318064
16027,0,0,0.6836636
16028,0,0,0.66491747
16029,1,0,0.66875523
16030,0,0,0.68238974
16031,2,0,0.7152685
16032,1,0,0.7395357
16033,2,0,0.75014615
16034,1,0,0.77035534
16035,2,0,0.7709926
16036,1,0,0.7566592
16037,1,0,0.7401277
16038,0,0,0.7405534
16039,1,0,0.7375632
16040,3,0,0.75415266
16041,0,0,0.78047395
16042,3,0,0.76986325
16043,0,0,0.7957007
16044,0,0,0.8107838
16045,3,0,0.8062259
16046,1,0,0.804287
16047,1,0,0.81190234
16048,3,0,0.80997235
16049,3,0,0.8308156
16050,3,0,0.8304674
16051,0,0,0.84494144
16052,2,0,0.846153
16053,1,0,0.84270465
16054,3,0,0.8605128
16055,0,0,0.8688895
16056,1,0,0.89089423
16057,0,0,0.9003854
16058,0,0,0.918371
16059,0,0,0.9552295
16060,0,0,0.96506065
16061,0,0,0.9839657
16062,2,0,1.0386889
16063,0,0,1.0417726
16064,0,0,1.044142
16065,0,0,1.0566807
16066,0,0,1.104674
16067,0,0,1.1168562
16068,2,0,1.1515144
16069,1,0,1.1667037
16070,1,0,1.190456
16071,3,0,1.1907755
16072,2,0,1.2114441
16073,0,0,1.2141427
16074,2,0,1.2390767
16075,0,1,0.6924524
16076,3,1,0.6781801
16077,0,1,0.65947366
16078,0,1,0.6789959
16079,3,1,0.6978924
16080,1,1,0.71388793
16081,0,1,0.73018366
16082,0,1,0.726963
16083,1,1,0.7880584
16084,3,1,0.78460026
16085,0,1,0.72259533
16086,0,1,0.7152365
16087,3,1,0.7169965
16088,0,1,0.71698165
16089,0,1,0.7196937
16090,0,1,0.7124023
16091,0,1,0.71078616
16092,1,1,0.7222136
16093,1,1,0.72233224
16094,0,1,0.7362146
16095,1,1,0.7464591
16096,3,1,0.7398841
16097,0,1,0.7359722
16098,2,1,0.7266624
16099,1,1,0.73471534
16100,0,1,0.7441342
16101,0,1,0.74171793
16102,3,1,0.7471158
16103,1,1,0.7483822
16104,2,1,0.7354243
16105,2,1,0.7425781
16106,1,1,0.73949766
16107,0,1,0.74185365
16108,0,1,0.72475946
16109,1,1,0.7067523
16110,1,1,0.68753946
16111,0,1,0.6683914
16112,3,1,0.69823045
16113,0,1,0.6494467
16114,0,1,0.645533
16115,0,1,0.6387949
16116,2,1,0.6399801
16117,0,1,0.6344095
16118,1,1,0.6247119
16119,3,1,0.60643226
16120,0,1,0.6100333
16121,1,1,0.6451387
16122,2,1,0.66179293
16123,2,1,0.68734795
16124,2,1,0.66477144
16125,3,1,0.6623215
16126,0,1,0.67009646
16127,0,1,0.6501539
16128,3,1,0.70952165
16129,0,1,0.68716294
16130,3,1,0.66190475
16131,0,1,0.65753376
16132,3,1,0.6583347
16133,1,1,0.6724311
16134,0,1,0.6802942
16135,1,1,0.66451436
16136,1,1,0.6814493
16137,0,0,0.68376124
16138,0,0,0.6927812
16139,1,0,0.75864005
16140,1,0,0.7730556
16141,3,0,0.76945084
16142,0,0,0.7467229
16143,0,0,0.7319078
16144,2,0,0.7539925
16145,0,0,0.74807703
16146,0,0,0.7401225
16147,1,0,0.8047781
16148,1,0,0.8110743
16149,0,0,0.8033737
16150,1,0,0.7967944
16151,1,0,0.7970732
16152,1,0,0.8027285
16153,0,0,0.7818114
16154,0,0,0.7867182
16155,0,0,0.7857705
16156,2,0,0.7679925
16157,0,0,0.7787659
16158,1,0,0.72843385
16159,3,0,0.73557484
16160,2,0,0.74379486
16161,0,0,0.75212735
16162,3,0,0.7618077
16163,0,0,0.76101995
16164,2,0,0.7486623
16165,1,0,0.76367795
16166,0,0,0.760437
16167,0,0,0.75097966
16168,0,0,0.7514215
16169,1,0,0.69865614
16170,2,0,0.71134704
16171,1,0,0.7084812
16172,0,0,0.701185
16173,1,0,0.69798344
16174,2,0,0.6886621
16175,1,0,0.703716
16176,0,0,0.7081189
16177,1,0,0.6539213
16178,3,0,0.6600963
16179,0,0,0.6569364
16180,1,0,0.68612564
16181,0,0,0.68581146
16182,1,0,0.68023777
16183,0,0,0.69352657
16184,0,0,0.69910914
16185,3,0,0.69534296
16186,3,0,0.6989184
16187,2,0,0.68888026
16188,0,0,0.6787853
16189,1,0,0.6788775
16190,3,0,0.6726766
16191,0,0,0.6636416
16192,0,0,0.6519942
16193,3,0,0.6509031
16194,1,0,0.6602095
16195,1,0,0.6464995
16196,0,0,0.6367693
16197,1,0,0.65281767
16198,0,0,0.63769424
16199,1,0,0.6340374
16200,3,0,0.6062311
16201,0,0,0.62017304
16202,1,0,0.62483084
16203,1,0,0.6262036
16204,2,0,0.6220159
16205,2,0,0.61016613
16206,0,0,0.6187151
16207,1,0,0.6082331
16208,1,0,0.603216
16209,0,0,0.608299
16210,2,0,0.6089551
16211,0,0,0.6026743
16212,2,0,0.576994
16213,1,0,0.566608
16214,2,0,0.5693034
16215,1,0,0.5575689
16216,2,0,0.55715185
16217,2,0,0.5774119
16218,3,0,0.57012355
16219,2,0,0.5712675
16220,0,0,0.5912677
16221,0,0,0.58175594
16222,1,0,0.59772515
16223,0,0,0.60064524
16224,0,0,0.6032202
16225,0,0,0.61673445
16226,2,0,0.6308898
16227,0,0,0.60833806
16228,0,0,0.60962474
16229,0,0,0.6039189
16230,2,0,0.62269217
16231,0,0,0.62128747
16232,0,0,0.6387648
16233,1,0,0.6468634
16234,1,0,0.6670371
16235,2,0,0.6622864
16236,1,0,0.66258645
16237,0,0,0.6758854
16238,2,0,0.6800977
16239,1,0,0.69248974
16240,1,0,0.6731647
16241,3,0,0.6805229
16242,0,0,0.6899203
16243,2,0,0.6817905
16244,1,0,0.69094753
16245,1,0,0.6837594
16246,1,0,0.68678504
16247,1,0,0.67934775
16248,0,0,0.70284694
16249,2,0,0.69521326
16250,0,0,0.7486421
16251,1,0,0.76938975
16252,1,0,0.75063527
16253,1,0,0.7302633
16254,0,0,0.7341383
16255,0,0,0.71440387
16256,0,0,0.70451236
16257,2,0,0.71156555
16258,1,0,0.72897077
16259,3,0,0.73631936
16260,2,0,0.7278322
16261,1,0,0.7272691
16262,0,0,0.73089623
16263,0,0,0.7337421
16264,0,0,0.726018
16265,1,0,0.73734796
16266,3,0,0.7385162
16267,2,0,0.7368259
16268,1,0,0.7319382
16269,2,0,0.72051024
16270,0,0,0.7413501
16271,2,0,0.73812103
16272,1,0,0.73686904
16273,1,0,0.75272614
16274,0,0,0.7531181
16275,1,0,0.78158575
16276,1,0,0.7864905
16277,2,0,0.7975995
16278,1,0,0.7819877
16279,0,0,0.79546404
16280,3,0,0.7409694
16281,1,0,0.7407984
16282,2,0,0.76424664
16283,0,0,0.7746772
16284,0,0,0.768177
16285,1,0,0.78019905
16286,3,0,0.8062478
16287,2,0,0.80047977
16288,1,0,0.80500543
16289,0,0,0.80998653
16290,2,0,0.8318545
16291,0,0,0.83216125
16292,1,0,0.84791744
16293,1,0,0.86330324
16294,1,0,0.9064283
16295,3,0,0.9245433
16296,1,0,0.94941485
16297,0,0,0.96149814
16298,0,0,0.9776396
16299,3,0,1.0061735
16300,0,0,1.0091405
16301,2,0,1.0106726
16302,3,0,1.0437536
16303,1,0,1.0546569
16304,1,0,1.0542756
16305,3,0,1.0535375
16306,0,0,1.0753428
16307,0,0,1.0735818
16308,0,0,1.0894581
16309,1,0,1.0950122
16310,2,0,1.1041464
16311,2,0,1.1248279
16312,3,0,1.1364086
16313,0,0,1.1669545
16314,1,0,1.2209803
16315,2,0,1.2660779
16316,0,0,1.2548376
16317,1,0,1.278443
16318,0,0,1.2890762
16319,1,0,1.3126386
16320,3,0,1.3252887
16321,2,0,1.3361529
16322,3,0,1.3801762
16323,1,0,1.3979753
16324,3,0,1.4027209
16325,3,0,1.4425247
16326,1,0,1.4901943
16327,2,0,1.50126
16328,3,0,1.5529544
16329,3,0,1.6097847
16330,1,0,1.6619792
16331,0,0,1.6882358
16332,0,0,1.7481842
16333,2,0,1.7954311
16334,1,0,1.8466772
16335,1,0,1.9240793
16336,0,0,2.0286613
16337,3,0,2.0982
16338,0,0,2.0982568
16339,2,0,2.1916776
16340,3,0,2.30387
16341,1,0,2.3110538
16342,3,0,2.3750336
16343,0,0,2.445007
16344,0,0,2.504827
16345,0,0,2.4899056
16346,3,0,2.6158595
16347,0,0,2.7122655
16348,0,0,2.7845278
16349,2,0,2.8025923
16350,3,0,2.835236
16351,3,0,2.9360986
16352,2,1,0.59174657
16353,0,1,0.5834329
16354,3,1,0.57674706
16355,1,1,0.55297655
16356,3,1,0.5705405
16357,0,1,0.5789408
16358,1,1,0.61192906
16359,1,1,0.6162252
16360,1,1,0.6171642
16361,1,1,0.60497177
16362,0,1,0.5758606
16363,0,1,0.61128813
16364,0,1,0.616809
16365,3,1,0.6236377
16366,0,1,0.61695486
16367,2,1,0.60699075
16368,0,1,0.62717855
16369,0,1,0.6341067
16370,3,1,0.6557005
16371,1,1,0.6466004
16372,0,1,0.6423675
16373,1,1,0.645693
16374,2,1,0.62815875
16375,0,1,0.5936576
16376,0,1,0.5633979
16377,1,1,0.5394912
16378,0,1,0.5722037
16379,0,1,0.6079119
16380,3,1,0.61295134
16381,0,1,0.6002791
16382,0,0,0.63107425
16383,1,0,0.63822854
16384,1,0,0.6428767
16385,0,0,0.67001355
16386,2,0,0.6505511
16387,1,0,0.64173293
16388,1,0,0.6220847
16389,0,0,0.62183815
16390,0,0,0.63477206
16391,0,0,0.6404158
16392,0,0,0.6444101
16393,0,0,0.6312092
16394,3,0,0.6556067
16395,2,0,0.6690228
16396,1,0,0.6689232
16397,1,0,0.68113655
16398,3,0,0.66850597
16399,1,0,0.668045
16400,3,0,0.6551335
16401,2,0,0.6768151
16402,0,0,0.6793547
16403,1,0,0.6744833
16404,0,0,0.682028
16405,1,0,0.69373566
16406,2,0,0.69340116
16407,0,0,0.7063367
16408,1,0,0.7078831
16409,0,0,0.69967335
16410,0,0,0.6960019
16411,1,0,0.7014486
16412,1,0,0.6979116
16413,2,0,0.69955325
16414,0,0,0.7043466
16415,1,0,0.7075869
16416,0,0,0.7089848
16417,0,0,0.7172378
16418,0,0,0.7343146
16419,1,0,0.72455776
16420,0,0,0.71587026
16421,1,0,0.7059387
16422,0,0,0.7119985
16423,1,0,0.7249739
16424,2,0,0.716316
16425,3,0,0.71582186
16426,2,0,0.70986956
16427,1,0,0.7077439
16428,0,0,0.71237385
16429,1,0,0.6928748
16430,3,0,0.6890805
16431,1,0,0.6781396
16432,0,0,0.6971199
16433,0,0,0.6895784
16434,1,0,0.68617946
16435,2,0,0.68799925
16436,1,0,0.70144165
16437,1,0,0.69175863
16438,0,0,0.68781424
16439,0,0,0.67581266
16440,0,0,0.6927101
16441,1,0,0.7108109
16442,1,0,0.72058594
16443,0,0,0.72557867
16444,0,0,0.72522944
16445,2,0,0.77461237
16446,0,0,0.79648477
16447,2,0,0.78207463
16448,1,0,0.76543134
16449,1,0,0.7682191
16450,1,0,0.7485957
16451,0,0,0.7483467
16452,0,0,0.73791826
16453,0,0,0.73069894
16454,1,0,0.74355096
16455,0,0,0.7275449
16456,0,0,0.7468221
16457,0,0,0.7533789
16458,0,0,0.7582939
16459,0,0,0.78170455
16460,0,0,0.80125093
16461,3,0,0.8146943
16462,0,0,0.81213325
16463,0,0,0.8254319
16464,3,0,0.8095579
16465,2,0,0.7966359
16466,0,0,0.7937759
16467,0,0,0.8048807
16468,2,0,0.80417013
16469,0,0,0.82898223
16470,1,0,0.83190054
16471,1,0,0.8375531
16472,1,0,0.8318003
16473,0,0,0.84081274
16474,0,0,0.84155136
16475,1,0,0.7929716
16476,1,0,0.790991
16477,0,0,0.8049829
16478,2,0,0.8197437
16479,2,0,0.8377625
16480,0,0,0.86293256
16481,0,0,0.89511603
16482,1,0,0.9135231
16483,0,0,0.9405964
16484,3,0,0.9464869
16485,0,0,0.9723861
16486,1,0,0.99674124
16487,0,0,1.0064565
16488,1,0,1.0290989
16489,2,0,1.0569284
16490,1,0,1.080429
16491,3,0,1.1429363
16492,0,0,1.1603167
16493,1,0,1.1825371
16494,1,0,1.2417797
16495,0,0,1.2836426
16496,2,0,1.3555921
16497,2,0,1.4532421
16498,1,0,1.5357786
16499,0,0,1.6261283
16500,3,0,1.7200019
16501,1,0,1.8102326
16502,0,0,1.9117078
16503,2,0,1.9860728
16504,3,0,2.0118928
16505,0,0,2.0404224
16506,1,0,2.165863
16507,1,0,2.2529106
16508,3,0,2.3804936
16509,0,0,2.4196355
16510,0,0,2.620998
16511,0,0,2.7457664
16512,0,0,2.7987669
16513,0,0,2.8410907
16514,2,0,2.8908567
16515,0,0,3.042125
16516,2,0,3.084559
16517,0,0,3.1561673
16518,1,0,3.4826412
16519,1,0,3.518986
16520,2,0,3.569141
16521,1,1,0.86743927
16522,1,1,0.85079646
16523,0,1,0.8176708
16524,0,1,0.8000309
16525,0,1,0.81914365
16526,0,1,0.8269331
16527,0,1,0.8126935
16528,0,1,0.8114317
16529,3,1,0.79991835
16530,0,1,0.8021369
16531,0,1,0.8219808
16532,2,1,0.82261044
16533,0,1,0.81131536
16534,1,1,0.87956303
16535,0,1,0.8805559
16536,3,1,0.8773573
16537,0,1,0.8853854
16538,3,1,0.906722
16539,1,1,0.89497465
16540,1,1,0.84557086
16541,0,1,0.8543555
16542,3,1,0.866766
16543,3,1,0.8620375
16544,1,1,0.8523419
16545,0,1,0.83024824
16546,0,1,0.83508223
16547,0,1,0.83263344
16548,0,1,0.83251274
16549,3,1,0.8225903
16550,3,1,0.8379541
16551,1,1,0.8287711
16552,0,1,0.81702745
16553,2,1,0.8145782
16554,1,0,0.8257497
16555,1,0,0.84605074
16556,1,0,0.8361141
16557,2,0,0.8305839
16558,1,0,0.8316251
16559,2,0,0.8381764
16560,3,0,0.84182674
16561,1,0,0.8277521
16562,3,0,0.8210175
16563,0,0,0.82913625
16564,1,0,0.78449714
16565,3,0,0.7683773
16566,0,0,0.8327414
16567,0,0,0.81015587
16568,0,0,0.78473836
16569,2,0,0.78180987
16570,2,0,0.7794898
16571,0,0,0.78636
16572,2,0,0.7678811
16573,3,0,0.7726262
16574,2,0,0.79447
16575,2,0,0.80047816
16576,0,0,0.7948034
16577,3,0,0.8168396
16578,1,0,0.81164944
16579,3,0,0.81039596
16580,0,0,0.8099283
16581,3,0,0.7992631
16582,1,0,0.7944062
16583,3,0,0.7986147
16584,1,0,0.7713628
16585,1,0,0.72911
16586,0,0,0.72568893
16587,1,0,0.7300048
16588,0,0,0.730512
16589,2,0,0.7473331
16590,3,0,0.7289813
16591,1,0,0.74775904
16592,0,0,0.75112593
16593,2,0,0.76381063
16594,2,0,0.7460176
16595,0,0,0.76620287
16596,2,0,0.71883065
16597,0,0,0.73004097
16598,1,0,0.7294153
16599,0,0,0.7252456
16600,1,0,0.72550774
16601,2,0,0.7044406
16602,2,0,0.7091949
16603,1,0,0.7126769
16604,3,0,0.6946761
16605,0,0,0.6926917
16606,1,0,0.6779127
16607,1,0,0.68371516
16608,0,0,0.6709891
16609,1,0,0.6759738
16610,0,0,0.6661534
16611,3,0,0.667779
16612,1,0,0.66412085
16613,1,0,0.671886
16614,0,0,0.66289014
16615,2,0,0.67689633
16616,0,0,0.6679425
16617,1,0,0.66378826
16618,1,0,0.6620555
16619,2,0,0.64083743
16620,0,0,0.63999873
16621,0,0,0.61367905
16622,0,0,0.59197855
16623,2,0,0.56151116
16624,2,0,0.57943374
16625,2,0,0.54982394
16626,2,0,0.5277021
16627,1,0,0.50001216
16628,0,0,0.5120853
16629,1,0,0.5354539
16630,3,0,0.54745275
16631,2,0,0.55470717
16632,3,0,0.5575906
16633,3,0,0.5734642
16634,0,0,0.5501766
16635,0,0,0.5642918
16636,2,0,0.58554035
16637,3,0,0.587875
16638,0,0,0.58773685
16639,0,0,0.58548623
16640,3,0,0.57794535
16641,0,0,0.59400487
16642,0,0,0.59642357
16643,0,0,0.5837476
16644,1,0,0.5868553
16645,3,0,0.5884822
16646,0,0,0.5774772
16647,0,0,0.57956374
16648,3,0,0.5726859
16649,1,0,0.5817983
16650,0,0,0.59716195
16651,0,0,0.6023323
16652,0,0,0.6245646
16653,2,0,0.62704915
16654,2,0,0.6233619
16655,0,0,0.63348913
16656,3,0,0.6382945
16657,3,0,0.6428444
16658,0,0,0.63537353
16659,0,0,0.6205627
16660,2,0,0.62964463
16661,0,0,0.63805735
16662,0,0,0.6432962
16663,3,0,0.62576693
16664,1,0,0.63313043
16665,0,0,0.62446046
16666,1,0,0.6060027
16667,3,0,0.58776844
16668,1,0,0.5973909
16669,3,0,0.6149918
16670,1,0,0.6453952
16671,2,0,0.6306311
16672,1,0,0.64542645
16673,0,0,0.6687631
16674,0,0,0.68893456
16675,0,0,0.7031967
16676,3,0,0.7243504
16677,2,0,0.75042963
16678,3,0,0.7666899
16679,0,0,0.8012079
16680,0,0,0.80799645
16681,0,0,0.829177
16682,2,0,0.83118314
16683,1,0,0.8454707
16684,0,0,0.8510935
16685,0,0,0.8653027
16686,1,0,0.8649523
16687,0,0,0.87735635
16688,1,0,0.89713115
16689,0,0,0.9196212
16690,1,0,0.9155174
16691,0,0,0.93114185
16692,3,0,0.9827356
16693,3,0,1.0100513
16694,2,0,1.0672469
16695,1,0,1.1195439
16696,0,0,1.1571625
16697,0,0,1.2409024
16698,0,0,1.2651824
16699,1,0,1.2995402
16700,3,1,0.5403708
16701,1,1,0.5352662
16702,0,1,0.56157815
16703,3,1,0.5589125
16704,3,1,0.5787629
16705,1,1,0.5844169
16706,3,1,0.5515783
16707,1,1,0.561613
16708,2,1,0.5872504
16709,0,1,0.6122652
16710,3,1,0.63370067
16711,1,1,0.64201045
16712,1,1,0.61930037
16713,2,1,0.6113497
16714,3,0,0.61607414
16715,3,0,0.62282616
16716,0,0,0.6368951
16717,0,0,0.63216484
16718,0,0,0.6267209
16719,1,0,0.6260766
16720,0,0,0.6458463
16721,0,0,0.6475817
16722,1,0,0.6463369
16723,0,0,0.6337465
16724,0,0,0.6341988
16725,2,0,0.63596225
16726,2,0,0.635845
16727,2,0,0.64271265
16728,2,0,0.6328726
16729,2,0,0.6364066
16730,1,0,0.6350713
16731,2,0,0.6578063
16732,0,0,0.63462275
16733,3,0,0.657262
16734,0,0,0.64600646
16735,1,0,0.6491223
16736,0,0,0.6428617
16737,3,0,0.63719785
16738,0,0,0.6382732
16739,0,0,0.6319806
16740,3,0,0.6264112
16741,1,0,0.63787025
16742,0,0,0.6389409
16743,2,0,0.6570704
16744,3,0,0.65565956
16745,0,0,0.65498644
16746,0,0,0.632313
16747,1,0,0.6270876
16748,1,0,0.6320541
16749,1,0,0.6296998
16750,0,0,0.62160367
16751,0,0,0.6079521
16752,1,0,0.6438737
16753,1,0,0.64201313
16754,0,0,0.6433958
16755,1,0,0.642906
16756,0,0,0.66796225
16757,0,0,0.6759764
16758,3,0,0.66890115
16759,1,0,0.66257536
16760,3,0,0.682428
16761,0,0,0.6769619
16762,0,0,0.67581916
16763,0,0,0.6714483
16764,1,0,0.66957796
16765,3,0,0.65379834
16766,0,0,0.65128016
16767,2,0,0.6372351
16768,3,0,0.625753
16769,0,0,0.61017317
16770,1,0,0.6360248
16771,0,0,0.65063035
16772,0,0,0.6480171
16773,3,0,0.6261987
16774,1,0,0.6580457
16775,1,0,0.65961045
16776,2,0,0.6671217
16777,3,0,0.66712874
16778,1,0,0.6950044
16779,2,0,0.70873994
16780,0,0,0.70320547
16781,1,0,0.7077958
16782,1,0,0.69365096
16783,0,0,0.7202116
16784,0,0,0.7354645
16785,0,0,0.7432899
16786,0,0,0.7538448
16787,0,0,0.75498337
16788,0,0,0.7738977
16789,1,0,0.79675
16790,3,0,0.78811586
16791,2,0,0.797345
16792,0,0,0.8061123
16793,1,0,0.81920207
16794,2,0,0.8227502
16795,0,0,0.85481375
16796,1,0,0.86793077
16797,1,0,0.87178385
16798,1,0,0.88548887
16799,3,0,0.9051314
16800,1,0,0.9083447
16801,1,0,0.91868836
16802,1,0,0.9473987
16803,0,0,0.99422324
16804,3,0,1.0007259
16805,0,0,1.032455
16806,2,0,1.0926808
16807,1,0,1.132657
16808,2,0,1.1403097
16809,0,0,1.1704302
16810,0,0,1.1875571
16811,1,0,1.2181122
16812,1,0,1.2600752
16813,0,0,1.2912155
16814,0,0,1.3201152
16815,0,0,1.3513283
16816,1,1,0.59566617
16817,0,1,0.5830476
16818,3,1,0.59574133
16819,0,1,0.6069704
16820,2,1,0.6249968
16821,2,1,0.63504785
16822,0,1,0.62535834
16823,3,1,0.62767047
16824,0,1,0.6075539
16825,0,1,0.614334
16826,1,1,0.6299193
16827,0,1,0.6051173
16828,2,1,0.625094
16829,1,1,0.6296044
16830,0,1,0.6308781
16831,0,1,0.62305814
16832,0,1,0.6077458
16833,1,1,0.62158364
16834,1,1,0.621074
16835,1,1,0.61875
16836,2,1,0.6176133
16837,2,0,0.6400684
16838,2,0,0.6322102
16839,0,0,0.6332376
16840,0,0,0.6483657
16841,3,0,0.64022714
16842,1,0,0.633949
16843,0,0,0.65366787
16844,3,0,0.6512003
16845,3,0,0.63414615
16846,0,0,0.6408658
16847,1,0,0.64394724
16848,0,0,0.61512434
16849,1,0,0.5987568
16850,3,0,0.60685146
16851,0,0,0.6064237
16852,1,0,0.610398
16853,3,0,0.60623956
16854,1,0,0.6310977
16855,1,0,0.6411427
16856,0,0,0.6394166
16857,0,0,0.6511743
16858,0,0,0.63029486
16859,2,0,0.64220387
16860,1,0,0.6414001
16861,0,0,0.6421386
16862,0,0,0.6584667
16863,2,0,0.64234746
16864,0,0,0.6541741
16865,1,0,0.6369475
16866,0,0,0.6409608
16867,2,0,0.6357987
16868,0,0,0.636777
16869,1,0,0.6380621
16870,0,0,0.6250047
16871,0,0,0.627118
16872,2,0,0.6373938
16873,1,0,0.6311939
16874,0,0,0.62981945
16875,3,0,0.65101165
16876,1,0,0.64135206
16877,2,0,0.6386273
16878,1,0,0.6511255
16879,2,0,0.6561751
16880,0,0,0.6352538
16881,1,0,0.6238883
16882,0,0,0.6414025
16883,3,0,0.64555544
16884,0,0,0.64551896
16885,0,0,0.63082975
16886,0,0,0.6075005
16887,1,0,0.6177107
16888,3,0,0.64134306
16889,0,0,0.6399007
16890,0,0,0.6529625
16891,0,0,0.66093147
16892,1,0,0.64752877
16893,0,0,0.6633982
16894,3,0,0.6520491
16895,0,0,0.6748517
16896,0,0,0.6783984
16897,0,0,0.6687182
16898,0,0,0.65573466
16899,0,0,0.65134376
16900,3,0,0.6504399
16901,1,0,0.6374577
16902,0,0,0.626107
16903,3,0,0.61435604
16904,1,0,0.6178711
16905,2,0,0.615317
16906,3,0,0.6221011
16907,1,0,0.6622065
16908,3,0,0.67992556
16909,2,0,0.69213057
16910,0,0,0.7099474
16911,3,0,0.7158106
16912,0,0,0.71570873
16913,2,0,0.7157493
16914,2,0,0.7058032
16915,0,0,0.7148027
16916,0,0,0.729825
16917,0,0,0.74156713
16918,0,0,0.73169625
16919,1,0,0.7358785
16920,2,0,0.7332349
16921,0,0,0.7405434
16922,0,0,0.74937415
16923,1,0,0.75749683
16924,1,0,0.77159184
16925,0,0,0.7969125
16926,1,0,0.81954473
16927,2,0,0.8329042
16928,1,0,0.85309505
16929,0,0,0.86992925
16930,0,0,0.87856084
16931,0,0,0.8907834
16932,0,0,0.8996489
16933,0,0,0.92150015
16934,0,0,0.95015484
16935,0,0,0.9791467
16936,0,0,1.0008793
16937,0,0,0.9851023
16938,1,0,0.98131615
16939,0,0,1.0061469
16940,2,0,1.0262392
16941,1,0,1.045291
16942,1,0,1.0414138
16943,1,0,1.0719948
16944,0,0,1.0727264
16945,1,0,1.0910436
16946,1,0,1.1164395
16947,1,0,1.1334453
16948,1,0,1.1878004
16949,3,0,1.239314
16950,1,0,1.2855942
16951,1,0,1.3787144
16952,1,0,1.4108812
16953,0,0,1.4490892
16954,0,1,0.6945095
16955,2,1,0.680693
16956,1,1,0.6663878
16957,0,1,0.66051793
16958,0,1,0.69516885
16959,1,1,0.68473184
16960,0,1,0.6674211
16961,3,1,0.65851974
16962,1,1,0.6549456
16963,0,1,0.654509
16964,0,1,0.65287524
16965,0,1,0.6827596
16966,0,1,0.6909887
16967,1,1,0.69187605
16968,2,1,0.69786376
16969,2,1,0.7193995
16970,2,1,0.7125881
16971,2,1,0.6977754
16972,0,1,0.6734649
16973,1,1,0.65562105
16974,0,1,0.6309796
16975,0,1,0.61067677
16976,3,1,0.6048024
16977,0,1,0.6112915
16978,1,1,0.62538683
16979,0,1,0.6235144
16980,0,1,0.5954503
16981,1,1,0.5883179
16982,3,1,0.57502484
16983,1,1,0.56366056
16984,0,1,0.55000085
16985,0,0,0.54403365
16986,3,0,0.56664485
16987,0,0,0.57168967
16988,3,0,0.54140353
16989,1,0,0.5430629
16990,0,0,0.5456855
16991,2,0,0.5468713
16992,0,0,0.54430133
16993,3,0,0.54360586
16994,3,0,0.5284951
16995,0,0,0.5017164
16996,1,0,0.50505275
16997,3,0,0.527941
16998,0,0,0.51393044
16999,3,0,0.50216913
17000,0,0,0.50844395
17001,2,0,0.5088156
17002,2,0,0.543685
17003,1,0,0.5468162
17004,2,0,0.5445708
17005,2,0,0.53776735
17006,1,0,0.5443139
17007,0,0,0.56111693
17008,0,0,0.56386745
17009,2,0,0.565939
17010,1,0,0.5693524
17011,1,0,0.568478
17012,0,0,0.55804175
17013,3,0,0.58413017
17014,1,0,0.61021954
17015,0,0,0.6066996
17016,1,0,0.6164136
17017,0,0,0.63786525
17018,1,0,0.6470494
17019,1,0,0.6327123
17020,1,0,0.6271651
17021,1,0,0.6281463
17022,0,0,0.6177531
17023,3,0,0.61805326
17024,1,0,0.6138113
17025,0,0,0.6109329
17026,0,0,0.6203875
17027,0,0,0.60601187
17028,1,0,0.617671
17029,0,0,0.63637483
17030,0,0,0.62986124
17031,1,0,0.6173059
17032,3,0,0.62741166
17033,0,0,0.62888414
17034,3,0,0.61657363
17035,0,0,0.6212494
17036,0,0,0.6219354
17037,0,0,0.60108405
17038,0,0,0.58924675
17039,3,0,0.5890683
17040,1,0,0.6020103
17041,0,0,0.6091232
17042,1,0,0.6044927
17043,0,0,0.571782
17044,2,0,0.5518968
17045,3,0,0.5512657
17046,0,0,0.5210898
17047,0,0,0.53136945
17048,0,0,0.5647331
17049,0,0,0.5962492
17050,1,0,0.6038595
17051,0,0,0.606086
17052,3,0,0.61281955
17053,0,0,0.61435634
17054,1,0,0.618283
17055,1,0,0.6174059
17056,0,0,0.6010119
17057,3,0,0.59634817
17058,0,0,0.5838792
17059,1,0,0.5912929
17060,0,0,0.6159753
17061,1,0,0.6407787
17062,1,0,0.62325233
17063,0,0,0.62930197
17064,0,0,0.64857286
17065,0,0,0.6336419
17066,0,0,0.6450556
17067,2,0,0.6574342
17068,0,0,0.6647854
17069,0,0,0.66128856
17070,0,0,0.66590935
17071,3,0,0.6591753
17072,3,0,0.6724044
17073,1,0,0.681427
17074,0,0,0.7163577
17075,1,0,0.7233542
17076,2,0,0.7347733
17077,1,0,0.7390953
17078,0,0,0.72918284
17079,0,0,0.7212609
17080,0,0,0.73052204
17081,1,0,0.74220484
17082,1,0,0.7497187
17083,0,0,0.7397698
17084,1,0,0.74439013
17085,0,0,0.7552062
17086,1,0,0.7754323
17087,0,0,0.80034935
17088,0,0,0.81910914
17089,0,0,0.81827855
17090,1,0,0.8174421
17091,1,0,0.8317443
17092,3,0,0.83841825
17093,3,0,0.83100414
17094,3,0,0.8200341
17095,1,0,0.8345963
17096,1,0,0.82767653
17097,2,0,0.84698963
17098,0,0,0.8501958
17099,0,0,0.87600785
17100,1,0,0.87538654
17101,1,0,0.90719634
17102,1,0,0.91636723
17103,0,0,0.9430373
17104,0,0,0.9330588
17105,0,0,0.92692447
17106,0,0,0.94751656
17107,2,0,0.9469673
17108,0,0,0.957545
17109,1,0,0.9701729
17110,2,0,0.9789606
17111,0,0,1.0190469
17112,3,0,1.0356445
17113,0,0,1.0638208
17114,0,0,1.0768874
17115,3,0,1.101688
17116,1,0,1.1055388
17117,0,0,1.1608073
17118,2,0,1.1892202
17119,3,0,1.2262242
17120,3,0,1.2459341
17121,0,0,1.3025507
17122,2,0,1.3205264
17123,0,0,1.3786856
17124,0,0,1.391997
17125,3,0,1.4146204
17126,0,0,1.4281034
17127,2,1,0.667758
17128,2,1,0.65499985
17129,1,1,0.64565694
17130,0,1,0.64909065
17131,0,1,0.6475856
17132,2,1,0.65202373
17133,0,1,0.6635757
17134,1,1,0.67898065
17135,0,1,0.6640782
17136,0,1,0.6604781
17137,2,1,0.65216005
17138,3,1,0.6457614
17139,2,1,0.6441848
17140,0,1,0.64397466
17141,0,1,0.66173136
17142,0,1,0.6670166
17143,0,1,0.66835994
17144,0,1,0.67230475
17145,1,1,0.6746678
17146,0,1,0.65476424
17147,1,1,0.6674587
17148,0,1,0.67895955
17149,2,1,0.6618355
17150,2,1,0.66449755
17151,2,1,0.6427374
17152,2,1,0.65465975
17153,2,1,0.66076493
17154,1,1,0.66552615
17155,0,1,0.67060345
17156,3,1,0.6919444
17157,0,1,0.688781
17158,0,1,0.7092835
17159,1,1,0.71045506
17160,0,1,0.6964784
17161,1,0,0.68208843
17162,0,0,0.6636017
17163,0,0,0.6539428
17164,1,0,0.6336229
17165,0,0,0.6470935
17166,1,0,0.6501319
17167,0,0,0.6585089
17168,0,0,0.65191567
17169,0,0,0.6552745
17170,0,0,0.66537774
17171,1,0,0.6493707
17172,0,0,0.6538005
17173,0,0,0.6561715
17174,0,0,0.6613887
17175,3,0,0.6438834
17176,0,0,0.6530966
17177,3,0,0.6395195
17178,3,0,0.6442516
17179,2,0,0.63870144
17180,2,0,0.6295405
17181,1,0,0.6290599
17182,0,0,0.6207714
17183,3,0,0.6147391
17184,0,0,0.6315652
17185,0,0,0.6426843
17186,0,0,0.6376094
17187,0,0,0.64395916
17188,0,0,0.63452685
17189,3,0,0.6325843
17190,1,0,0.6286549
17191,3,0,0.620239
17192,1,0,0.62262326
17193,2,0,0.62226593
17194,1,0,0.6249122
17195,0,0,0.6103671
17196,2,0,0.6221643
17197,2,0,0.62212527
17198,1,0,0.6261188
17199,1,0,0.63342714
17200,1,0,0.6241852
17201,0,0,0.62311864
17202,1,0,0.61811304
17203,3,0,0.61812836
17204,3,0,0.628623
17205,3,0,0.64782435
17206,0,0,0.6565439
17207,0,0,0.67146647
17208,2,0,0.6605627
17209,0,0,0.6565292
17210,1,0,0.641709
17211,1,0,0.6341678
17212,0,0,0.62948614
17213,1,0,0.6428866
17214,1,0,0.62498957
17215,0,0,0.6122283
17216,1,0,0.61266875
17217,0,0,0.60786074
17218,1,0,0.58991784
17219,0,0,0.59026134
17220,0,0,0.6034248
17221,1,0,0.6036345
17222,0,0,0.6037889
17223,3,0,0.61558586
17224,3,0,0.61823076
17225,2,0,0.6126717
17226,2,0,0.5957848
17227,2,0,0.574823
17228,2,0,0.573966
17229,3,0,0.5547448
17230,1,0,0.54361826
17231,0,0,0.5611067
17232,2,0,0.5460737
17233,2,0,0.55674845
17234,1,0,0.5455661
17235,2,0,0.54620767
17236,2,0,0.53204
17237,1,0,0.5178041
17238,0,0,0.5329337
17239,3,0,0.539583
17240,3,0,0.54065204
17241,2,0,0.5443921
17242,0,0,0.5506743
17243,3,0,0.55223864
17244,0,0,0.5619932
17245,0,0,0.57137305
17246,2,0,0.5574048
17247,1,0,0.55585396
17248,0,0,0.57346714
17249,0,0,0.57200277
17250,1,0,0.5614624
17251,2,0,0.5767799
17252,1,0,0.5932114
17253,0,0,0.5826635
17254,2,0,0.593585
17255,2,0,0.60792756
17256,3,0,0.62701327
17257,1,0,0.6445685
17258,0,0,0.6514423
17259,1,0,0.67691964
17260,3,0,0.6806507
17261,1,0,0.6669481
17262,1,0,0.6733966
17263,3,0,0.66369927
17264,0,0,0.6777401
17265,1,0,0.66624516
17266,1,0,0.6655418
17267,0,0,0.6828829
17268,1,0,0.6937497
17269,0,0,0.6965671
17270,1,0,0.707331
17271,1,0,0.7256055
17272,0,0,0.7361699
17273,1,0,0.7406628
17274,0,0,0.749792
17275,0,0,0.74917674
17276,2,0,0.7732902
17277,3,0,0.7864976
17278,1,0,0.7841002
17279,1,0,0.7954466
17280,1,0,0.8102626
17281,1,0,0.83054894
17282,0,0,0.85056615
17283,2,0,0.8712992
17284,2,0,0.87862384
17285,2,0,0.8843633
17286,0,0,0.8927002
17287,1,0,0.9065354
17288,0,0,0.9500932
17289,2,0,0.96000993
17290,0,0,0.9874805
17291,3,0,0.99666476
17292,1,0,1.002437
17293,3,0,1.0344634
17294,0,0,1.0683615
17295,0,0,1.0686115
17296,0,0,1.1006047
17297,1,0,1.1203959
17298,3,0,1.1550992
17299,0,0,1.2012821
17300,1,0,1.2173914
17301,1,0,1.2734904
17302,3,0,1.2968217
17303,1,0,1.3018407
17304,3,0,1.3099265
17305,2,0,1.3231103
17306,1,0,1.3189433
17307,0,0,1.3451773
17308,0,0,1.3900741
17309,0,0,1.4131299
17310,0,1,0.71387476
17311,3,1,0.7097791
17312,0,1,0.7200355
17313,1,1,0.7058386
17314,1,1,0.7037841
17315,1,1,0.68736863
17316,0,1,0.6867098
17317,1,1,0.67195725
17318,1,1,0.6920228
17319,0,1,0.6711394
17320,0,1,0.66826713
17321,1,1,0.68957955
17322,2,1,0.7102763
17323,1,1,0.6958943
17324,0,1,0.6793363
17325,0,1,0.66558576
17326,1,1,0.6554292
17327,3,1,0.66271496
17328,1,1,0.69338745
17329,2,1,0.68070585
17330,3,1,0.6611369
17331,2,1,0.63523984
17332,1,1,0.6223519
17333,0,1,0.59497315
17334,2,1,0.5957293
17335,0,1,0.5748676
17336,1,1,0.5520455
17337,0,1,0.54488057
17338,1,1,0.53097045
17339,2,1,0.52079564
17340,1,1,0.5245349
17341,3,1,0.5287702
17342,0,1,0.5479776
17343,3,1,0.57386225
17344,3,0,0.5810418
17345,3,0,0.6041671
17346,0,0,0.59683037
17347,3,0,0.5921996
17348,1,0,0.60068095
17349,2,0,0.598002
17350,0,0,0.5986033
17351,0,0,0.5830735
17352,3,0,0.58385676
17353,0,0,0.594714
17354,0,0,0.5842449
17355,0,0,0.57802016
17356,0,0,0.5839126
17357,1,0,0.5805107
17358,1,0,0.57749003
17359,0,0,0.5981616
17360,2,0,0.61370885
17361,3,0,0.6299022
17362,0,0,0.6432905
17363,3,0,0.63563836
17364,0,0,0.6297434
17365,0,0,0.6248881
17366,1,0,0.6318291
17367,1,0,0.65016055
17368,0,0,0.65805084
17369,2,0,0.6705665
17370,0,0,0.69113874
17371,3,0,0.683295
17372,1,0,0.6569925
17373,0,0,0.6504941
17374,1,0,0.64558864
17375,3,0,0.6152537
17376,1,0,0.6469482
17377,3,0,0.64474374
17378,0,0,0.6179247
17379,3,0,0.6417365
17380,0,0,0.6551642
17381,0,0,0.65327436
17382,0,0,0.6578974
17383,2,0,0.6413653
17384,0,0,0.63976467
17385,2,0,0.6334517
17386,0,0,0.621825
17387,1,0,0.6221684
17388,1,0,0.61132675
17389,3,0,0.59233946
17390,0,0,0.5818522
17391,3,0,0.5869451
17392,3,0,0.58386594
17393,0,0,0.59865654
17394,1,0,0.6141584
17395,2,0,0.6116401
17396,0,0,0.6012409
17397,3,0,0.57703394
17398,2,0,0.58872724
17399,3,0,0.585418
17400,1,0,0.5571418
17401,2,0,0.59020466
17402,3,0,0.62218666
17403,0,0,0.6029057
17404,0,0,0.59102166
17405,1,0,0.60117286
17406,2,0,0.56948453
17407,1,0,0.5960855
17408,0,0,0.60125744
17409,2,0,0.58165324
17410,3,0,0.57600945
17411,2,0,0.5670156
17412,1,0,0.54190016
17413,0,0,0.5443564
17414,2,0,0.5742513
17415,0,0,0.5769846
17416,0,0,0.5850126
17417,3,0,0.5939249
17418,2,0,0.59357524
17419,3,0,0.60624254
17420,3,0,0.61810845
17421,0,0,0.6059138
17422,0,0,0.608902
17423,0,0,0.5948053
17424,1,0,0.5937455
17425,2,0,0.5935071
17426,0,0,0.6024779
17427,2,0,0.61130303
17428,1,0,0.60433114
17429,2,0,0.6166049
17430,1,0,0.6358623
17431,2,0,0.63281006
17432,0,0,0.6250555
17433,1,0,0.6374852
17434,1,0,0.6335027
17435,0,0,0.62915623
17436,1,0,0.6469656
17437,3,0,0.63532674
17438,0,0,0.6440363
17439,3,0,0.6677079
17440,0,0,0.6485684
17441,0,0,0.6542043
17442,3,0,0.6543239
17443,1,0,0.65652
17444,1,0,0.67295116
17445,1,0,0.6969239
17446,3,0,0.6839448
17447,3,0,0.68780047
17448,0,0,0.70192647
17449,2,0,0.69322973
17450,1,0,0.68441063
17451,1,0,0.689371
17452,2,0,0.69014513
17453,1,0,0.70654297
17454,2,0,0.7208268
17455,0,0,0.7360945
17456,0,0,0.7607213
17457,0,0,0.76869345
17458,0,0,0.78884834
17459,2,0,0.79273397
17460,0,0,0.80057347
17461,0,0,0.7955853
17462,0,0,1.0080295
17463,0,0,1.0136453
17464,0,0,1.0557399
17465,2,0,1.0654047
17466,1,0,1.0807422
17467,1,0,1.08602
17468,3,0,1.1302307
17469,3,0,1.1356995
17470,0,0,1.1857497
17471,2,0,1.2087172
17472,3,0,1.2472935
17473,1,0,1.2610103
17474,0,0,1.2675074
17475,0,0,1.3154393
17476,2,0,1.331686
17477,0,0,1.3433415
17478,3,0,1.3538305
17479,0,0,1.4143788
17480,0,0,1.4559215
17481,1,0,1.4858172
17482,0,0,1.5325277
17483,1,0,1.5498266
17484,0,0,1.5547854
17485,1,0,1.5811816
17486,0,0,1.5878961
17487,0,0,1.8540225
17488,0,0,1.8917196
17489,3,0,1.9966155
17490,1,0,2.0515246
17491,1,0,2.0787876
17492,1,1,0.61684054
17493,3,1,0.6262649
17494,0,1,0.64379716
17495,0,1,0.6388717
17496,0,1,0.63311356
17497,0,1,0.62612695
17498,0,1,0.6205173
17499,0,1,0.6177102
17500,2,1,0.61659765
17501,0,1,0.62151164
17502,0,1,0.62292606
17503,2,1,0.627546
17504,2,1,0.6259666
17505,0,1,0.6420913
17506,2,1,0.64105695
17507,1,1,0.65739167
17508,1,1,0.65987015
17509,3,1,0.6758814
17510,1,1,0.6892929
17511,0,1,0.69953966
17512,3,0,0.6991654
17513,2,0,0.6975249
17514,2,0,0.6724402
17515,1,0,0.66772085
17516,0,0,0.6690725
17517,0,0,0.67192674
17518,1,0,0.68367845
17519,1,0,0.67549
17520,1,0,0.6780566
17521,0,0,0.67863196
17522,1,0,0.6787142
17523,1,0,0.67582005
17524,0,0,0.669562
17525,0,0,0.685468
17526,0,0,0.6838871
17527,1,0,0.70015043
17528,0,0,0.721024
17529,1,0,0.7480835
17530,2,0,0.76530004
17531,0,0,0.7526567
17532,1,0,0.77271396
17533,2,0,0.7657466
17534,2,0,0.76343584
17535,0,0,0.7674823
17536,1,0,0.7663481
17537,1,0,0.75859374
17538,1,0,0.74227965
17539,3,0,0.7448811
17540,1,0,0.7391671
17541,1,0,0.7348376
17542,1,0,0.7223441
17543,0,0,0.70775425
17544,1,0,0.71216357
17545,3,0,0.70979625
17546,0,0,0.7256268
17547,1,0,0.73168325
17548,1,0,0.7268991
17549,0,0,0.7443232
17550,1,0,0.7490342
17551,1,0,0.758776
17552,3,0,0.74994004
17553,1,0,0.75582796
17554,1,0,0.7412942
17555,0,0,0.730204
17556,3,0,0.7269133
17557,2,0,0.72051495
17558,0,0,0.72230154
17559,1,0,0.70898086
17560,1,0,0.7024421
17561,2,0,0.7252306
17562,0,0,0.69633675
17563,1,0,0.67456985
17564,0,0,0.6740063
17565,1,0,0.6601414
17566,3,0,0.6589115
17567,1,0,0.6464535
17568,2,0,0.6765142
17569,3,0,0.66819173
17570,1,0,0.6534314
17571,3,0,0.64418584
17572,0,0,0.6500558
17573,0,0,0.66036534
17574,3,0,0.6709214
17575,0,0,0.6586988
17576,2,0,0.65699404
17577,2,0,0.6721593
17578,1,0,0.6724739
17579,0,0,0.6792184
17580,1,0,0.6976128
17581,3,0,0.6949387
17582,0,0,0.70334417
17583,0,0,0.7046006
17584,2,0,0.71341294
17585,1,0,0.74774384
17586,3,0,0.7542334
17587,0,0,0.76330453
17588,1,0,0.7620708
17589,0,0,0.7675988
17590,3,0,0.7754974
17591,0,0,0.7882337
17592,0,0,0.8144974
17593,2,0,0.8613188
17594,1,0,0.8636487
17595,0,0,0.87775034
17596,1,0,0.87994915
17597,0,0,0.89775884
17598,0,0,0.8948473
17599,0,0,0.92235225
17600,1,0,0.96420413
17601,2,0,0.9762285
17602,0,0,1.001617
17603,3,0,1.0183486
17604,2,0,1.0230727
17605,2,0,1.0425534
17606,1,0,1.0543561
17607,0,0,1.0539805
17608,0,0,1.1114955
17609,1,0,1.1207849
17610,1,0,1.1363254
17611,1,0,1.1752421
17612,1,0,1.2107676
17613,1,0,1.285905
17614,3,0,1.3269602
17615,3,0,1.3254995
17616,1,0,1.3842636
17617,2,0,1.3961161
17618,0,0,1.4008683
17619,1,0,1.4339131
17620,0,0,1.529768
17621,0,0,1.5794762
17622,3,0,1.6581312
17623,1,0,1.6637579
17624,0,0,1.727236
17625,2,0,1.7658255
17626,2,0,1.8409402
17627,0,1,0.7381964
17628,1,1,0.7453658
17629,0,1,0.7445315
17630,0,1,0.7369509
17631,0,1,0.72680205
17632,3,1,0.71099854
17633,0,1,0.70915216
17634,1,1,0.69522995
17635,1,1,0.70675385
17636,0,1,0.70801723
17637,1,1,0.7107752
17638,0,1,0.7087106
17639,0,1,0.7223718
17640,0,1,0.7115741
17641,2,1,0.70209783
17642,3,1,0.7120227
17643,1,1,0.722708
17644,1,1,0.71833706
17645,0,1,0.7195056
17646,2,1,0.7348411
17647,0,1,0.74447244
17648,3,1,0.7569512
17649,1,1,0.73031306
17650,3,1,0.7188982
17651,0,1,0.69496053
17652,1,1,0.71790975
17653,0,1,0.729949
17654,0,1,0.7022052
17655,2,1,0.683543
17656,1,1,0.6911461
17657,1,1,0.6832951
17658,1,1,0.70297986
17659,1,1,0.71108156
17660,3,1,0.76169336
17661,2,1,0.7724691
17662,0,1,0.7787394
17663,3,1,0.76411533
17664,1,1,0.7653182
17665,0,1,0.74769974
17666,1,1,0.7464556
17667,0,1,0.74642265
17668,0,1,0.7520485
17669,1,1,0.7323986
17670,1,1,0.7212983
17671,0,1,0.74166805
17672,1,1,0.7557573
17673,1,1,0.75836354
17674,0,1,0.7496423
17675,1,1,0.7348529
17676,0,1,0.7228636
17677,0,1,0.73455364
17678,3,1,0.73053235
17679,0,1,0.73098636
17680,0,1,0.7297437
17681,2,1,0.7406638
17682,0,0,0.73471344
17683,0,0,0.71980834
17684,2,0,0.71838254
17685,1,0,0.7089641
17686,2,0,0.6916383
17687,1,0,0.70545316
17688,0,0,0.70064175
17689,2,0,0.68215954
17690,0,0,0.6105551
17691,0,0,0.60348016
17692,1,0,0.62891454
17693,0,0,0.6412805
17694,1,0,0.6403597
17695,1,0,0.6381899
17696,2,0,0.6392496
17697,0,0,0.63887995
17698,3,0,0.61642575
17699,0,0,0.6183187
17700,2,0,0.644422
17701,2,0,0.6252926
17702,2,0,0.61062676
17703,0,0,0.59689736
17704,2,0,0.585791
17705,1,0,0.60653317
17706,0,0,0.6044237
17707,1,0,0.59615296
17708,3,0,0.5965552
17709,3,0,0.61558616
17710,0,0,0.61736506
17711,0,0,0.6100336
17712,3,0,0.6063217
17713,2,0,0.6032872
17714,1,0,0.6100297
17715,2,0,0.6214539
17716,1,0,0.62761873
17717,3,0,0.61810863
17718,2,0,0.5971632
17719,0,0,0.6629865
17720,3,0,0.66178036
17721,1,0,0.6555908
17722,1,0,0.65096486
17723,0,0,0.6327764
17724,1,0,0.63599545
17725,3,0,0.63315946
17726,0,0,0.6291362
17727,0,0,0.6376465
17728,1,0,0.6364685
17729,1,0,0.64939374
17730,0,0,0.70840377
17731,3,0,0.7243734
17732,2,0,0.7147679
17733,0,0,0.73274213
17734,0,0,0.7438672
17735,0,0,0.7452585
17736,1,0,0.7646372
17737,2,0,0.7650352
17738,1,0,0.76407355
17739,0,0,0.75202894
17740,3,0,0.7479902
17741,1,0,0.7323853
17742,2,0,0.7309445
17743,0,0,0.73107404
17744,0,0,0.7063502
17745,1,0,0.6821796
17746,0,0,0.6891201
17747,0,0,0.67416656
17748,2,0,0.67843956
17749,0,0,0.6032128
17750,1,0,0.6055899
17751,1,0,0.6155781
17752,1,0,0.6071065
17753,1,0,0.6407974
17754,1,0,0.6385202
17755,0,0,0.64014965
17756,2,0,0.63937914
17757,1,0,0.62280965
17758,0,0,0.6258513
17759,3,0,0.6031441
17760,1,0,0.5200871
17761,2,0,0.50655574
17762,3,0,0.5058175
17763,0,0,0.4771923
17764,3,0,0.46877
17765,1,0,0.43891543
17766,2,0,0.45404395
17767,1,0,0.4498425
17768,3,0,0.4435977
17769,0,0,0.4647987
17770,0,0,0.4530377
17771,3,0,0.45226347
17772,1,0,0.45304424
17773,1,0,0.46832794
17774,3,0,0.4780567
17775,0,0,0.47891033
17776,1,0,0.49464062
17777,0,0,0.49385944
17778,2,0,0.4958575
17779,0,0,0.4960856
17780,0,0,0.5024415
17781,3,0,0.47916535
17782,2,0,0.47784364
17783,1,0,0.45706037
17784,3,0,0.47174105
17785,3,0,0.47809008
17786,3,0,0.47006512
17787,1,0,0.4996791
17788,1,0,0.4886642
17789,3,0,0.48972556
17790,0,0,0.4945784
17791,2,0,0.49781203
17792,0,0,0.48422086
17793,0,0,0.47996986
17794,0,0,0.478044
17795,2,0,0.49636394
17796,3,0,0.48615184
17797,0,0,0.48860162
17798,0,0,0.5052557
17799,2,0,0.50813985
17800,3,0,0.50891566
17801,0,0,0.5303602
17802,0,0,0.5356765
17803,0,0,0.5366621
17804,0,0,0.52687204
17805,0,0,0.551795
17806,0,0,0.5486374
17807,2,0,0.5571318
17808,2,0,0.5565096
17809,1,0,0.5626364
17810,1,0,0.57886887
17811,3,0,0.6125441
17812,1,0,0.63064367
17813,1,0,0.63705754
17814,2,0,0.62983614
17815,1,0,0.6291887
17816,0,0,0.65602463
17817,0,0,0.6462681
17818,0,0,0.66489995
17819,0,0,0.670188
17820,1,0,0.6872721
17821,3,0,0.699944
17822,3,0,0.7108132
17823,0,0,0.73317784
17824,1,0,0.7418709
17825,0,0,0.7452006
17826,0,0,0.73607594
17827,0,0,0.7374894
17828,1,0,0.7356619
17829,3,0,0.7444856
17830,1,0,0.76782066
17831,1,0,0.76728255
17832,1,0,0.78927
17833,0,0,0.78696346
17834,0,0,0.7923845
17835,1,0,0.7832796
17836,2,0,0.7745373
17837,1,0,0.78804415
17838,0,0,0.81791544
17839,0,0,0.8207847
17840,0,0,0.8362359
17841,2,0,0.83205694
17842,3,0,0.8270013
17843,0,0,0.83815736
17844,0,0,0.8397585
17845,0,0,0.85234654
17846,1,0,0.8699341
17847,1,0,0.87059474
17848,2,0,0.8818322
17849,1,0,0.8721868
17850,0,0,0.8718689
17851,0,0,0.87227035
17852,0,0,0.91503906
17853,2,0,0.9193057
17854,0,0,0.9260555
17855,0,0,0.9399163
17856,1,0,0.9716167
17857,1,0,0.99480647
17858,1,0,1.0018189
17859,0,0,0.99790514
17860,0,0,1.013718
17861,1,0,1.0464437
17862,0,0,1.0584711
17863,2,0,1.0850776
17864,0,0,1.0983438
17865,1,0,1.1283468
17866,3,0,1.1588221
17867,0,0,1.1825343
17868,2,0,1.2289953
17869,0,0,1.2631296
17870,1,0,1.2725885
17871,2,0,1.2799942
17872,0,0,1.2949638
17873,0,0,1.3157059
17874,3,0,1.3257397
17875,2,0,1.3646046
17876,1,0,1.4363172
17877,0,0,1.5200436
17878,0,1,0.82631284
17879,0,1,0.8136117
17880,2,1,0.80201864
17881,0,1,0.781613
17882,3,1,0.80292225
17883,1,1,0.80920905
17884,0,1,0.79960877
17885,2,1,0.81552666
17886,0,1,0.8280407
17887,3,1,0.8302657
17888,1,1,0.8134047
17889,2,1,0.82324326
17890,0,1,0.82088834
17891,0,1,0.8065146
17892,1,1,0.7891974
17893,3,1,0.7982989
17894,3,1,0.80118847
17895,0,1,0.7988609
17896,1,1,0.77503526
17897,2,1,0.7645482
17898,1,1,0.76901186
17899,0,1,0.75482184
17900,1,1,0.75437224
17901,1,1,0.76072145
17902,3,1,0.7619587
17903,0,1,0.7898012
17904,0,1,0.800586
17905,2,1,0.8214084
17906,0,1,0.80400044
17907,0,1,0.826929
17908,1,1,0.81133354
17909,0,1,0.81491303
17910,0,1,0.8189883
17911,1,1,0.8352384
17912,2,1,0.8403891
17913,0,1,0.8527067
17914,0,1,0.85367274
17915,3,1,0.8345518
17916,2,1,0.8361076
17917,0,0,0.83810425
17918,0,0,0.8296284
17919,0,0,0.8573466
17920,2,0,0.87156236
17921,0,0,0.8712886
17922,0,0,0.87622344
17923,1,0,0.88290054
17924,3,0,0.88700485
17925,0,0,0.8990423
17926,1,0,0.9028043
17927,0,0,0.890293
17928,0,0,0.88442564
17929,1,0,0.8844184
17930,1,0,0.8845193
17931,1,0,0.87332684
17932,2,0,0.8779593
17933,3,0,0.8455326
17934,0,0,0.8412847
17935,3,0,0.8310891
17936,1,0,0.83756685
17937,1,0,0.8295667
17938,0,0,0.83003896
17939,1,0,0.8279386
17940,0,0,0.81738603
17941,3,0,0.79718703
17942,0,0,0.7848452
17943,2,0,0.8341896
17944,0,0,0.8328806
17945,1,0,0.8207012
17946,0,0,0.80812305
17947,3,0,0.7988536
17948,1,0,0.86656874
17949,2,0,0.83491427
17950,0,0,0.83874047
17951,1,0,0.83767873
17952,0,0,0.8266185
17953,0,0,0.82375187
17954,3,0,0.7989139
17955,0,0,0.8002851
17956,3,0,0.80940366
17957,0,0,0.83033234
17958,0,0,0.7981172
17959,3,0,0.8042626
17960,3,0,0.8066509
17961,2,0,0.7989627
17962,0,0,0.8025007
17963,3,0,0.802942
17964,0,0,0.7846875
17965,0,0,0.78892195
17966,0,0,0.77198243
17967,3,0,0.7816208
17968,0,0,0.79125047
17969,0,0,0.8559804
17970,0,0,0.86733407
17971,0,0,0.88843393
17972,2,0,0.8908269
17973,3,0,0.8371274
17974,3,0,0.8179366
17975,0,0,0.8235994
17976,1,0,0.8815648
17977,3,0,0.89101255
17978,2,0,0.83965635
17979,1,0,0.85714287
17980,0,0,0.8401125
17981,0,0,0.8481579
17982,3,0,0.85536206
17983,0,0,0.8417798
17984,0,0,0.8372191
17985,0,0,0.8507906
17986,0,0,0.84147686
17987,1,0,0.8255183
17988,0,0,0.8310853
17989,1,0,0.834021
17990,0,0,0.8504594
17991,1,0,0.85253054
17992,0,0,0.8551314
17993,0,0,0.87126243
17994,0,0,0.88228256
17995,1,0,0.8769162
17996,1,0,0.8704736
17997,3,0,0.84899575
17998,3,0,0.8447749
17999,1,0,0.78455067
18000,3,0,0.7644114
18001,2,0,0.75935286
18002,0,0,0.772686
18003,1,0,0.7678531
18004,1,0,0.77815527
18005,0,0,0.7864829
18006,1,0,0.7222405
18007,1,0,0.7238577
18008,0,0,0.7188869
18009,0,0,0.6994162
18010,3,0,0.6908392
18011,3,0,0.6741663
18012,0,0,0.6760104
18013,1,0,0.6868982
18014,2,0,0.7020701
18015,0,0,0.7139279
18016,1,0,0.7318413
18017,3,0,0.7279384
18018,1,0,0.73030424
18019,1,0,0.7322708
18020,0,0,0.72567195
18021,1,0,0.74755347
18022,0,0,0.7361376
18023,0,0,0.73552835
18024,3,0,0.76083606
18025,3,0,0.77523553
18026,1,0,0.7893016
18027,2,0,0.810802
18028,1,0,0.8343853
18029,0,0,0.8246173
18030,1,0,0.8424749
18031,2,0,0.83334506
18032,0,0,0.8317323
18033,1,0,0.83735216
18034,0,0,0.83463997
18035,0,0,0.8340979
18036,0,0,0.85641855
18037,0,0,0.86277395
18038,0,0,0.905073
18039,1,0,0.93458194
18040,0,0,0.9746408
18041,0,0,0.9922995
18042,0,0,0.99016696
18043,2,0,1.0479789
18044,1,0,1.0736167
18045,0,0,1.067633
18046,0,0,1.0984112
18047,0,0,1.1173207
18048,3,0,1.1397045
18049,1,0,1.1530118
18050,1,0,1.1785729
18051,1,0,1.1862028
18052,0,0,1.2308029
18053,3,0,1.2627484
18054,0,0,1.2912009
18055,0,0,1.3447428
18056,0,0,1.3978823
18057,0,0,1.4072031
18058,0,0,1.4414958
18059,2,0,1.4736046
18060,0,0,1.4800633
18061,1,0,1.499439
18062,1,0,1.5249436
18063,0,0,1.5516387
18064,1,0,1.6356161
18065,2,0,1.6847435
18066,0,0,1.6921185
18067,2,0,1.7229583
18068,2,0,1.691103
18069,2,0,1.7674465
18070,3,0,1.7655259
18071,0,0,1.8572949
18072,0,0,1.8922634
18073,0,0,1.8755784
18074,1,0,1.8936919
18075,1,0,2.0035188
18076,1,0,2.084698
18077,1,1,0.74804026
18078,0,1,0.7416527
18079,0,1,0.7269177
18080,1,1,0.7115335
18081,3,1,0.71921384
18082,0,1,0.70938253
18083,0,1,0.6807979
18084,2,1,0.65543354
18085,0,1,0.67078286
18086,3,1,0.649386
18087,1,1,0.6279267
18088,1,1,0.59710985
18089,0,1,0.5652436
18090,0,1,0.53640175
18091,3,1,0.5467152
18092,1,1,0.52433854
18093,3,1,0.5218381
18094,1,1,0.53410023
18095,2,1,0.57258254
18096,1,1,0.5685047
18097,0,1,0.59554857
18098,2,1,0.5759487
18099,1,1,0.60280275
18100,3,1,0.59788966
18101,0,1,0.6074419
18102,3,1,0.61222714
18103,0,1,0.6037079
18104,1,1,0.58980834
18105,3,1,0.5661545
18106,0,1,0.57026607
18107,1,1,0.6032709
18108,2,1,0.6246471
18109,0,1,0.65925956
18110,0,1,0.6466803
18111,1,1,0.6659791
18112,0,1,0.66716975
18113,1,1,0.6809903
18114,0,1,0.6929031
18115,1,1,0.6622928
18116,2,1,0.66888356
18117,0,1,0.6798817
18118,0,1,0.6817067
18119,3,1,0.69131315
18120,0,1,0.6847052
18121,0,1,0.6690414
18122,0,1,0.6700394
18123,0,1,0.66835797
18124,3,1,0.6859771
18125,1,1,0.68913275
18126,3,1,0.7010076
18127,1,1,0.69341546
18128,0,1,0.70533264
18129,3,1,0.6923625
18130,1,1,0.71248895
18131,2,1,0.71274203
18132,3,1,0.71025133
18133,1,1,0.7390301
18134,3,1,0.7524124
18135,0,1,0.7437337
18136,0,1,0.75250083
18137,1,1,0.7433243
18138,0,0,0.73399556
18139,0,0,0.7123214
18140,0,0,0.711526
18141,1,0,0.6985815
18142,0,0,0.71366876
18143,3,0,0.7217807
18144,1,0,0.7201516
18145,1,0,0.7251381
18146,2,0,0.72891974
18147,0,0,0.7232599
18148,1,0,0.7207331
18149,3,0,0.71923566
18150,0,0,0.71956205
18151,1,0,0.71607745
18152,1,0,0.7120888
18153,3,0,0.7040675
18154,0,0,0.679563
18155,1,0,0.6695456
18156,1,0,0.6710069
18157,0,0,0.67700684
18158,2,0,0.65888906
18159,3,0,0.6815113
18160,1,0,0.6818582
18161,3,0,0.6830878
18162,0,0,0.6890277
18163,1,0,0.67570263
18164,0,0,0.6724459
18165,3,0,0.6785717
18166,2,0,0.72627616
18167,0,0,0.72728145
18168,2,0,0.7307358
18169,1,0,0.722038
18170,0,0,0.71734107
18171,1,0,0.72242576
18172,0,0,0.72189105
18173,0,0,0.71114117
18174,1,0,0.72609997
18175,1,0,0.7415539
18176,0,0,0.73260355
18177,0,0,0.75997937
18178,1,0,0.7772799
18179,3,0,0.78156567
18180,0,0,0.7884789
18181,1,0,0.7861452
18182,1,0,0.79439384
18183,3,0,0.81580794
18184,3,0,0.8333869
18185,0,0,0.8384844
18186,1,0,0.82201624
18187,0,0,0.80971295
18188,1,0,0.81775177
18189,1,0,0.8019127
18190,0,0,0.78766614
18191,0,0,0.785473
18192,0,0,0.78858614
18193,0,0,0.78600824
18194,1,0,0.77374524
18195,3,0,0.78834057
18196,0,0,0.74807274
18197,0,0,0.7543827
18198,1,0,0.7437982
18199,1,0,0.7729895
18200,0,0,0.79270166
18201,0,0,0.7800747
18202,0,0,0.76650643
18203,1,0,0.7697993
18204,3,0,0.7700124
18205,1,0,0.76520514
18206,0,0,0.76110077
18207,1,0,0.73946583
18208,2,0,0.71628594
18209,1,0,0.71188784
18210,1,0,0.69356173
18211,0,0,0.70339096
18212,3,0,0.71704614
18213,0,0,0.69625264
18214,0,0,0.70522594
18215,2,0,0.7089423
18216,0,0,0.7200433
18217,0,0,0.7216472
18218,1,0,0.73789877
18219,0,0,0.7307131
18220,3,0,0.7293627
18221,0,0,0.73211795
18222,2,0,0.7357911
18223,0,0,0.7387399
18224,2,0,0.7675239
18225,2,0,0.7634077
18226,1,0,0.7680922
18227,0,0,0.7568998
18228,0,0,0.76163304
18229,0,0,0.7351244
18230,1,0,0.7290884
18231,0,0,0.74567395
18232,1,0,0.75740075
18233,0,0,0.76184404
18234,2,0,0.7527412
18235,1,0,0.7636439
18236,2,0,0.7634567
18237,0,0,0.77595586
18238,0,0,0.8057685
18239,0,0,0.8056696
18240,1,0,0.81559604
18241,1,0,0.8275091
18242,0,0,0.8141168
18243,2,0,0.8095246
18244,1,0,0.78310364
18245,0,0,0.77483183
18246,1,0,0.76913905
18247,0,0,0.7895587
18248,2,0,0.7928841
18249,1,0,0.7983666
18250,2,0,0.81502753
18251,1,0,0.81170464
18252,0,0,0.8248353
18253,0,0,0.8179388
18254,3,0,0.8069065
18255,1,0,0.81533825
18256,3,0,0.8030486
18257,3,0,0.79871505
18258,3,0,0.80676675
18259,1,0,0.80904675
18260,0,0,0.8180736
18261,0,0,0.80913967
18262,1,0,0.8158885
18263,2,0,0.82370836
18264,1,0,0.8364625
18265,0,0,0.8443838
18266,2,0,0.8797156
18267,0,0,0.8806935
18268,2,0,0.86875147
18269,0,0,0.8648096
18270,3,0,0.88460594
18271,2,0,0.9332165
18272,2,0,0.97000986
18273,3,0,0.9916769
18274,1,0,1.0162439
18275,1,0,1.0354502
18276,1,0,1.0565453
18277,0,0,1.0553137
18278,0,0,1.0664071
18279,3,0,1.133341
18280,0,0,1.1347123
18281,1,0,1.1488243
18282,1,0,1.1602036
18283,1,0,1.191192
18284,2,0,1.205811
18285,0,0,1.2199208
18286,0,0,1.2388821
18287,0,0,1.2507166
18288,3,0,1.2697362
18289,0,0,1.2989718
18290,2,0,1.3137387
18291,1,0,1.3144882
18292,0,0,1.3422616
18293,0,0,1.3663839
18294,1,0,1.4093415
18295,1,0,1.4736352
18296,2,0,1.4638219
18297,3,0,1.5303668
18298,2,0,1.5631894
18299,0,0,1.6053907
18300,0,0,1.6382617
18301,1,0,1.6311332
18302,1,0,1.6782035
18303,1,0,1.7487929
18304,0,0,1.803825
18305,1,0,1.8584366
18306,0,0,1.9105335
18307,0,0,1.9161938
18308,0,0,2.0096514
18309,0,0,1.9708565
18310,1,0,2.0469491
18311,0,0,2.104872
18312,2,0,2.1822124
18313,2,0,2.2489061
18314,0,0,2.3203862
18315,2,0,2.4056494
18316,0,0,2.4700868
18317,3,0,2.5611877
18318,0,0,2.6813958
18319,3,0,2.7779932
18320,2,0,2.794498
18321,1,0,2.8980398
18322,0,0,2.9911253
18323,1,0,3.0919573
18324,0,0,3.1804643
18325,0,0,3.1515481
18326,0,0,3.286641
18327,2,0,3.256663
18328,0,0,3.259216
18329,0,0,3.3543367
18330,0,0,3.4258025
18331,0,0,3.5151615
18332,2,0,3.6069162
18333,2,0,3.5809562
18334,1,0,3.661126
18335,3,0,3.7260482
18336,2,0,3.715251
18337,0,0,3.9384742
18338,0,0,4.075765
18339,1,0,4.2702374
18340,0,0,4.409707
18341,1,0,4.494458
18342,1,0,4.68039
18343,2,0,4.7745976
18344,0,0,4.7467194
18345,0,0,4.7217593
18346,3,0,4.711156
18347,1,0,4.9886866
18348,0,0,5.0654407
18349,0,0,5.3235855
18350,1,0,5.5297236
18351,1,1,0.7213475
18352,1,1,0.70167404
18353,1,1,0.7097528
18354,0,1,0.6977297
18355,1,1,0.7251028
18356,2,1,0.7234279
18357,0,1,0.7230171
18358,3,1,0.7284034
18359,0,1,0.7131893
18360,1,1,0.6892173
18361,3,1,0.6711771
18362,3,1,0.6593306
18363,1,1,0.6607228
18364,2,1,0.6616832
18365,0,1,0.6839342
18366,0,1,0.66563475
18367,1,1,0.6765829
18368,3,1,0.6521633
18369,0,1,0.6434825
18370,2,1,0.64395285
18371,1,1,0.660045
18372,1,1,0.6524606
18373,0,1,0.67350894
18374,3,1,0.6668505
18375,0,1,0.6438648
18376,0,1,0.63487375
18377,0,1,0.6244076
18378,0,1,0.642607
18379,1,1,0.6264763
18380,2,1,0.65034896
18381,0,1,0.6398413
18382,3,1,0.6379319
18383,1,1,0.6236266
18384,0,1,0.612819
18385,0,1,0.5875222
18386,0,1,0.6120009
18387,1,1,0.6059058
18388,0,1,0.5991013
18389,2,1,0.5962599
18390,3,1,0.59930265
18391,3,1,0.6272409
18392,2,1,0.6194514
18393,2,1,0.6213396
18394,1,1,0.6092484
18395,1,1,0.6146058
18396,0,1,0.60247535
18397,2,1,0.5831847
18398,0,1,0.61242974
18399,0,1,0.6016528
18400,0,1,0.5985379
18401,1,1,0.5777045
18402,0,1,0.56386966
18403,3,0,0.545717
18404,3,0,0.5779089
18405,1,0,0.57456845
18406,3,0,0.5925742
18407,3,0,0.5919334
18408,0,0,0.57629377
18409,0,0,0.60522145
18410,3,0,0.61513937
18411,1,0,0.624486
18412,0,0,0.627819
18413,2,0,0.6299594
18414,0,0,0.6297007
18415,0,0,0.6257489
18416,3,0,0.5993814
18417,0,0,0.6144763
18418,0,0,0.6207719
18419,0,0,0.6237486
18420,1,0,0.6222661
18421,0,0,0.61518794
18422,0,0,0.61781716
18423,0,0,0.6257967
18424,1,0,0.6262605
18425,1,0,0.6122685
18426,3,0,0.617305
18427,0,0,0.61204386
18428,0,0,0.58851326
18429,0,0,0.6147272
18430,0,0,0.6348453
18431,0,0,0.630872
18432,1,0,0.63050354
18433,2,0,0.64942974
18434,0,0,0.64788157
18435,1,0,0.6372984
18436,3,0,0.6293275
18437,1,0,0.8239256
18438,2,0,0.83753043
18439,2,0,0.8287984
18440,2,0,0.8057276
18441,3,0,0.78081995
18442,3,0,0.7990942
18443,1,0,0.7989741
18444,1,0,0.80188
18445,2,0,0.79406106
18446,3,0,0.7917857
18447,1,0,0.78664994
18448,1,0,0.7879438
18449,2,0,0.77781045
18450,1,0,0.77543896
18451,2,0,0.7567908
18452,1,0,0.77686656
18453,0,0,0.7782613
18454,3,0,0.79272145
18455,2,0,0.7875279
18456,1,0,0.8005441
18457,0,0,0.80815315
18458,0,0,0.812681
18459,3,0,0.81169325
18460,3,0,0.7944277
18461,0,0,0.7900629
18462,1,0,0.7930134
18463,3,0,0.77694076
18464,0,0,0.7697074
18465,2,0,0.77243596
18466,1,0,0.7785228
18467,1,0,0.5772515
18468,1,0,0.5542563
18469,0,0,0.52795815
18470,1,0,0.5307552
18471,1,0,0.5589226
18472,0,0,0.5437864
18473,1,0,0.54108113
18474,3,0,0.54689556
18475,0,0,0.5615361
18476,2,0,0.5621879
18477,0,0,0.5733458
18478,1,0,0.57048804
18479,0,0,0.5851273
18480,0,0,0.58013386
18481,2,0,0.5912591
18482,2,0,0.60217714
18483,3,0,0.58185524
18484,3,0,0.5871312
18485,1,0,0.58439416
18486,0,0,0.59221935
18487,2,0,0.595545
18488,1,0,0.59386885
18489,1,0,0.59718794
18490,0,0,0.6114126
18491,0,0,0.6081706
18492,1,0,0.61465055
18493,2,0,0.60462445
18494,3,0,0.60880506
18495,3,0,0.6120773
18496,0,0,0.5956136
18497,2,0,0.608142
18498,1,0,0.6185238
18499,2,0,0.6409192
18500,0,0,0.64982355
18501,1,0,0.6458281
18502,0,0,0.6623556
18503,1,0,0.66140866
18504,1,0,0.6507715
18505,3,0,0.6280879
18506,0,0,0.63150084
18507,3,0,0.80866873
18508,1,0,0.79513675
18509,2,0,0.81211877
18510,0,0,0.8321543
18511,0,0,0.84568965
18512,0,0,0.8218442
18513,0,0,0.8387885
18514,1,0,0.82919717
18515,1,0,0.8373173
18516,1,0,0.8064629
18517,2,0,0.8087405
18518,0,0,0.81672615
18519,3,0,0.82148653
18520,0,0,0.81834036
18521,2,0,0.83074576
18522,3,0,0.84461874
18523,0,0,0.8696986
18524,1,0,0.8758047
18525,0,0,0.8761154
18526,2,0,0.8822949
18527,1,0,0.8845675
18528,0,0,0.8896898
18529,1,0,0.89359343
18530,2,0,0.8755031
18531,0,0,0.8804902
18532,3,0,0.8839184
18533,0,0,0.90623915
18534,1,0,0.93574226
18535,0,0,0.9528008
18536,0,0,0.9708633
18537,1,0,0.78749305
18538,0,0,0.80852896
18539,0,0,0.8132394
18540,0,0,0.816069
18541,0,0,0.8099015
18542,0,0,0.84298116
18543,0,0,0.85432035
18544,3,0,0.88246065
18545,0,0,0.878526
18546,0,0,0.8999614
18547,1,0,0.9064534
18548,0,0,0.92459
18549,3,0,0.9196908
18550,1,0,0.9389658
18551,0,0,0.9529605
18552,0,0,0.9453726
18553,0,0,0.95473534
18554,0,0,0.95051384
18555,0,0,0.9646645
18556,0,0,0.9771132
18557,2,0,0.9986492
18558,0,0,1.0186223
18559,2,0,1.006893
18560,2,0,1.0266138
18561,0,0,1.0213734
18562,1,0,1.0141292
18563,1,0,1.014472
18564,0,0,1.0148244
18565,2,0,1.0322477
18566,0,0,1.046172
18567,1,0,1.1052873
18568,3,0,1.1081277
18569,0,0,1.1049421
18570,0,0,1.1295681
18571,0,0,1.1695424
18572,1,0,1.2021595
18573,0,0,1.2376552
18574,0,0,1.3179412
18575,0,0,1.4045975
18576,0,0,1.463956
18577,1,0,1.4872973
18578,2,0,1.5437523
18579,1,0,1.6065376
18580,2,0,1.6323192
18581,3,0,1.6458372
18582,0,0,1.71256
18583,0,0,1.7200066
18584,0,0,1.7403588
18585,2,0,1.8025061
18586,3,0,1.8431238
18587,0,0,1.8629327
18588,0,0,1.8902487
18589,3,0,1.9142826
18590,2,0,1.9400561
18591,2,0,1.9688857
18592,2,0,1.998987
18593,0,0,2.0622075
18594,2,1,0.63532186
18595,0,1,0.6322067
18596,0,1,0.65637064
18597,0,1,0.63631546
18598,3,1,0.61739075
18599,2,1,0.59703165
18600,0,1,0.58174956
18601,0,1,0.5643194
18602,2,1,0.5680585
18603,1,1,0.57494426
18604,1,1,0.5569262
18605,2,1,0.5688695
18606,0,1,0.57169056
18607,0,1,0.5658279
18608,1,0,0.5774091
18609,3,0,0.55574155
18610,0,0,0.573555
18611,2,0,0.5444022
18612,3,0,0.5604448
18613,3,0,0.5725265
18614,2,0,0.5756368
18615,3,0,0.57930374
18616,0,0,0.5560173
18617,2,0,0.5487796
18618,2,0,0.5563927
18619,0,0,0.5621613
18620,1,0,0.5488619
18621,1,0,0.5487399
18622,1,0,0.5527244
18623,3,0,0.57204956
18624,1,0,0.5763286
18625,2,0,0.5909151
18626,1,0,0.58148575
18627,1,0,0.5980401
18628,0,0,0.6200443
18629,0,0,0.64178944
18630,0,0,0.6574213
18631,1,0,0.6708061
18632,0,0,0.68099964
18633,0,0,0.6710769
18634,2,0,0.67722774
18635,0,0,0.676503
18636,2,0,0.6609502
18637,0,0,0.66981727
18638,0,0,0.65607864
18639,2,0,0.67806166
18640,1,0,0.657993
18641,1,0,0.67801875
18642,1,0,0.66283464
18643,1,0,0.6535377
18644,1,0,0.67844623
18645,1,0,0.67986476
18646,1,0,0.69116676
18647,2,0,0.67620707
18648,0,0,0.6822837
18649,1,0,0.67939913
18650,0,0,0.69589263
18651,0,0,0.69767046
18652,0,0,0.7071216
18653,1,0,0.69955426
18654,2,0,0.69985795
18655,1,0,0.7000572
18656,3,0,0.68601394
18657,0,0,0.6755015
18658,0,0,0.6615119
18659,2,0,0.6681935
18660,1,0,0.67096967
18661,3,0,0.67499983
18662,0,0,0.6786169
18663,0,0,0.6860553
18664,1,0,0.6947488
18665,0,0,0.69891065
18666,1,0,0.72030264
18667,1,0,0.7082281
18668,0,0,0.71077263
18669,1,0,0.70856774
18670,2,0,0.7362059
18671,0,0,0.72057116
18672,0,0,0.7266546
18673,0,0,0.7384571
18674,0,0,0.7160841
18675,1,0,0.72131544
18676,1,0,0.7296012
18677,0,0,0.7474959
18678,1,0,0.7714054
18679,0,0,0.7710894
18680,0,0,0.7597854
18681,2,0,0.7695804
18682,0,0,0.7789251
18683,3,0,0.7637864
18684,1,0,0.7536472
18685,2,0,0.76331025
18686,0,0,0.77613014
18687,0,0,0.7891351
18688,0,0,0.81721485
18689,3,0,0.81744134
18690,0,0,0.8182384
18691,1,0,0.8306279
18692,0,0,0.8609217
18693,0,0,0.8849279
18694,3,0,0.91127366
18695,0,0,0.90676713
18696,0,0,0.89720374
18697,2,0,0.91642535
18698,3,0,0.94773257
18699,1,0,0.9627642
18700,1,0,0.9856168
18701,1,0,1.0484369
18702,3,0,1.0679151
18703,0,0,1.0809354
18704,1,0,1.115566
18705,1,0,1.1534231
18706,3,0,1.163251
18707,0,0,1.1986388
18708,3,0,1.2122667
18709,0,0,1.305822
18710,1,1,0.7321844
18711,1,1,0.75128716
18712,2,1,0.7349
18713,3,1,0.73982394
18714,0,1,0.72543395
18715,1,1,0.7172888
18716,1,1,0.7255629
18717,0,1,0.7133952
18718,0,1,0.71235335
18719,3,1,0.7360991
18720,1,1,0.73150665
18721,1,1,0.72075826
18722,2,1,0.74919623
18723,1,1,0.75849086
18724,0,1,0.7648528
18725,1,1,0.76992893
18726,0,1,0.75142324
18727,1,0,0.7459405
18728,2,0,0.7362383
18729,1,0,0.7415096
18730,0,0,0.7435462
18731,0,0,0.7521151
18732,1,0,0.735514
18733,1,0,0.74275255
18734,2,0,0.73830605
18735,0,0,0.7245482
18736,0,0,0.70087355
18737,1,0,0.68313044
18738,0,0,0.7023444
18739,1,0,0.6865713
18740,0,0,0.6867115
18741,2,0,0.6797723
18742,3,0,0.7020627
18743,0,0,0.69747573
18744,2,0,0.6967287
18745,0,0,0.70487654
18746,0,0,0.69043624
18747,1,0,0.6960903
18748,2,0,0.68050015
18749,3,0,0.6570181
18750,3,0,0.65560746
18751,2,0,0.67792547
18752,1,0,0.679683
18753,0,0,0.693344
18754,0,0,0.68345493
18755,2,0,0.68046016
18756,1,0,0.68121797
18757,2,0,0.70503014
18758,1,0,0.7265898
18759,0,0,0.7230995
18760,1,0,0.72241795
18761,1,0,0.70339376
18762,0,0,0.71566063
18763,3,0,0.71263945
18764,0,0,0.7155624
18765,1,0,0.7211381
18766,1,0,0.71584314
18767,1,0,0.7186942
18768,2,0,0.7095566
18769,1,0,0.706631
18770,3,0,0.7177052
18771,0,0,0.7353654
18772,0,0,0.72840524
18773,0,0,0.73017716
18774,0,0,0.733239
18775,0,0,0.72764766
18776,1,0,0.71915084
18777,0,0,0.7182932
18778,3,0,0.7327495
18779,0,0,0.7398577
18780,2,0,0.74655044
18781,0,0,0.7477302
18782,3,0,0.7561441
18783,2,0,0.75963193
18784,1,0,0.783337
18785,1,0,0.7635041
18786,2,0,0.77855617
18787,1,0,0.773335
18788,1,0,0.7603671
18789,0,0,0.76237136
18790,0,0,0.769558
18791,1,0,0.7869463
18792,1,0,0.78897387
18793,0,0,0.7733427
18794,1,0,0.78573644
18795,0,0,0.8029179
18796,1,0,0.82303363
18797,0,0,0.8210621
18798,1,0,0.83282685
18799,3,0,0.8395126
18800,1,0,0.8358416
18801,0,0,0.8309811
18802,0,0,0.82961947
18803,0,0,0.8437793
18804,2,0,0.83550423
18805,1,0,0.8519713
18806,1,0,0.84604514
18807,0,0,0.8482823
18808,1,0,0.8497274
18809,1,0,0.88102657
18810,0,0,0.87693626
18811,2,0,0.89089626
18812,0,0,0.8855304
18813,2,0,0.88140184
18814,2,0,0.8940073
18815,1,0,0.9126531
18816,0,0,0.94863594
18817,0,0,0.9538007
18818,0,0,0.99654126
18819,0,0,1.0102967
18820,2,0,1.0374237
18821,3,0,1.0454557
18822,3,0,1.0468153
18823,3,0,1.0680724
18824,0,0,1.0843431
18825,3,0,1.0802827
18826,1,0,1.0832776
18827,0,0,1.1134857
18828,3,0,1.1446589
18829,1,0,1.1508701
18830,3,0,1.1710857
18831,3,0,1.194642
18832,3,0,1.2574171
18833,0,0,1.2415882
18834,3,0,1.3064979
18835,1,0,1.3106891
18836,0,0,1.3464552
18837,0,1,0.61873597
18838,3,1,0.6206411
18839,1,1,0.6446664
18840,0,1,0.63374627
18841,2,1,0.6526443
18842,3,1,0.65127367
18843,2,1,0.6694075
18844,0,1,0.66105485
18845,2,1,0.6453983
18846,2,1,0.6468309
18847,2,1,0.6428004
18848,2,1,0.6486747
18849,2,1,0.671309
18850,1,1,0.69553125
18851,2,1,0.70446223
18852,2,1,0.68230844
18853,1,1,0.6912915
18854,2,1,0.68640965
18855,0,1,0.6831453
18856,2,1,0.66539276
18857,1,1,0.64783895
18858,0,1,0.6509521
18859,2,1,0.6586105
18860,2,1,0.64798063
18861,3,1,0.6486691
18862,1,1,0.65619
18863,1,1,0.6486233
18864,0,1,0.65405154
18865,3,1,0.66821486
18866,3,1,0.672635
18867,1,1,0.6772002
18868,2,1,0.67753243
18869,0,1,0.6879521
18870,3,1,0.7086876
18871,3,1,0.6962579
18872,2,1,0.70994437
18873,1,1,0.71403754
18874,1,0,0.71411145
18875,3,0,0.7256713
18876,0,0,0.7258084
18877,0,0,0.7165797
18878,3,0,0.71856403
18879,1,0,0.7177771
18880,1,0,0.6978997
18881,3,0,0.6959757
18882,1,0,0.7182104
18883,0,0,0.71322304
18884,1,0,0.74065375
18885,1,0,0.73572826
18886,1,0,0.7418217
18887,0,0,0.7483374
18888,3,0,0.77768373
18889,1,0,0.78907937
18890,2,0,0.7898134
18891,2,0,0.8148052
18892,0,0,0.818457
18893,1,0,0.8239337
18894,0,0,0.8364123
18895,1,0,0.8407765
18896,0,0,0.8252063
18897,1,0,0.8245295
18898,0,0,0.8232349
18899,0,0,0.8075709
18900,2,0,0.79341316
18901,0,0,0.77934366
18902,0,0,0.7618754
18903,0,0,0.737438
18904,1,0,0.74371785
18905,0,0,0.7367995
18906,0,0,0.74671793
18907,0,0,0.7462619
18908,3,0,0.7425573
18909,1,0,0.72635186
18910,2,0,0.7260657
18911,2,0,0.7301115
18912,1,0,0.7067671
18913,1,0,0.6950312
18914,3,0,0.6964133
18915,2,0,0.6943323
18916,2,0,0.6879676
18917,3,0,0.6841419
18918,1,0,0.6614593
18919,2,0,0.6338031
18920,1,0,0.6386753
18921,0,0,0.6328611
18922,1,0,0.6330088
18923,2,0,0.6290334
18924,2,0,0.6330613
18925,1,0,0.6374852
18926,3,0,0.65569913
18927,0,0,0.6539506
18928,0,0,0.65727127
18929,0,0,0.6371073
18930,3,0,0.6505042
18931,0,0,0.6515084
18932,2,0,0.67000365
18933,0,0,0.6820254
18934,1,0,0.69387764
18935,1,0,0.6903566
18936,2,0,0.6705222
18937,2,0,0.6844081
18938,2,0,0.6828972
18939,0,0,0.69147646
18940,1,0,0.6915754
18941,3,0,0.6821812
18942,1,0,0.7006737
18943,2,0,0.7147548
18944,1,0,0.6875582
18945,0,0,0.6922562
18946,1,0,0.70168436
18947,0,0,0.6994957
18948,0,0,0.70382184
18949,0,0,0.7114879
18950,3,0,0.71149933
18951,1,0,0.7113543
18952,0,0,0.71324
18953,0,0,0.7271996
18954,0,0,0.7422242
18955,2,0,0.7409362
18956,1,0,0.7440932
18957,1,0,0.75220746
18958,2,0,0.7558284
18959,2,0,0.77684146
18960,0,0,0.7800146
18961,0,0,0.7958825
18962,1,0,0.80859995
18963,3,0,0.803418
18964,1,0,0.7893311
18965,1,0,0.8017951
18966,0,0,0.8308121
18967,1,0,0.8161254
18968,0,0,0.82455164
18969,0,0,0.842773
18970,0,0,0.84529257
18971,0,0,0.8548579
18972,3,0,0.84896016
18973,1,0,0.84450054
18974,1,0,0.8598668
18975,1,0,0.87635905
18976,0,0,0.894638
18977,3,0,0.90590847
18978,1,0,0.9244042
18979,1,0,0.92630285
18980,0,0,0.9323681
18981,0,0,0.9210106
18982,1,0,0.91760737
18983,0,0,0.9244867
18984,0,0,0.92937726
18985,1,0,0.910249
18986,0,0,0.8943568
18987,1,0,0.8937206
18988,1,0,0.9020166
18989,0,0,0.889792
18990,0,0,0.8915225
18991,1,0,0.88519067
18992,2,0,0.889562
18993,0,0,0.91200435
18994,2,0,0.91771436
18995,0,0,0.9398205
18996,3,0,0.9238927
18997,1,0,0.93948984
18998,0,0,0.9503059
18999,2,0,0.946951
19000,2,0,0.9597234
19001,0,0,0.958144
19002,1,0,0.98741376
19003,2,0,1.0006949
19004,0,0,1.01027
19005,1,0,1.0193573
19006,0,0,1.0213768
19007,1,0,1.0328714
19008,0,0,1.0323184
19009,3,0,1.0686963
19010,2,0,1.0969274
19011,0,0,1.1490661
19012,0,0,1.1610507
19013,1,0,1.2014773
19014,0,0,1.1972611
19015,1,0,1.2190142
19016,0,0,1.2434347
19017,0,0,1.2583836
19018,2,0,1.2955906
19019,0,0,1.3741658
19020,1,0,1.3830378
19021,1,0,1.4140376
19022,1,0,1.460445
19023,0,0,1.5323148
19024,2,0,1.5807344
19025,3,0,1.5683004
19026,1,0,1.5873346
19027,2,0,1.6081934
19028,1,1,0.754616
19029,1,1,0.7476008
19030,1,1,0.75376725
19031,1,1,0.780936
19032,0,1,0.7528631
19033,1,1,0.7674471
19034,1,1,0.76137114
19035,1,1,0.75997955
19036,2,1,0.75404656
19037,0,1,0.76147074
19038,0,1,0.7693799
19039,0,1,0.77691364
19040,3,1,0.8056778
19041,0,1,0.7851812
19042,1,1,0.735766
19043,0,1,0.7305733
19044,0,1,0.7257422
19045,1,1,0.7010075
19046,2,1,0.6828002
19047,0,1,0.68139833
19048,0,1,0.6758401
19049,3,1,0.66015023
19050,1,1,0.6459402
19051,1,1,0.6546287
19052,3,1,0.66370445
19053,2,1,0.5948578
19054,0,1,0.589287
19055,2,1,0.57145387
19056,0,1,0.5718706
19057,0,1,0.5509924
19058,1,1,0.56271195
19059,3,1,0.5822988
19060,2,1,0.6080499
19061,1,1,0.5934017
19062,2,1,0.61372083
19063,0,1,0.6088814
19064,0,1,0.604196
19065,0,0,0.59451926
19066,0,0,0.5762549
19067,0,0,0.56349814
19068,2,0,0.56110615
19069,2,0,0.5681089
19070,3,0,0.5643301
19071,1,0,0.5669852
19072,1,0,0.53722984
19073,1,0,0.56022
19074,0,0,0.5562673
19075,0,0,0.5551862
19076,1,0,0.55259794
19077,1,0,0.5340054
19078,3,0,0.5534219
19079,3,0,0.5696743
19080,3,0,0.5694408
19081,0,0,0.5448418
19082,2,0,0.56030715
19083,3,0,0.58490825
19084,1,0,0.58619213
19085,3,0,0.57869065
19086,3,0,0.5808812
19087,0,0,0.56709254
19088,1,0,0.54855776
19089,0,0,0.53482044
19090,3,0,0.5066274
19091,2,0,0.5003789
19092,0,0,0.49226418
19093,1,0,0.4747533
19094,0,0,0.49013913
19095,2,0,0.49130094
19096,0,0,0.51912105
19097,0,0,0.51788986
19098,0,0,0.53630584
19099,3,0,0.56206656
19100,2,0,0.56285465
19101,3,0,0.5818276
19102,2,0,0.5756357
19103,3,0,0.564304
19104,0,0,0.5740531
19105,0,0,0.5866967
19106,1,0,0.57786554
19107,2,0,0.6016915
19108,1,0,0.5847467
19109,0,0,0.57066333
19110,1,0,0.56599605
19111,0,0,0.5689843
19112,1,0,0.54695153
19113,0,0,0.53118885
19114,1,0,0.55948836
19115,1,0,0.5773143
19116,3,0,0.5728019
19117,1,0,0.5894158
19118,0,0,0.605626
19119,1,0,0.6198514
19120,3,0,0.61748284
19121,1,0,0.6177553
19122,0,0,0.59266007
19123,0,0,0.6154381
19124,3,0,0.5936011
19125,3,0,0.6113707
19126,2,0,0.6159949
19127,1,0,0.6289658
19128,0,0,0.62933666
19129,1,0,0.6040533
19130,2,0,0.60365504
19131,0,0,0.6099541
19132,0,0,0.6393015
19133,0,0,0.6371514
19134,3,0,0.61344844
19135,2,0,0.6040647
19136,3,0,0.6124074
19137,0,0,0.590011
19138,2,0,0.6080768
19139,1,0,0.62414336
19140,0,0,0.6522647
19141,1,0,0.6608606
19142,0,0,0.6537358
19143,3,0,0.6422218
19144,0,0,0.6234891
19145,1,0,0.6083165
19146,1,0,0.6363283
19147,1,0,0.6256333
19148,2,0,0.6157523
19149,0,0,0.5906925
19150,2,0,0.59307563
19151,2,0,0.6092893
19152,1,0,0.63638926
19153,0,0,0.61762744
19154,1,0,0.63246185
19155,0,0,0.62298536
19156,2,0,0.620794
19157,0,0,0.6137174
19158,0,0,0.59194535
19159,2,0,0.6023079
19160,0,0,0.5831434
19161,3,0,0.584978
19162,0,0,0.5755555
19163,3,0,0.56130236
19164,2,0,0.5864634
19165,3,0,0.6000866
19166,1,0,0.61393696
19167,0,0,0.6288057
19168,0,0,0.61749595
19169,3,0,0.61877155
19170,0,0,0.6117698
19171,0,0,0.6206564
19172,3,0,0.65829456
19173,0,0,0.6785197
19174,2,0,0.7017208
19175,1,0,0.7239312
19176,0,0,0.7325704
19177,2,0,0.73762715
19178,2,0,0.7603708
19179,1,0,0.79857326
19180,1,0,0.81673574
19181,0,0,0.8156946
19182,2,0,0.81516355
19183,1,0,0.84193754
19184,0,0,0.85092205
19185,0,0,0.86035156
19186,3,0,0.8534456
19187,1,0,0.88940847
19188,0,0,0.91098315
19189,1,0,0.9396784
19190,0,0,0.9814418
19191,3,0,0.9938872
19192,3,0,1.0202835
19193,0,0,1.0614789
19194,1,0,1.088092
19195,2,0,1.1176511
19196,0,0,1.1852332
19197,2,0,1.2276868
19198,0,0,1.2638513
19199,0,0,1.2850187
19200,0,0,1.3152045
19201,0,0,1.3937846
19202,1,0,1.4109671
19203,2,0,1.4253981
19204,3,0,1.4321234
19205,0,0,1.4699316
19206,1,0,1.4935732
19207,0,0,1.5592096
19208,0,0,1.5719651
19209,2,0,1.6561031
19210,0,0,1.7587583
19211,2,0,1.789913
19212,0,0,1.8199801
19213,0,0,1.9010395
19214,1,0,2.0220017
19215,3,0,2.1485202
19216,0,0,2.2723722
19217,1,0,2.3643577
19218,1,0,2.4876404
19219,0,0,2.6118739
19220,2,1,0.6465357
19221,2,1,0.6205652
19222,0,1,0.6019047
19223,3,1,0.60403144
19224,3,1,0.6001118
19225,0,1,0.5948677
19226,0,1,0.59978324
19227,2,1,0.5677472
19228,2,1,0.55151355
19229,3,1,0.528621
19230,2,1,0.50239587
19231,1,1,0.49892238
19232,0,1,0.4759433
19233,3,1,0.5127223
19234,2,1,0.49226102
19235,2,1,0.46761054
19236,2,1,0.4656409
19237,0,1,0.46309254
19238,3,1,0.46820465
19239,1,1,0.46370468
19240,3,1,0.50020367
19241,3,1,0.47376117
19242,0,1,0.50744194
19243,0,1,0.5255252
19244,0,1,0.55671847
19245,1,1,0.55721617
19246,0,1,0.55165035
19247,0,1,0.5411531
19248,0,1,0.53987086
19249,3,1,0.56725997
19250,2,1,0.56672084
19251,2,0,0.5638282
19252,1,0,0.600754
19253,1,0,0.60627913
19254,1,0,0.6157873
19255,0,0,0.6102519
19256,0,0,0.59271497
19257,2,0,0.59652877
19258,0,0,0.63327956
19259,2,0,0.63553596
19260,2,0,0.67417175
19261,3,0,0.67198354
19262,1,0,0.6864071
19263,0,0,0.6708723
19264,3,0,0.70452
19265,0,0,0.7088932
19266,0,0,0.7337628
19267,0,0,0.74813455
19268,1,0,0.7617917
19269,0,0,0.74814874
19270,0,0,0.7276928
19271,1,0,0.72196716
19272,0,0,0.7228625
19273,1,0,0.71264845
19274,0,0,0.6862098
19275,3,0,0.6878688
19276,1,0,0.6825164
19277,1,0,0.6908606
19278,1,0,0.6757867
19279,0,0,0.65744174
19280,1,0,0.691221
19281,1,0,0.7172497
19282,0,0,0.77026373
19283,2,0,0.7644221
19284,0,0,0.7547536
19285,0,0,0.75103
19286,0,0,0.7498227
19287,3,0,0.7401428
19288,2,0,0.72159076
19289,0,0,0.7177371
19290,2,0,0.6985796
19291,1,0,0.69412404
19292,0,0,0.70181584
19293,3,0,0.6844164
19294,0,0,0.6595332
19295,1,0,0.64145035
19296,0,0,0.6119087
19297,0,0,0.58888036
19298,3,0,0.5631935
19299,0,0,0.59866625
19300,0,0,0.59969455
19301,0,0,0.6038937
19302,0,0,0.58633345
19303,1,0,0.58368003
19304,1,0,0.61511606
19305,1,0,0.62292546
19306,1,0,0.6325723
19307,3,0,0.653948
19308,0,0,0.6479062
19309,0,0,0.63126194
19310,0,0,0.59678346
19311,2,0,0.5836344
19312,3,0,0.5160522
19313,0,0,0.54797906
19314,2,0,0.57895577
19315,2,0,0.58433574
19316,0,0,0.61635226
19317,2,0,0.6183789
19318,1,0,0.64480025
19319,1,0,0.6376817
19320,3,0,0.63385594
19321,1,0,0.65387225
19322,2,0,0.6427484
19323,3,0,0.6422119
19324,0,0,0.64670986
19325,1,0,0.6578936
19326,1,0,0.6577994
19327,0,0,0.66005164
19328,0,0,0.6604442
19329,0,0,0.646148
19330,1,0,0.66122913
19331,3,0,0.6865457
19332,1,0,0.7065842
19333,0,0,0.7259412
19334,1,0,0.7117949
19335,0,0,0.6969299
19336,3,0,0.7027786
19337,3,0,0.7163098
19338,0,0,0.71937054
19339,2,0,0.7510297
19340,2,0,0.7758225
19341,2,0,0.7623085
19342,0,0,0.7565491
19343,1,0,0.74795485
19344,2,0,0.74634266
19345,0,0,0.76889616
19346,1,0,0.7684669
19347,1,0,0.76713574
19348,0,0,0.7557828
19349,0,0,0.7682724
19350,3,0,0.7621638
19351,1,0,0.7608717
19352,0,0,0.7772191
19353,0,0,0.78181106
19354,0,0,0.79335576
19355,3,0,0.81583524
19356,2,0,0.82838386
19357,0,0,0.83853215
19358,2,0,0.8566758
19359,0,0,0.86782867
19360,3,0,0.87432146
19361,3,0,0.86389023
19362,2,0,0.8705536
19363,3,0,0.88865775
19364,0,0,0.89274555
19365,0,0,0.90313905
19366,1,0,0.9259397
19367,2,0,0.9398071
19368,1,0,0.95197326
19369,3,0,0.94080794
19370,0,0,0.923202
19371,0,0,0.9464778
19372,0,0,0.97736514
19373,3,0,1.0056331
19374,0,0,1.0465988
19375,0,0,1.0642908
19376,0,0,1.0855234
19377,0,0,1.1247747
19378,0,0,1.153538
19379,0,0,1.1911608
19380,3,0,1.2147737
19381,3,0,1.2308993
19382,0,0,1.2377992
19383,0,0,1.2620683
19384,0,0,1.2736962
19385,0,0,1.304335
19386,1,0,1.3376275
19387,2,0,1.3769383
19388,0,0,1.408748
19389,0,0,1.4787837
19390,1,0,1.5005542
19391,0,1,0.76125634
19392,2,1,0.7647826
19393,3,1,0.7638062
19394,3,1,0.77803314
19395,0,1,0.77816474
19396,0,1,0.75434995
19397,1,1,0.73365295
19398,0,1,0.7272835
19399,0,1,0.7176161
19400,0,1,0.7017785
19401,1,1,0.7242761
19402,0,1,0.733667
19403,1,1,0.7563655
19404,0,1,0.8028946
19405,1,1,0.79928493
19406,1,1,0.77317846
19407,2,1,0.7479341
19408,1,1,0.7655899
19409,1,1,0.83640444
19410,0,1,0.82587785
19411,0,1,0.8270868
19412,0,1,0.8292052
19413,0,1,0.8243743
19414,0,1,0.83314645
19415,0,1,0.838656
19416,1,1,0.8456444
19417,1,1,0.8433586
19418,0,1,0.84901696
19419,2,1,0.84323573
19420,0,1,0.8270603
19421,0,1,0.81752956
19422,1,1,0.7988249
19423,0,1,0.8016351
19424,0,1,0.7937161
19425,3,1,0.79472107
19426,2,1,0.78545094
19427,0,1,0.8085987
19428,1,1,0.8102804
19429,1,1,0.8261678
19430,0,1,0.8326684
19431,1,1,0.8125009
19432,3,1,0.8149352
19433,0,1,0.8044962
19434,0,1,0.7498998
19435,0,1,0.7429444
19436,3,1,0.8089316
19437,3,1,0.8284148
19438,1,1,0.84278756
19439,1,1,0.7767131
19440,3,1,0.77563137
19441,0,1,0.7702159
19442,0,1,0.7796057
19443,0,1,0.77944547
19444,1,1,0.7809566
19445,2,1,0.7668256
19446,0,1,0.7632022
19447,3,1,0.76179326
19448,1,1,0.7544973
19449,0,1,0.7597889
19450,0,1,0.7703715
19451,0,1,0.7865715
19452,0,1,0.8036428
19453,0,1,0.8165255
19454,2,1,0.8117183
19455,0,1,0.8158205
19456,0,1,0.83513474
19457,3,1,0.86598396
19458,3,1,0.8755001
19459,0,1,0.85624206
19460,0,1,0.86295843
19461,1,1,0.88224804
19462,0,1,0.8722884
19463,1,1,0.86406124
19464,0,1,0.87363416
19465,1,1,0.8753535
19466,0,1,0.8116812
19467,1,1,0.79132867
19468,0,1,0.7671824
19469,0,1,0.7770399
19470,1,1,0.79045576
19471,0,1,0.7897182
19472,1,1,0.789907
19473,3,1,0.78443897
19474,0,1,0.7781879
19475,1,0,0.77705526
19476,0,0,0.7993538
19477,3,0,0.80226535
19478,0,0,0.79049546
19479,0,0,0.76681805
19480,3,0,0.7568933
19481,0,0,0.747521
19482,0,0,0.72462046
19483,1,0,0.71728104
19484,3,0,0.72888577
19485,3,0,0.7112864
19486,1,0,0.7204041
19487,3,0,0.69044566
19488,1,0,0.67950094
19489,2,0,0.68608075
19490,0,0,0.6694955
19491,1,0,0.6569868
19492,2,0,0.66790336
19493,2,0,0.6770841
19494,1,0,0.6681491
19495,0,0,0.6878067
19496,2,0,0.6965568
19497,3,0,0.68918014
19498,1,0,0.69937
19499,3,0,0.70295316
19500,0,0,0.701491
19501,0,0,0.7179011
19502,0,0,0.7219496
19503,0,0,0.7339242
19504,3,0,0.78855926
19505,0,0,0.79069716
19506,0,0,0.7856752
19507,0,0,0.78258544
19508,1,0,0.8033466
19509,0,0,0.82867336
19510,3,0,0.83726513
19511,2,0,0.8511724
19512,1,0,0.86794174
19513,1,0,0.8798457
19514,1,0,0.88729095
19515,1,0,0.8771441
19516,1,0,0.8600738
19517,1,0,0.8310573
19518,0,0,0.83632386
19519,3,0,0.83348197
19520,0,0,0.8257618
19521,1,0,0.8233041
19522,1,0,0.8673215
19523,1,0,0.88173187
19524,0,0,0.8883702
19525,1,0,0.87976444
19526,1,0,0.8566531
19527,1,0,0.8759405
19528,0,0,0.87650996
19529,2,0,0.8764405
19530,0,0,0.8694334
19531,3,0,0.8616301
19532,0,0,0.854901
19533,0,0,0.8395201
19534,3,0,0.8358438
19535,3,0,0.8472832
19536,0,0,0.82700825
19537,1,0,0.8103906
19538,0,0,0.7986679
19539,1,0,0.7835697
19540,3,0,0.77521926
19541,1,0,0.7640003
19542,1,0,0.7725829
19543,1,0,0.7711175
19544,2,0,0.7555177
19545,0,0,0.7694138
19546,0,0,0.76698995
19547,2,0,0.7815356
19548,0,0,0.7952235
19549,1,0,0.81567585
19550,0,0,0.81000924
19551,2,0,0.8241252
19552,2,0,0.7668456
19553,3,0,0.7501865
19554,1,0,0.7454842
19555,0,0,0.7291311
19556,0,0,0.7440725
19557,3,0,0.7324644
19558,0,0,0.7329728
19559,0,0,0.71949494
19560,2,0,0.7282676
19561,0,0,0.7252134
19562,1,0,0.73443127
19563,0,0,0.7452624
19564,2,0,0.6773251
19565,1,0,0.67994297
19566,0,0,0.69799846
19567,3,0,0.7039422
19568,1,0,0.7078855
19569,3,0,0.70029193
19570,1,0,0.697966
19571,3,0,0.70331144
19572,1,0,0.67607397
19573,0,0,0.65309924
19574,0,0,0.6525202
19575,2,0,0.6570595
19576,1,0,0.6507082
19577,0,0,0.6259346
19578,0,0,0.629806
19579,1,0,0.6109096
19580,0,0,0.6333574
19581,0,0,0.62328804
19582,0,0,0.62974644
19583,3,0,0.6316598
19584,1,0,0.6344208
19585,0,0,0.65299547
19586,2,0,0.65627736
19587,2,0,0.6462665
19588,3,0,0.6402453
19589,0,0,0.64137816
19590,2,0,0.6195263
19591,3,0,0.6122522
19592,1,0,0.5944661
19593,0,0,0.60451066
19594,0,0,0.61175835
19595,2,0,0.5981721
19596,1,0,0.5802216
19597,3,0,0.5805399
19598,1,0,0.5753581
19599,0,0,0.59404385
19600,0,0,0.5791225
19601,3,0,0.59051836
19602,0,0,0.58934474
19603,2,0,0.6092986
19604,3,0,0.6204519
19605,2,0,0.6335683
19606,2,0,0.63899475
19607,1,0,0.6463371
19608,0,0,0.6446343
19609,0,0,0.65979755
19610,0,0,0.6532016
19611,2,0,0.6543086
19612,2,0,0.6685442
19613,1,0,0.68564785
19614,0,0,0.6986002
19615,1,0,0.678042
19616,3,0,0.65826946
19617,1,0,0.66294014
19618,1,0,0.66418415
19619,1,0,0.6786353
19620,0,0,0.67907643
19621,2,0,0.6881519
19622,1,0,0.70306116
19623,1,0,0.70903987
19624,0,0,0.7170197
19625,0,0,0.7310015
19626,0,0,0.72836107
19627,1,0,0.73843163
19628,0,0,0.74831724
19629,2,0,0.74823886
19630,2,0,0.76561123
19631,2,0,0.7730846
19632,0,0,0.7806593
19633,0,0,0.78229475
19634,3,0,0.76609933
19635,0,0,0.7674161
19636,1,0,0.7827098
19637,0,0,0.78448474
19638,1,0,0.78198767
19639,1,0,0.7858802
19640,2,0,0.78309
19641,1,0,0.78649247
19642,0,0,0.76465434
19643,1,0,0.7704817
19644,1,0,0.7497301
19645,0,0,0.78192854
19646,0,0,0.78815794
19647,1,0,0.8050619
19648,2,0,0.81224227
19649,0,0,0.8001408
19650,1,0,0.82200426
19651,0,0,0.84163404
19652,0,0,0.84919655
19653,0,0,0.84632075
19654,1,0,0.84360504
19655,2,0,0.82870686
19656,2,0,0.84176594
19657,1,0,0.8305862
19658,0,0,0.8315002
19659,0,0,0.83579266
19660,1,0,0.8355897
19661,1,0,0.82147354
19662,0,0,0.83131045
19663,2,0,0.82753867
19664,1,0,0.85438067
19665,1,0,0.85292375
19666,1,0,0.86918706
19667,1,0,0.87463546
19668,1,0,0.8816571
19669,0,0,0.87156403
19670,1,0,0.8794151
19671,0,0,0.888761
19672,0,0,0.89814126
19673,1,0,0.8972016
19674,3,0,0.90382177
19675,0,0,0.8885126
19676,1,0,0.89544636
19677,2,0,0.89123195
19678,0,0,0.91770893
19679,1,0,0.9399527
19680,0,0,0.9360361
19681,2,0,0.94848907
19682,2,0,0.9657731
19683,2,0,0.97530216
19684,1,0,0.9806466
19685,1,0,1.0008233
19686,1,0,0.994419
19687,3,0,1.0047967
19688,0,0,1.0273719
19689,3,0,1.0359403
19690,3,0,1.0505579
19691,0,0,1.0746102
19692,3,0,1.0799046
19693,0,0,1.0796728
19694,0,0,1.0586282
19695,3,0,1.0598518
19696,3,0,1.0545143
19697,1,0,1.0699693
19698,1,0,1.072729
19699,2,0,1.0985645
19700,0,0,1.0958296
19701,0,0,1.1097323
19702,1,0,1.1206893
19703,1,0,1.1228647
19704,1,0,1.1552539
19705,2,0,1.1720717
19706,1,0,1.1819278
19707,1,0,1.1963414
19708,0,0,1.1875203
19709,0,0,1.2100435
19710,2,0,1.2449691
19711,1,0,1.2476462
19712,1,0,1.2474995
19713,0,0,1.2577502
19714,0,0,1.2702695
19715,2,0,1.2639815
19716,0,0,1.2851192
19717,2,0,1.3095443
19718,3,0,1.3212879
19719,0,0,1.3478259
19720,2,0,1.3630911
19721,2,0,1.3569701
19722,0,0,1.37208
19723,3,0,1.3670079
19724,2,0,1.3885789
19725,0,0,1.4285138
19726,1,0,1.444331
19727,1,0,1.4559219
19728,1,0,1.5094421
19729,0,0,1.5125109
19730,0,0,1.5333062
19731,0,0,1.5681162
19732,2,0,1.567307
19733,2,0,1.6471623
19734,2,0,1.6307067
19735,1,0,1.6274309
19736,1,0,1.6177219
19737,1,0,1.6138319
19738,1,0,1.6659552
19739,0,0,1.6314701
19740,3,1,0.5910547
19741,1,1,0.6023346
19742,0,1,0.58544326
19743,3,1,0.5887473
19744,2,1,0.5691517
19745,2,1,0.57151717
19746,0,1,0.5818261
19747,0,1,0.5563433
19748,1,1,0.551197
19749,0,1,0.5650763
19750,1,1,0.5697845
19751,2,1,0.5531919
19752,1,1,0.54562527
19753,1,1,0.5295031
19754,0,1,0.52892
19755,0,1,0.54403555
19756,0,1,0.55630726
19757,1,1,0.5530197
19758,2,1,0.55347294
19759,1,1,0.56411624
19760,1,1,0.5656098
19761,0,1,0.5649141
19762,3,1,0.55433714
19763,1,1,0.55040616
19764,1,1,0.5353978
19765,0,1,0.5277622
19766,2,1,0.5025668
19767,0,1,0.5040085
19768,1,1,0.5181472
19769,1,1,0.52522314
19770,1,1,0.5257169
19771,1,1,0.5516063
19772,0,1,0.5649476
19773,2,1,0.55319476
19774,0,1,0.5712689
19775,0,1,0.554856
19776,1,1,0.53875303
19777,2,1,0.5704565
19778,0,1,0.5696477
19779,0,1,0.5579584
19780,0,0,0.5685446
19781,2,0,0.5906518
19782,0,0,0.6140053
19783,1,0,0.6252951
19784,2,0,0.6065903
19785,1,0,0.60551727
19786,1,0,0.590145
19787,0,0,0.5694023
19788,0,0,0.5592433
19789,3,0,0.57382435
19790,3,0,0.5734973
19791,0,0,0.57850546
19792,0,0,0.5579328
19793,2,0,0.5650768
19794,1,0,0.5676094
19795,1,0,0.57836175
19796,1,0,0.5899142
19797,1,0,0.6001955
19798,3,0,0.59283084
19799,1,0,0.59103787
19800,0,0,0.59897697
19801,2,0,0.5867768
19802,3,0,0.57075536
19803,1,0,0.5866782
19804,3,0,0.5815883
19805,3,0,0.59725654
19806,2,0,0.61748135
19807,3,0,0.61409545
19808,3,0,0.63305813
19809,1,0,0.6427421
19810,1,0,0.64225096
19811,0,0,0.6286224
19812,1,0,0.632926
19813,1,0,0.61403185
19814,0,0,0.6380928
19815,0,0,0.6395605
19816,2,0,0.64043427
19817,1,0,0.6524802
19818,0,0,0.66111434
19819,1,0,0.6422829
19820,1,0,0.6459502
19821,1,0,0.63619053
19822,0,0,0.6658915
19823,0,0,0.66877735
19824,1,0,0.6799842
19825,0,0,0.6778623
19826,1,0,0.66921884
19827,2,0,0.6700961
19828,0,0,0.65536696
19829,0,0,0.65255135
19830,0,0,0.6630031
19831,0,0,0.6650801
19832,0,0,0.67838055
19833,3,0,0.6671313
19834,0,0,0.65662026
19835,2,0,0.63390213
19836,0,0,0.6244889
19837,3,0,0.6281467
19838,1,0,0.6194182
19839,1,0,0.6096638
19840,0,0,0.61661434
19841,0,0,0.62788033
19842,0,0,0.63238513
19843,1,0,0.65083
19844,3,0,0.63630605
19845,0,0,0.62790096
19846,1,0,0.6496501
19847,2,0,0.6496421
19848,2,0,0.6492803
19849,2,0,0.66762674
19850,0,0,0.66784716
19851,1,0,0.6748129
19852,1,0,0.6683284
19853,3,0,0.6802378
19854,0,0,0.66448903
19855,1,0,0.6663518
19856,1,0,0.68083966
19857,2,0,0.68013513
19858,0,0,0.6915396
19859,1,0,0.67765075
19860,0,0,0.67145294
19861,0,0,0.6705717
19862,3,0,0.661928
19863,1,0,0.66330206
19864,3,0,0.6676676
19865,3,0,0.67268765
19866,0,0,0.6927795
19867,1,0,0.6815038
19868,2,0,0.67607754
19869,0,0,0.6964462
19870,0,0,0.680823
19871,0,0,0.6760066
19872,1,0,0.6655785
19873,0,0,0.6638372
19874,2,0,0.67187864
19875,2,0,0.6758653
19876,0,0,0.67079693
19877,3,0,0.6866162
19878,2,0,0.6940648
19879,2,0,0.705401
19880,1,0,0.7093512
19881,0,0,0.7147871
19882,0,0,0.6973828
19883,0,0,0.6928305
19884,1,0,0.70666796
19885,1,0,0.69658434
19886,2,0,0.69800127
19887,0,0,0.7117615
19888,0,0,0.7048571
19889,0,0,0.71671647
19890,1,0,0.7286055
19891,2,0,0.7296618
19892,0,0,0.75490206
19893,3,0,0.7699774
19894,0,0,0.78120524
19895,3,0,0.81267357
19896,0,0,0.8073159
19897,1,0,0.83798313
19898,1,0,0.8637838
19899,0,0,0.85872126
19900,3,0,0.85192853
19901,1,0,0.8501322
19902,0,0,0.86958164
19903,0,0,0.8879405
19904,3,0,0.91530067
19905,2,0,0.92448384
19906,0,0,0.9163025
19907,2,0,0.91132134
19908,1,0,0.92185473
19909,0,0,0.9310904
19910,2,0,0.9462572
19911,0,0,0.9563207
19912,0,0,0.9777717
19913,0,0,0.9877592
19914,2,0,0.998706
19915,0,0,1.0042601
19916,0,0,1.0115746
19917,1,0,1.0248603
19918,0,0,1.0406915
19919,3,0,1.0855771
19920,0,0,1.1075546
19921,1,0,1.1569309
19922,0,0,1.1394742
19923,0,0,1.1363077
19924,3,0,1.1585565
19925,1,0,1.1715535
19926,0,0,1.2137082
19927,1,0,1.4120965
19928,3,0,1.4054273
19929,1,0,1.453368
19930,1,0,1.4767401
19931,1,0,1.5015115
19932,2,0,1.5173898
19933,3,0,1.5379093
19934,0,0,1.5288101
19935,0,0,1.5396395
19936,1,0,1.5997664
19937,0,0,1.6297458
19938,0,0,1.654502
19939,3,0,1.7062201
19940,3,0,1.7575005
19941,2,0,1.7575141
19942,0,0,1.7608019
19943,1,1,0.869346
19944,3,1,0.8698675
19945,0,1,0.8730591
19946,1,1,0.85226876
19947,1,1,0.84918445
19948,1,1,0.83578694
19949,1,1,0.84426326
19950,0,1,0.8626994
19951,0,1,0.8758934
19952,0,1,0.85185665
19953,0,1,0.8502078
19954,0,1,0.8479194
19955,2,1,0.8391986
19956,2,1,0.84326965
19957,0,1,0.86035836
19958,1,1,0.7786529
19959,1,1,0.7583482
19960,0,1,0.78477436
19961,0,1,0.78957033
19962,0,1,0.7825735
19963,3,1,0.7737984
19964,0,1,0.75536644
19965,2,1,0.7360305
19966,2,1,0.7056131
19967,3,1,0.6257592
19968,3,1,0.59904444
19969,1,1,0.57642186
19970,1,1,0.57045877
19971,0,1,0.5691373
19972,0,1,0.574597
19973,0,1,0.5755877
19974,1,0,0.61051387
19975,0,0,0.6096019
19976,0,0,0.6090601
19977,1,0,0.6458575
19978,1,0,0.6891123
19979,0,0,0.6751383
19980,1,0,0.6564707
19981,2,0,0.7288398
19982,3,0,0.7298218
19983,1,0,0.7622595
19984,0,0,0.76079476
19985,0,0,0.7555162
19986,0,0,0.7416992
19987,0,0,0.7419093
19988,0,0,0.8188858
19989,1,0,0.8198253
19990,1,0,0.80468446
19991,1,0,0.87309086
19992,0,0,0.8984488
19993,2,0,0.8938236
19994,1,0,0.88413
19995,0,0,0.88140434
19996,0,0,0.89249086
19997,1,0,0.90223163
19998,3,0,0.9037153
19999,0,0,0.8959814
20000,0,0,0.90654093
20001,0,0,0.90707463
20002,0,0,0.9026819
20003,1,0,0.9127882
20004,2,0,0.88893986
20005,0,0,0.8822317
20006,1,0,0.880963
20007,3,0,0.88266367
20008,3,0,0.86951315
20009,2,0,0.87577736
20010,1,0,0.8771871
20011,1,0,0.8185735
20012,1,0,0.81440336
20013,0,0,0.8181327
20014,1,0,0.81596076
20015,0,0,0.8266842
20016,2,0,0.8318365
20017,1,0,0.83108145
20018,3,0,0.76208085
20019,3,0,0.7574522
20020,1,0,0.76609087
20021,1,0,0.7002721
20022,1,0,0.703201
20023,0,0,0.69365305
20024,1,0,0.70113486
20025,1,0,0.710734
20026,0,0,0.69571894
20027,1,0,0.7000214
20028,0,0,0.6860009
20029,1,0,0.6913159
20030,0,0,0.69372547
20031,1,0,0.69387573
20032,3,0,0.7097353
20033,0,0,0.71452457
20034,1,0,0.7311118
20035,2,0,0.7317567
20036,1,0,0.71696365
20037,3,0,0.71990234
20038,2,0,0.7119707
20039,2,0,0.7148401
20040,3,0,0.69787276
20041,0,0,0.6927981
20042,3,0,0.70293754
20043,0,0,0.69301546
20044,1,0,0.7069429
20045,3,0,0.7099187
20046,1,0,0.72288007
20047,1,0,0.7162999
20048,1,0,0.7360302
20049,0,0,0.74661666
20050,2,0,0.74380153
20051,0,0,0.73167175
20052,0,0,0.7362328
20053,2,0,0.75498426
20054,3,0,0.7527566
20055,2,0,0.75434184
20056,1,0,0.7587501
20057,0,0,0.75317204
20058,1,0,0.75700057
20059,1,0,0.76610917
20060,1,0,0.7697095
20061,0,0,0.7825302
20062,0,0,0.7843385
20063,1,0,0.78925055
20064,0,0,0.79665226
20065,3,0,0.80146986
20066,1,0,0.8221605
20067,0,0,0.8127452
20068,3,0,0.8260498
20069,2,0,0.8353448
20070,3,0,0.8525225
20071,0,0,0.86890125
20072,2,0,0.874367
20073,1,0,0.8939828
20074,2,0,0.90315086
20075,0,0,0.9177252
20076,1,0,0.97807735
20077,0,0,0.99740803
20078,0,0,1.0073708
20079,0,0,1.0358607
20080,0,0,1.1093247
20081,3,0,1.1402546
20082,1,0,1.1447563
20083,2,0,1.160707
20084,0,0,1.1799846
20085,1,0,1.2357045
20086,1,0,1.2578899
20087,1,0,1.3278698
20088,1,0,1.3953676
20089,2,0,1.4599822
20090,0,0,1.4724497
20091,1,0,1.5509905
20092,2,0,1.6316061
20093,2,0,1.7044127
20094,0,0,1.7834568
20095,0,0,1.9179633
20096,1,0,2.0105948
20097,1,0,2.040947
20098,1,0,2.1529524
20099,3,0,2.182344
20100,1,0,2.2160125
20101,2,0,2.346344
20102,2,0,2.371393
20103,2,0,2.520954
20104,1,0,2.634276
20105,3,0,2.6643097
20106,3,0,2.755582
20107,0,0,2.7916136
20108,3,0,2.8144698
20109,0,0,3.0701828
20110,2,0,3.2276027
20111,1,0,3.2787998
20112,0,0,3.481275
20113,1,0,3.6867409
20114,1,0,3.7458205
20115,3,0,3.7771485
20116,1,0,4.200803
20117,3,1,0.62478244
20118,2,1,0.6329987
20119,1,1,0.6082224
20120,1,1,0.5817161
20121,1,1,0.604611
20122,0,1,0.63408536
20123,0,1,0.6096655
20124,1,1,0.6376068
20125,0,1,0.62215453
20126,2,1,0.6260272
20127,3,1,0.63190174
20128,0,1,0.6335456
20129,0,1,0.6421158
20130,0,1,0.627225
20131,1,1,0.6420595
20132,1,1,0.64886576
20133,0,1,0.6474502
20134,2,1,0.6481388
20135,1,1,0.6361516
20136,0,1,0.63236076
20137,3,1,0.60714316
20138,0,1,0.6223877
20139,0,1,0.62318504
20140,1,1,0.6062843
20141,3,1,0.5844099
20142,1,1,0.5765624
20143,0,1,0.5993196
20144,3,1,0.60370976
20145,1,1,0.62472653
20146,0,1,0.61638075
20147,2,1,0.6211358
20148,2,1,0.610293
20149,2,0,0.61568296
20150,1,0,0.61995906
20151,2,0,0.607475
20152,0,0,0.58837974
20153,0,0,0.58475643
20154,2,0,0.5777027
20155,2,0,0.5746039
20156,0,0,0.5703652
20157,1,0,0.5855121
20158,1,0,0.5805511
20159,1,0,0.5646304
20160,3,0,0.56782514
20161,0,0,0.56691104
20162,2,0,0.56854254
20163,3,0,0.56364065
20164,0,0,0.5769344
20165,0,0,0.57838506
20166,3,0,0.5767281
20167,3,0,0.5827689
20168,0,0,0.56563467
20169,3,0,0.56244063
20170,1,0,0.5587103
20171,1,0,0.5561259
20172,2,0,0.5409552
20173,0,0,0.5353042
20174,0,0,0.5029018
20175,1,0,0.47507435
20176,0,0,0.47008023
20177,0,0,0.44889793
20178,1,0,0.44479
20179,0,0,0.47536564
20180,1,0,0.5033728
20181,3,0,0.53292537
20182,2,0,0.5375101
20183,2,0,0.5313642
20184,3,0,0.5397459
20185,0,0,0.5386117
20186,0,0,0.5543118
20187,1,0,0.5418237
20188,0,0,0.5477475
20189,3,0,0.546834
20190,0,0,0.54877245
20191,1,0,0.53710216
20192,2,0,0.5306692
20193,1,0,0.5312937
20194,1,0,0.52243406
20195,0,0,0.5280862
20196,1,0,0.5373731
20197,0,0,0.55722505
20198,0,0,0.5533206
20199,2,0,0.5756224
20200,0,0,0.5690618
20201,1,0,0.57224804
20202,1,0,0.5872593
20203,3,0,0.57298714
20204,2,0,0.5911435
20205,0,0,0.61411977
20206,2,0,0.6091111
20207,0,0,0.61569846
20208,0,0,0.61722
20209,2,0,0.6182452
20210,1,0,0.6075285
20211,1,0,0.5973353
20212,3,0,0.57439244
20213,1,0,0.59119505
20214,3,0,0.5810788
20215,0,0,0.58716595
20216,0,0,0.57740074
20217,2,0,0.5715782
20218,0,0,0.5754638
20219,1,0,0.58267707
20220,3,0,0.6007799
20221,0,0,0.6040489
20222,2,0,0.6213962
20223,0,0,0.61446744
20224,0,0,0.63165796
20225,1,0,0.64329535
20226,3,0,0.64424664
20227,0,0,0.63705665
20228,1,0,0.64155555
20229,0,0,0.6410499
20230,1,0,0.6451986
20231,0,0,0.64929086
20232,1,0,0.62379867
20233,0,0,0.6276411
20234,0,0,0.6178619
20235,0,0,0.614677
20236,1,0,0.6250017
20237,2,0,0.6213861
20238,0,0,0.64768016
20239,1,0,0.6468373
20240,0,0,0.6522278
20241,3,0,0.66063845
20242,2,0,0.68088704
20243,1,0,0.6727239
20244,3,0,0.67491776
20245,0,0,0.68624365
20246,3,0,0.6972862
20247,0,0,0.6991331
20248,0,0,0.69873565
20249,1,0,0.7068863
20250,2,0,0.70291257
20251,1,0,0.7119813
20252,0,0,0.7155257
20253,1,0,0.74058306
20254,0,0,0.7309978
20255,1,0,0.72186446
20256,1,0,0.7061214
20257,1,0,0.7261824
20258,1,0,0.7341444
20259,3,0,0.73145115
20260,0,0,0.7363181
20261,0,0,0.7582691
20262,1,0,0.7872517
20263,0,0,0.79654485
20264,0,0,0.8034297
20265,0,0,0.80222875
20266,3,0,0.83239836
20267,2,0,0.82925695
20268,2,0,0.82042515
20269,3,0,0.8313507
20270,0,0,0.84464663
20271,0,0,0.85428536
20272,2,0,0.8654254
20273,1,0,0.8631522
20274,2,0,0.8675086
20275,3,0,0.88023853
20276,1,0,0.8759442
20277,2,0,0.9053181
20278,0,0,0.91162306
20279,0,0,0.9370712
20280,3,0,0.93720627
20281,0,0,0.9437624
20282,0,0,0.9423148
20283,1,0,0.9493225
20284,0,0,0.98658276
20285,3,0,0.998772
20286,3,0,1.0342209
20287,1,0,1.0603503
20288,1,0,1.0819898
20289,3,0,1.1343201
20290,0,0,1.1773823
20291,2,0,1.21806
20292,1,0,1.2953504
20293,1,0,1.3160131
20294,2,1,0.6401384
20295,1,1,0.63692594
20296,1,1,0.65878433
20297,1,1,0.65329874
20298,3,1,0.6534324
20299,0,1,0.6629795
20300,1,1,0.68219626
20301,0,1,0.69154036
20302,1,1,0.6724153
20303,0,1,0.67364484
20304,1,1,0.6993399
20305,0,1,0.7122142
20306,1,1,0.7125901
20307,1,1,0.69458014
20308,1,1,0.71247345
20309,1,1,0.70154786
20310,1,1,0.7256935
20311,0,1,0.7276431
20312,0,1,0.7092245
20313,1,1,0.7092649
20314,0,1,0.72691995
20315,0,1,0.74242663
20316,3,1,0.7332683
20317,0,1,0.7300121
20318,0,1,0.7356399
20319,1,1,0.7356154
20320,0,1,0.73034936
20321,0,1,0.73579854
20322,1,1,0.7360505
20323,0,1,0.72736245
20324,1,1,0.7155665
20325,1,1,0.7011626
20326,2,1,0.70249856
20327,1,0,0.71176183
20328,0,0,0.77709496
20329,0,0,0.77818036
20330,0,0,0.7643028
20331,0,0,0.7482464
20332,0,0,0.74880457
20333,0,0,0.7636905
20334,1,0,0.76449937
20335,2,0,0.7640287
20336,1,0,0.76287544
20337,0,0,0.7785001
20338,3,0,0.77344215
20339,0,0,0.7855104
20340,1,0,0.78748953
20341,1,0,0.78934246
20342,0,0,0.7793953
20343,1,0,0.7683035
20344,0,0,0.7628705
20345,2,0,0.7554235
20346,3,0,0.7686481
20347,1,0,0.7652861
20348,0,0,0.74608356
20349,1,0,0.748318
20350,0,0,0.7331885
20351,1,0,0.72547203
20352,0,0,0.7271648
20353,1,0,0.7221331
20354,1,0,0.7383709
20355,0,0,0.7537701
20356,2,0,0.7394762
20357,0,0,0.7335483
20358,1,0,0.6608357
20359,1,0,0.640832
20360,1,0,0.6541556
20361,1,0,0.651672
20362,2,0,0.6502687
20363,2,0,0.62761927
20364,3,0,0.6153606
20365,0,0,0.61484337
20366,1,0,0.61262345
20367,3,0,0.6099886
20368,0,0,0.61547107
20369,1,0,0.61003333
20370,0,0,0.5893243
20371,2,0,0.5621761
20372,3,0,0.58756065
20373,2,0,0.602028
20374,1,0,0.58354944
20375,3,0,0.56502414
20376,0,0,0.5553948
20377,3,0,0.5355073
20378,1,0,0.54782414
20379,1,0,0.54089695
20380,0,0,0.55516326
20381,1,0,0.5727092
20382,1,0,0.5632473
20383,0,0,0.572871
20384,3,0,0.5726262
20385,2,0,0.57845706
20386,1,0,0.6021977
20387,0,0,0.60141516
20388,2,0,0.61065364
20389,3,0,0.61415374
20390,2,0,0.62196356
20391,3,0,0.6171333
20392,0,0,0.6207375
20393,3,0,0.623593
20394,1,0,0.5923861
20395,1,0,0.56545126
20396,2,0,0.5291465
20397,2,0,0.5049176
20398,1,0,0.48331314
20399,1,0,0.5038909
20400,1,0,0.5121891
20401,0,0,0.5485261
20402,0,0,0.5295598
20403,3,0,0.5329186
20404,1,0,0.5576259
20405,2,0,0.5798795
20406,2,0,0.58825207
20407,3,0,0.5904746
20408,3,0,0.5741483
20409,0,0,0.5798742
20410,0,0,0.57253826
20411,0,0,0.55944663
20412,2,0,0.5588632
20413,1,0,0.5596842
20414,2,0,0.5498267
20415,0,0,0.5314152
20416,0,0,0.5215059
20417,0,0,0.5359758
20418,1,0,0.5451257
20419,0,0,0.54363114
20420,1,0,0.54742885
20421,2,0,0.5703447
20422,2,0,0.58276355
20423,0,0,0.58723074
20424,0,0,0.5954965
20425,2,0,0.599606
20426,2,0,0.6214063
20427,0,0,0.61989075
20428,0,0,0.62980306
20429,2,0,0.62268007
20430,0,0,0.6287087
20431,1,0,0.6233971
20432,1,0,0.6282937
20433,3,0,0.6241543
20434,1,0,0.6103513
20435,1,0,0.5936338
20436,2,0,0.59724844
20437,3,0,0.607176
20438,2,0,0.6262277
20439,0,0,0.6491966
20440,0,0,0.6502878
20441,3,0,0.66166055
20442,0,0,0.66875744
20443,0,0,0.6850169
20444,0,0,0.7038153
20445,1,0,0.71963334
20446,0,0,0.74149644
20447,0,0,0.7294905
20448,2,0,0.7370485
20449,0,0,0.76774824
20450,1,0,0.78611386
20451,0,0,0.8056645
20452,3,0,0.80375713
20453,0,0,0.814303
20454,0,0,0.8278864
20455,1,0,0.86125404
20456,0,0,0.8541469
20457,0,0,0.8749331
20458,1,0,0.8934687
20459,0,0,0.92036027
20460,0,0,0.96522146
20461,2,0,1.0060526
20462,1,0,1.0322279
20463,0,0,1.0787982
20464,3,0,1.1085992
20465,2,0,1.1525753
20466,0,0,1.1722747
20467,1,0,1.256906
20468,1,0,1.2692776
20469,0,0,1.2591041
20470,0,0,1.306243
20471,1,0,1.3135296
20472,2,1,0.73047715
20473,1,1,0.7437725
20474,0,1,0.74186033
20475,2,1,0.74985194
20476,1,1,0.7434325
20477,0,1,0.7494384
20478,0,1,0.7584235
20479,0,1,0.74071944
20480,2,1,0.7174525
20481,1,1,0.70668
20482,0,1,0.71788985
20483,0,1,0.69470954
20484,0,1,0.67235714
20485,1,1,0.661921
20486,1,1,0.66841114
20487,1,1,0.6458012
20488,1,1,0.64359516
20489,0,1,0.6327855
20490,2,1,0.6473786
20491,1,1,0.654973
20492,0,1,0.66395843
20493,0,1,0.66565007
20494,3,1,0.6628676
20495,0,1,0.64611024
20496,1,0,0.6480929
20497,3,0,0.64723384
20498,3,0,0.6389182
20499,3,0,0.6122327
20500,0,0,0.6046344
20501,2,0,0.605672
20502,2,0,0.5864859
20503,0,0,0.5945076
20504,1,0,0.5999175
20505,2,0,0.61172056
20506,0,0,0.6221564
20507,0,0,0.6191231
20508,1,0,0.5872491
20509,0,0,0.5784915
20510,3,0,0.59111416
20511,1,0,0.6074253
20512,2,0,0.59507924
20513,3,0,0.6550265
20514,2,0,0.6537178
20515,1,0,0.6638915
20516,3,0,0.64408135
20517,0,0,0.64945686
20518,0,0,0.64770955
20519,1,0,0.6534939
20520,1,0,0.6381046
20521,1,0,0.6311415
20522,3,0,0.60902834
20523,2,0,0.5903007
20524,1,0,0.57940686
20525,1,0,0.57787114
20526,2,0,0.58112466
20527,0,0,0.5671359
20528,3,0,0.57796574
20529,0,0,0.5781795
20530,3,0,0.5829905
20531,0,0,0.57555497
20532,3,0,0.57386833
20533,0,0,0.56729937
20534,2,0,0.54592496
20535,0,0,0.5333066
20536,0,0,0.5175353
20537,3,0,0.52418476
20538,0,0,0.51940125
20539,0,0,0.5194342
20540,0,0,0.5001493
20541,0,0,0.48376057
20542,0,0,0.47433597
20543,2,0,0.3981929
20544,0,0,0.43376765
20545,0,0,0.42902613
20546,0,0,0.43809256
20547,0,0,0.43456972
20548,1,0,0.42792866
20549,1,0,0.44342846
20550,0,0,0.44282266
20551,0,0,0.45279738
20552,2,0,0.48413038
20553,0,0,0.47863352
20554,2,0,0.47953337
20555,0,0,0.50533414
20556,3,0,0.52270526
20557,0,0,0.53275555
20558,1,0,0.54133636
20559,2,0,0.54678255
20560,2,0,0.5567168
20561,0,0,0.55841565
20562,3,0,0.5536918
20563,2,0,0.54765487
20564,3,0,0.55159974
20565,1,0,0.5373862
20566,0,0,0.5374
20567,3,0,0.53869945
20568,0,0,0.5525167
20569,1,0,0.56391644
20570,1,0,0.5776128
20571,1,0,0.5841491
20572,1,0,0.61083245
20573,2,0,0.6217295
20574,2,0,0.631967
20575,0,0,0.64776963
20576,2,0,0.64578855
20577,1,0,0.6517047
20578,0,0,0.6564955
20579,3,0,0.6716909
20580,3,0,0.68177265
20581,1,0,0.6884174
20582,3,0,0.69102204
20583,1,0,0.70815724
20584,3,0,0.7099956
20585,0,0,0.7154977
20586,1,0,0.71057
20587,0,0,0.705868
20588,1,0,0.6972544
20589,3,0,0.73092407
20590,0,0,0.74088496
20591,2,0,0.7729946
20592,2,0,0.79451126
20593,3,0,0.79231876
20594,2,0,0.7912578
20595,1,0,0.82054704
20596,0,0,0.8414076
20597,1,0,0.841119
20598,0,0,0.86149526
20599,0,0,0.8590802
20600,3,0,0.87695324
20601,3,0,0.9023292
20602,3,0,0.9176557
20603,0,0,0.9390697
20604,3,0,0.94107044
20605,3,0,0.97063464
20606,1,0,1.0073287
20607,0,0,1.0340664
20608,1,0,1.0635747
20609,2,0,1.0671192
20610,1,0,1.101584
20611,1,0,1.1287898
20612,2,0,1.1338054
20613,0,0,1.1372424
20614,0,0,1.1818485
20615,3,0,1.1751589
20616,0,0,1.2186246
20617,1,0,1.2584627
20618,0,0,1.2771014
20619,2,0,1.3295273
20620,0,1,0.7642701
20621,0,1,0.7555595
20622,0,1,0.7678961
20623,3,1,0.75489026
20624,3,1,0.7583701
20625,3,1,0.7497125
20626,0,1,0.739181
20627,2,1,0.72808546
20628,0,1,0.735896
20629,0,1,0.7199285
20630,1,1,0.70544803
20631,0,1,0.7231112
20632,3,1,0.7226701
20633,2,1,0.7026068
20634,0,1,0.7266209
20635,2,1,0.7379497
20636,1,1,0.7349464
20637,2,1,0.7116335
20638,0,1,0.7158617
20639,1,1,0.727646
20640,0,1,0.7364503
20641,1,1,0.7338667
20642,1,1,0.72273606
20643,0,1,0.7409125
20644,3,1,0.7131484
20645,1,1,0.6807404
20646,1,1,0.67692566
20647,2,1,0.6485556
20648,0,1,0.65145844
20649,3,1,0.6544046
20650,0,1,0.67729276
20651,0,1,0.6741457
20652,3,1,0.6545919
20653,1,1,0.6488812
20654,1,1,0.6717863
20655,2,1,0.66687167
20656,1,1,0.675123
20657,1,1,0.6784345
20658,0,1,0.6755313
20659,0,1,0.6832272
20660,3,1,0.70140827
20661,0,1,0.7023061
20662,1,1,0.75663453
20663,1,1,0.7608031
20664,1,1,0.75261956
20665,0,1,0.7462829
20666,1,1,0.75258654
20667,2,1,0.7564299
20668,1,1,0.7402617
20669,2,1,0.73525554
20670,1,1,0.7205999
20671,0,1,0.7262475
20672,1,1,0.71754694
20673,3,1,0.70477426
20674,0,1,0.7045127
20675,1,1,0.6994698
20676,0,1,0.7179468
20677,3,1,0.7304327
20678,1,1,0.73479515
20679,1,1,0.7345435
20680,3,1,0.7246736
20681,2,1,0.737565
20682,2,1,0.7397116
20683,1,1,0.7570492
20684,0,1,0.74965787
20685,1,1,0.7545226
20686,2,1,0.75524336
20687,0,1,0.75240993
20688,0,1,0.76286006
20689,3,1,0.76624817
20690,3,1,0.7478782
20691,1,1,0.7426933
20692,0,1,0.67334604
20693,1,1,0.67564607
20694,3,0,0.65938747
20695,1,0,0.67204505
20696,1,0,0.6609309
20697,1,0,0.6685702
20698,0,0,0.67025465
20699,0,0,0.65161955
20700,1,0,0.66230816
20701,1,0,0.65767306
20702,0,0,0.6811635
20703,2,0,0.68434006
20704,0,0,0.68860155
20705,2,0,0.69001955
20706,0,0,0.69080406
20707,0,0,0.6656777
20708,2,0,0.66418463
20709,0,0,0.6551228
20710,3,0,0.6543374
20711,1,0,0.6717421
20712,2,0,0.6796607
20713,0,0,0.67279094
20714,1,0,0.6685651
20715,1,0,0.68731004
20716,0,0,0.67588603
20717,3,0,0.6622184
20718,3,0,0.63679206
20719,2,0,0.63394195
20720,0,0,0.66018915
20721,0,0,0.6607099
20722,0,0,0.6731299
20723,0,0,0.6884294
20724,0,0,0.70597374
20725,1,0,0.69451743
20726,0,0,0.7074768
20727,1,0,0.712137
20728,0,0,0.710928
20729,1,0,0.7129687
20730,2,0,0.70075196
20731,1,0,0.6864486
20732,0,0,0.66600853
20733,3,0,0.6754278
20734,1,0,0.68246895
20735,3,0,0.6842013
20736,3,0,0.6629343
20737,0,0,0.72999865
20738,0,0,0.72828764
20739,1,0,0.7104015
20740,1,0,0.721359
20741,0,0,0.70347583
20742,0,0,0.6827447
20743,3,0,0.68472826
20744,3,0,0.6931195
20745,2,0,0.686417
20746,0,0,0.69688773
20747,1,0,0.6791915
20748,1,0,0.697971
20749,3,0,0.69426423
20750,0,0,0.6844687
20751,0,0,0.68349403
20752,1,0,0.68032247
20753,3,0,0.6651873
20754,1,0,0.6636916
20755,3,0,0.6667892
20756,2,0,0.71766406
20757,1,0,0.7098001
20758,0,0,0.7100769
20759,0,0,0.6972407
20760,1,0,0.7068431
20761,2,0,0.7240786
20762,0,0,0.7235422
20763,3,0,0.7264271
20764,0,0,0.72880393
20765,0,0,0.7285319
20766,3,0,0.73990494
20767,0,0,0.67399585
20768,0,0,0.66925573
20769,1,0,0.6899872
20770,0,0,0.7002345
20771,1,0,0.7106645
20772,3,0,0.7134158
20773,2,0,0.6973826
20774,1,0,0.71881866
20775,1,0,0.7202433
20776,0,0,0.70696515
20777,1,0,0.7149088
20778,1,0,0.69149905
20779,0,0,0.694631
20780,1,0,0.69183314
20781,3,0,0.7151096
20782,1,0,0.71574026
20783,2,0,0.70998865
20784,1,0,0.69664055
20785,1,0,0.69958776
20786,0,0,0.63461447
20787,2,0,0.6167603
20788,1,0,0.6338766
20789,0,0,0.6545926
20790,0,0,0.63756806
20791,0,0,0.6395715
20792,3,0,0.64234215
20793,2,0,0.62702364
20794,2,0,0.62795264
20795,0,0,0.6282107
20796,0,0,0.616997
20797,2,0,0.6141278
20798,1,0,0.60504025
20799,1,0,0.59354895
20800,3,0,0.58962756
20801,3,0,0.5893326
20802,1,0,0.58904624
20803,1,0,0.5912374
20804,2,0,0.57139546
20805,1,0,0.56146
20806,0,0,0.56529754
20807,2,0,0.5507352
20808,1,0,0.55460316
20809,0,0,0.5672478
20810,0,0,0.5696159
20811,0,0,0.56949484
20812,0,0,0.5717463
20813,2,0,0.5766913
20814,1,0,0.5618533
20815,1,0,0.5514893
20816,0,0,0.55254084
20817,0,0,0.579419
20818,3,0,0.5704686
20819,2,0,0.5721875
20820,0,0,0.5876378
20821,2,0,0.58922976
20822,2,0,0.5851417
20823,1,0,0.6038793
20824,3,0,0.59080464
20825,0,0,0.5930306
20826,0,0,0.5959819
20827,0,0,0.5928541
20828,3,0,0.5963862
20829,0,0,0.6103649
20830,2,0,0.6218324
20831,0,0,0.60569483
20832,0,0,0.6254448
20833,1,0,0.6385851
20834,1,0,0.64727455
20835,1,0,0.655718
20836,2,0,0.66079897
20837,1,0,0.6694486
20838,0,0,0.6820537
20839,3,0,0.68414176
20840,0,0,0.69655395
20841,3,0,0.67105454
20842,0,0,0.6883344
20843,0,0,0.6852059
20844,0,0,0.7033502
20845,0,0,0.715519
20846,0,0,0.72940916
20847,1,0,0.704787
20848,2,0,0.7032982
20849,0,0,0.6926469
20850,2,0,0.69043034
20851,3,0,0.6823006
20852,1,0,0.6868315
20853,0,0,0.6751654
20854,0,0,0.6833898
20855,3,0,0.6933484
20856,0,0,0.7620872
20857,3,0,0.7716826
20858,1,0,0.7972268
20859,1,0,0.7903361
20860,1,0,0.77826846
20861,3,0,0.7863132
20862,3,0,0.77490276
20863,0,0,0.7801354
20864,1,0,0.7805379
20865,0,0,0.7884077
20866,3,0,0.7987468
20867,3,0,0.8014809
20868,3,0,0.80161405
20869,1,0,0.78902054
20870,0,0,0.79056203
20871,0,0,0.8144635
20872,0,0,0.81996965
20873,1,0,0.8417125
20874,1,0,0.8420131
20875,3,0,0.8506217
20876,2,0,0.85230625
20877,1,0,0.86292976
20878,2,0,0.8725651
20879,0,0,0.88395435
20880,1,0,0.8882606
20881,2,0,0.89548486
20882,1,0,0.92214704
20883,0,0,0.9274661
20884,3,0,0.956997
20885,1,0,0.9794586
20886,0,0,0.9223574
20887,1,0,0.9306232
20888,0,0,0.9274335
20889,2,0,0.9254017
20890,2,0,0.9325159
20891,0,0,0.9430974
20892,0,0,0.9720843
20893,0,0,0.9756274
20894,3,0,0.9915725
20895,0,0,1.0108428
20896,0,0,1.020788
20897,0,0,1.0347404
20898,2,0,1.0420048
20899,3,0,1.053684
20900,0,0,1.0676427
20901,2,0,1.0691906
20902,1,0,1.0570573
20903,0,0,1.0808305
20904,1,0,1.0838227
20905,1,0,1.0812176
20906,2,0,1.1067954
20907,2,0,1.1200994
20908,0,0,1.1633196
20909,1,0,1.2079569
20910,1,0,1.212979
20911,1,0,1.2439646
20912,1,0,1.2560583
20913,2,0,1.2715178
20914,0,0,1.3013815
20915,1,0,1.3367304
20916,1,0,1.359252
20917,0,0,1.3675287
20918,1,0,1.3817022
20919,1,0,1.468043
20920,0,0,1.477391
20921,0,0,1.5051614
20922,3,0,1.587195
20923,3,0,1.6011214
20924,1,0,1.6351584
20925,0,0,1.6367102
20926,0,0,1.6763881
20927,0,0,1.7381201
20928,2,0,1.7950226
20929,3,0,1.851366
20930,0,0,1.8681133
20931,1,0,1.9287574
20932,0,0,1.9819148
20933,3,0,1.973796
20934,0,0,2.0059323
20935,0,1,0.8588836
20936,0,1,0.8457352
20937,0,1,0.83889025
20938,1,1,0.8444674
20939,0,1,0.83607024
20940,1,1,0.8505461
20941,1,1,0.84585506
20942,0,1,0.8596041
20943,2,1,0.85933554
20944,1,1,0.8764712
20945,0,1,0.8872514
20946,0,1,0.87586176
20947,0,1,0.89304453
20948,3,1,0.8721986
20949,3,1,0.85759383
20950,0,1,0.8539948
20951,0,1,0.8398761
20952,1,1,0.8077103
20953,0,1,0.7224965
20954,3,1,0.71902627
20955,0,1,0.7168528
20956,1,1,0.6912574
20957,0,1,0.70075375
20958,1,0,0.73756355
20959,0,0,0.7692523
20960,3,0,0.7672403
20961,1,0,0.8437635
20962,0,0,0.81645197
20963,1,0,0.76769567
20964,1,0,0.75703084
20965,0,0,0.75605255
20966,0,0,0.76028293
20967,3,0,0.755702
20968,0,0,0.76672345
20969,1,0,0.7731036
20970,3,0,0.7544234
20971,1,0,0.7733511
20972,0,0,0.79040736
20973,1,0,0.8095274
20974,1,0,0.81534046
20975,0,0,0.8188449
20976,3,0,0.7962723
20977,1,0,0.7769011
20978,3,0,0.7737512
20979,2,0,0.761919
20980,1,0,0.7520487
20981,1,0,0.7574232
20982,1,0,0.76371235
20983,3,0,0.7604724
20984,0,0,0.7396675
20985,2,0,0.7377061
20986,0,0,0.7263803
20987,0,0,0.7305412
20988,0,0,0.70166963
20989,1,0,0.68229043
20990,2,0,0.6660914
20991,3,0,0.6122447
20992,0,0,0.6183641
20993,2,0,0.5974074
20994,0,0,0.6056229
20995,0,0,0.6128321
20996,2,0,0.60882485
20997,0,0,0.58999306
20998,0,0,0.56094825
20999,1,0,0.58985716
21000,0,0,0.60056937
21001,0,0,0.5730995
21002,1,0,0.54073125
21003,0,0,0.5169892
21004,0,0,0.5289018
21005,0,0,0.52166975
21006,2,0,0.5225638
21007,3,0,0.5555017
21008,1,0,0.55572677
21009,0,0,0.5537418
21010,1,0,0.5574194
21011,0,0,0.5513652
21012,3,0,0.53917867
21013,1,0,0.547717
21014,2,0,0.55026335
21015,0,0,0.54243004
21016,0,0,0.5779832
21017,3,0,0.5760014
21018,0,0,0.59214616
21019,0,0,0.6057285
21020,0,0,0.60487276
21021,1,0,0.57675236
21022,3,0,0.56670123
21023,0,0,0.57890606
21024,0,0,0.56018776
21025,3,0,0.57094884
21026,3,0,0.57399446
21027,1,0,0.5898495
21028,0,0,0.615402
21029,2,0,0.6074598
21030,0,0,0.61196524
21031,0,0,0.6175965
21032,1,0,0.6158036
21033,1,0,0.6175138
21034,0,0,0.6061755
21035,3,0,0.61861086
21036,2,0,0.6322768
21037,1,0,0.61523426
21038,2,0,0.6144897
21039,1,0,0.61045825
21040,0,0,0.623908
21041,1,0,0.6259134
21042,0,0,0.6509319
21043,0,0,0.6588816
21044,1,0,0.6639975
21045,0,0,0.6687142
21046,2,0,0.6530071
21047,0,0,0.6378662
21048,0,0,0.6384836
21049,1,0,0.63918203
21050,0,0,0.6535625
21051,2,0,0.68600035
21052,3,0,0.6834757
21053,3,0,0.68331784
21054,1,0,0.69578284
21055,2,0,0.7028305
21056,1,0,0.6987839
21057,0,0,0.7009576
21058,2,0,0.6894023
21059,3,0,0.7084185
21060,2,0,0.71062815
21061,2,0,0.72879183
21062,1,0,0.7496903
21063,0,0,0.7706595
21064,0,0,0.8157719
21065,1,0,0.85222214
21066,0,0,0.85431415
21067,1,0,0.93229806
21068,3,0,0.9694654
21069,1,0,1.0275339
21070,0,0,1.0399586
21071,1,0,1.1088247
21072,0,0,1.161241
21073,1,0,1.2077857
21074,0,0,1.2335091
21075,1,0,1.2967076
21076,1,0,1.3767053
21077,1,0,1.3972867
21078,0,0,1.5021769
21079,0,0,1.5399772
21080,0,1,0.6769659
21081,1,1,0.67144656
21082,2,1,0.67295235
21083,0,1,0.6755835
21084,3,1,0.6694187
21085,1,1,0.6683563
21086,1,1,0.6698392
21087,3,1,0.66729504
21088,2,1,0.66470736
21089,2,0,0.68185425
21090,0,0,0.65435106
21091,1,0,0.66169393
21092,3,0,0.6688397
21093,1,0,0.66866535
21094,0,0,0.65219754
21095,1,0,0.66850865
21096,1,0,0.6702711
21097,1,0,0.6597793
21098,3,0,0.67263657
21099,0,0,0.6760118
21100,1,0,0.6914909
21101,0,0,0.6929046
21102,0,0,0.69814926
21103,0,0,0.707869
21104,0,0,0.7216405
21105,1,0,0.71983653
21106,0,0,0.70275646
21107,1,0,0.70335037
21108,1,0,0.718986
21109,0,0,0.7003672
21110,0,0,0.68424565
21111,2,0,0.66524404
21112,0,0,0.668552
21113,3,0,0.6561274
21114,1,0,0.6760605
21115,1,0,0.6836696
21116,0,0,0.6774086
21117,3,0,0.6893769
21118,2,0,0.69459105
21119,3,0,0.702957
21120,3,0,0.7213824
21121,1,0,0.72641784
21122,2,0,0.7092858
21123,3,0,0.7127278
21124,0,0,0.71212333
21125,3,0,0.7027243
21126,1,0,0.7090623
21127,0,0,0.7092977
21128,1,0,0.72259575
21129,2,0,0.72315854
21130,0,0,0.7317821
21131,1,0,0.7326745
21132,0,0,0.71435
21133,0,0,0.7266168
21134,1,0,0.7242432
21135,1,0,0.7313156
21136,2,0,0.7472844
21137,0,0,0.7552277
21138,1,0,0.76237524
21139,0,0,0.79347694
21140,0,0,0.8052362
21141,0,0,0.81584686
21142,0,0,0.8099176
21143,3,0,0.8224309
21144,0,0,0.83082217
21145,1,0,0.83934295
21146,2,0,0.84234834
21147,1,0,0.8429758
21148,2,0,0.8439092
21149,2,0,0.84150827
21150,1,0,0.8518568
21151,1,0,0.852735
21152,1,0,0.8696013
21153,3,0,0.86445147
21154,0,0,0.86482465
21155,0,0,0.87539876
21156,0,0,0.8872956
21157,1,0,0.891591
21158,0,0,0.8950872
21159,1,0,0.93013906
21160,3,0,0.9237328
21161,1,0,0.9231636
21162,2,0,0.9415613
21163,3,0,0.95140886
21164,0,0,0.9665839
21165,2,0,1.0084019
21166,1,0,1.0206487
21167,1,0,1.0439626
21168,1,0,1.0702657
21169,0,0,1.1159923
21170,1,0,1.1383636
21171,2,0,1.1501426
21172,0,0,1.1715264
21173,0,0,1.1746482
21174,1,0,1.1989065
21175,1,0,1.2526896
21176,1,0,1.3035291
21177,2,0,1.3584964
21178,1,0,1.4139422
21179,3,0,1.4475026
21180,0,1,0.60412705
21181,1,1,0.6292526
21182,3,1,0.63053286
21183,0,1,0.61130255
21184,3,1,0.62520444
21185,1,1,0.6051573
21186,0,1,0.5929201
21187,1,1,0.5971864
21188,3,1,0.585367
21189,2,1,0.5845551
21190,2,1,0.5979349
21191,3,1,0.61406803
21192,0,1,0.63353956
21193,1,1,0.63831186
21194,0,1,0.6215761
21195,1,1,0.6247802
21196,0,1,0.6205867
21197,2,1,0.6149173
21198,1,1,0.6171843
21199,0,1,0.6211916
21200,3,1,0.632348
21201,0,1,0.6379869
21202,3,1,0.645389
21203,1,1,0.6435585
21204,1,1,0.63607013
21205,1,1,0.6282289
21206,0,1,0.6234384
21207,0,1,0.6169203
21208,0,1,0.6248063
21209,2,1,0.6220425
21210,3,1,0.6270502
21211,2,1,0.62414616
21212,1,1,0.6434641
21213,0,1,0.6465813
21214,1,0,0.64993894
21215,0,0,0.64964616
21216,1,0,0.65456444
21217,1,0,0.6342467
21218,2,0,0.633102
21219,2,0,0.6376614
21220,0,0,0.64161956
21221,0,0,0.63279915
21222,1,0,0.6262043
21223,1,0,0.60434425
21224,0,0,0.60877097
21225,0,0,0.62279487
21226,1,0,0.6478992
21227,3,0,0.6400963
21228,0,0,0.6265081
21229,3,0,0.63076675
21230,3,0,0.61620086
21231,3,0,0.5810625
21232,2,0,0.5634193
21233,1,0,0.57251817
21234,1,0,0.58963186
21235,3,0,0.5895538
21236,1,0,0.5885452
21237,3,0,0.57445014
21238,0,0,0.5504152
21239,1,0,0.52488095
21240,1,0,0.55069965
21241,0,0,0.52945924
21242,0,0,0.50991696
21243,1,0,0.5143172
21244,3,0,0.5203561
21245,2,0,0.54860055
21246,1,0,0.54879206
21247,0,0,0.5558548
21248,2,0,0.57162535
21249,3,0,0.57082933
21250,0,0,0.561765
21251,0,0,0.5637306
21252,2,0,0.55406874
21253,3,0,0.556063
21254,0,0,0.5839791
21255,0,0,0.570661
21256,3,0,0.5478809
21257,1,0,0.55490285
21258,1,0,0.58085376
21259,1,0,0.57140183
21260,1,0,0.57434464
21261,1,0,0.57285565
21262,1,0,0.56688666
21263,1,0,0.54251146
21264,0,0,0.5586467
21265,3,0,0.5898318
21266,0,0,0.5832606
21267,0,0,0.5857134
21268,0,0,0.58276516
21269,0,0,0.6154836
21270,2,0,0.61938775
21271,3,0,0.6168356
21272,0,0,0.6442704
21273,0,0,0.64597446
21274,1,0,0.63166994
21275,3,0,0.6332266
21276,1,0,0.6166497
21277,0,0,0.61490643
21278,0,0,0.5973447
21279,1,0,0.60177
21280,3,0,0.6029044
21281,3,0,0.62553626
21282,0,0,0.64368623
21283,0,0,0.6621084
21284,0,0,0.65403867
21285,2,0,0.64691216
21286,1,0,0.667179
21287,0,0,0.65837955
21288,0,0,0.6298651
21289,1,0,0.6385779
21290,2,0,0.62327147
21291,1,0,0.6304542
21292,2,0,0.6200037
21293,1,0,0.6214245
21294,0,0,0.61132914
21295,0,0,0.5999227
21296,1,0,0.6219896
21297,1,0,0.63943577
21298,0,0,0.63482934
21299,2,0,0.62383425
21300,1,0,0.6265032
21301,2,0,0.6431969
21302,3,0,0.64468426
21303,0,0,0.6328134
21304,3,0,0.64628017
21305,3,0,0.6308742
21306,0,0,0.63295627
21307,0,0,0.6188824
21308,3,0,0.6164375
21309,0,0,0.61205655
21310,1,0,0.62918645
21311,1,0,0.62053764
21312,3,0,0.62628835
21313,1,0,0.622783
21314,0,0,0.62007225
21315,2,0,0.63802683
21316,1,0,0.63489723
21317,0,0,0.65500355
21318,1,0,0.6743562
21319,3,0,0.6685616
21320,2,0,0.6825899
21321,0,0,0.6976053
21322,3,0,0.7230523
21323,1,0,0.7434418
21324,0,0,0.75969094
21325,0,0,0.7803833
21326,1,0,0.77353215
21327,0,0,0.79328287
21328,2,0,0.8119353
21329,0,0,0.8125832
21330,0,0,0.79387116
21331,0,0,0.8087964
21332,1,0,0.8480347
21333,1,0,0.8619527
21334,2,0,0.8585724
21335,0,0,0.88397944
21336,1,0,0.91729766
21337,2,0,0.9524398
21338,0,0,0.9712572
21339,0,0,0.98095953
21340,0,0,1.0273073
21341,3,0,1.0310937
21342,1,0,1.040895
21343,0,0,1.061594
21344,2,0,1.1006348
21345,1,0,1.1212664
21346,3,0,1.1625072
21347,1,0,1.1889931
21348,0,0,1.2105336
21349,1,0,1.2154247
21350,0,0,1.22916
21351,0,0,1.2504328
21352,1,0,1.2517366
21353,1,0,1.2566785
21354,3,0,1.2814237
21355,0,0,1.2728512
21356,0,0,1.2966362
21357,0,0,1.3199499
21358,2,0,1.3840394
21359,1,0,1.4149239
21360,2,0,1.433032
21361,1,1,0.82650787
21362,0,1,0.8367447
21363,0,1,0.86096716
21364,0,1,0.85263234
21365,1,1,0.8674408
21366,3,1,0.8089105
21367,3,1,0.78756315
21368,2,1,0.7783127
21369,0,1,0.7619953
21370,0,1,0.73909426
21371,0,1,0.7501009
21372,1,1,0.75272757
21373,3,1,0.77552015
21374,3,1,0.7658056
21375,0,1,0.7709518
21376,1,1,0.7730557
21377,0,1,0.77114224
21378,3,1,0.7761944
21379,1,1,0.78077924
21380,1,1,0.753956
21381,3,1,0.7399426
21382,1,1,0.73405933
21383,0,1,0.7380422
21384,0,1,0.74288213
21385,0,1,0.73518795
21386,0,1,0.7362226
21387,0,0,0.72525585
21388,3,0,0.72016364
21389,3,0,0.72681284
21390,0,0,0.71891904
21391,2,0,0.71615875
21392,2,0,0.71059895
21393,0,0,0.6802701
21394,3,0,0.6838101
21395,0,0,0.68448895
21396,1,0,0.6661503
21397,1,0,0.668708
21398,3,0,0.6610366
21399,1,0,0.6577483
21400,3,0,0.6744277
21401,1,0,0.6437122
21402,0,0,0.6532451
21403,1,0,0.6524055
21404,3,0,0.66468364
21405,3,0,0.66214246
21406,0,0,0.6613473
21407,2,0,0.66870546
21408,1,0,0.6646417
21409,1,0,0.6714158
21410,0,0,0.66693777
21411,2,0,0.67443204
21412,0,0,0.6743851
21413,3,0,0.67886806
21414,0,0,0.68307203
21415,2,0,0.67996794
21416,1,0,0.6981612
21417,1,0,0.69152236
21418,1,0,0.6873902
21419,0,0,0.68420625
21420,0,0,0.68555474
21421,0,0,0.6821246
21422,2,0,0.683376
21423,1,0,0.68938935
21424,2,0,0.68283284
21425,1,0,0.6717334
21426,0,0,0.6859969
21427,0,0,0.69487596
21428,1,0,0.69269013
21429,1,0,0.6798574
21430,0,0,0.6719734
21431,0,0,0.6955344
21432,0,0,0.6749805
21433,1,0,0.6716501
21434,0,0,0.6784068
21435,2,0,0.6914902
21436,0,0,0.70821446
21437,0,0,0.6942852
21438,2,0,0.70647913
21439,3,0,0.71069884
21440,0,0,0.7235213
21441,1,0,0.7297816
21442,2,0,0.7108194
21443,2,0,0.7072983
21444,2,0,0.68928194
21445,0,0,0.67238843
21446,2,0,0.6543306
21447,1,0,0.6585022
21448,0,0,0.653562
21449,0,0,0.6556568
21450,1,0,0.66697615
21451,1,0,0.6660613
21452,1,0,0.65426403
21453,0,0,0.6521152
21454,1,0,0.6450027
21455,0,0,0.6392257
21456,3,0,0.6341966
21457,0,0,0.623213
21458,2,0,0.63353133
21459,3,0,0.65589046
21460,0,0,0.6484983
21461,1,0,0.63056004
21462,2,0,0.6565844
21463,1,0,0.6465361
21464,1,0,0.6266443
21465,2,0,0.61236817
21466,3,0,0.6170974
21467,2,0,0.6052209
21468,0,0,0.5933601
21469,3,0,0.5779834
21470,0,0,0.57774186
21471,0,0,0.55667233
21472,1,0,0.56993765
21473,1,0,0.56483036
21474,0,0,0.5686941
21475,0,0,0.58290994
21476,0,0,0.5986167
21477,0,0,0.59573156
21478,0,0,0.601705
21479,0,0,0.58606356
21480,1,0,0.5745057
21481,0,0,0.5835319
21482,3,0,0.6097228
21483,0,0,0.6429784
21484,1,0,0.6510045
21485,2,0,0.6678911
21486,1,0,0.6621945
21487,1,0,0.6715731
21488,3,0,0.6715811
21489,1,0,0.66368395
21490,1,0,0.67306185
21491,1,0,0.67924386
21492,0,0,0.67574877
21493,3,0,0.6940389
21494,0,0,0.7170745
21495,2,0,0.7328068
21496,1,0,0.7346444
21497,3,0,0.75038207
21498,0,0,0.76524144
21499,1,0,0.78718865
21500,0,0,0.81066936
21501,0,0,0.85796887
21502,3,0,0.86968356
21503,2,0,0.86845607
21504,0,0,0.89048964
21505,0,0,0.90421927
21506,1,0,0.92545825
21507,0,0,0.92782515
21508,1,0,0.94792336
21509,1,0,0.9806773
21510,1,0,1.011752
21511,1,0,1.0810612
21512,1,0,1.0873871
21513,2,0,1.0925679
21514,2,0,1.1365907
21515,2,0,1.1877334
21516,1,0,1.1972263
21517,2,1,0.72492397
21518,1,1,0.7320385
21519,1,1,0.7243426
21520,2,1,0.70210475
21521,2,1,0.702394
21522,0,1,0.6940952
21523,0,1,0.69395286
21524,0,1,0.6999808
21525,0,1,0.67702585
21526,0,1,0.67766297
21527,1,1,0.7454282
21528,0,1,0.7578335
21529,1,1,0.7599819
21530,0,1,0.76437974
21531,1,1,0.769606
21532,1,1,0.7823062
21533,1,1,0.7920618
21534,3,1,0.78038496
21535,1,1,0.77248555
21536,0,1,0.7777632
21537,2,1,0.77519256
21538,0,1,0.78379387
21539,2,1,0.7730957
21540,1,1,0.85158885
21541,0,1,0.85045445
21542,1,1,0.86082083
21543,1,1,0.84463656
21544,1,1,0.84719104
21545,3,1,0.8547289
21546,1,1,0.85592663
21547,1,1,0.83734596
21548,0,1,0.8196007
21549,0,1,0.81272584
21550,2,1,0.8756965
21551,0,1,0.86949354
21552,1,1,0.8834245
21553,1,1,0.8839796
21554,0,1,0.8702983
21555,0,0,0.9017453
21556,1,0,0.88896036
21557,0,0,0.8256432
21558,3,0,0.8117565
21559,0,0,0.79602504
21560,2,0,0.78359663
21561,2,0,0.76424706
21562,2,0,0.7396257
21563,0,0,0.74487823
21564,0,0,0.7723069
21565,0,0,0.7733112
21566,1,0,0.77827257
21567,0,0,0.77791345
21568,1,0,0.7741456
21569,0,0,0.7672537
21570,0,0,0.6772601
21571,1,0,0.68234533
21572,2,0,0.6909703
21573,2,0,0.72129923
21574,1,0,0.79288435
21575,0,0,0.7928154
21576,0,0,0.79640687
21577,1,0,0.811645
21578,1,0,0.8144031
21579,0,0,0.8200182
21580,0,0,0.7709253
21581,0,0,0.7943093
21582,1,0,0.7881292
21583,3,0,0.8068413
21584,0,0,0.808939
21585,3,0,0.84809434
21586,1,0,0.86978644
21587,1,0,0.8535093
21588,0,0,0.86146134
21589,1,0,0.8710242
21590,1,0,0.8546679
21591,2,0,0.85293084
21592,0,0,0.83874434
21593,2,0,0.8400973
21594,0,0,0.82910526
21595,1,0,0.84143716
21596,1,0,0.8414418
21597,1,0,0.8544874
21598,3,0,0.84992105
21599,0,0,0.86069953
21600,0,0,0.85208887
21601,2,0,0.8564074
21602,1,0,0.8590204
21603,1,0,0.8585483
21604,2,0,0.79135996
21605,3,0,0.7771626
21606,3,0,0.7842731
21607,1,0,0.7774068
21608,0,0,0.79842645
21609,0,0,0.80704015
21610,2,0,0.8033516
21611,0,0,0.78154045
21612,0,0,0.76495165
21613,2,0,0.7649368
21614,3,0,0.7569676
21615,1,0,0.700309
21616,1,0,0.7411734
21617,1,0,0.75183696
21618,0,0,0.7406192
21619,3,0,0.7278269
21620,1,0,0.7414452
21621,0,0,0.7462524
21622,0,0,0.76216024
21623,1,0,0.7541421
21624,0,0,0.76875216
21625,3,0,0.7706468
21626,3,0,0.77081054
21627,2,0,0.76627445
21628,2,0,0.7759226
21629,1,0,0.75147307
21630,0,0,0.7662926
21631,0,0,0.76688844
21632,0,0,0.7700234
21633,0,0,0.7742048
21634,1,0,0.7722412
21635,0,0,0.77172995
21636,1,0,0.75887394
21637,0,0,0.77685004
21638,1,0,0.7663904
21639,0,0,0.74855417
21640,1,0,0.74199796
21641,1,0,0.749187
21642,1,0,0.747661
21643,3,0,0.7330432
21644,0,0,0.7410338
21645,1,0,0.7404323
21646,0,0,0.6802874
21647,0,0,0.67631614
21648,0,0,0.694056
21649,3,0,0.6964275
21650,2,0,0.6965051
21651,1,0,0.713018
21652,0,0,0.7043428
21653,2,0,0.73260355
21654,1,0,0.7374224
21655,0,0,0.72436434
21656,3,0,0.7354938
21657,2,0,0.7413432
21658,0,0,0.7500976
21659,1,0,0.7631072
21660,2,0,0.7508083
21661,0,0,0.7381924
21662,1,0,0.72627765
21663,3,0,0.7136241
21664,1,0,0.7405354
21665,1,0,0.748631
21666,0,0,0.7660079
21667,0,0,0.76806974
21668,0,0,0.78766334
21669,0,0,0.8042246
21670,0,0,0.79602975
21671,1,0,0.8054154
21672,1,0,0.82692355
21673,0,0,0.86120605
21674,0,0,0.88292253
21675,2,0,0.8857848
21676,0,0,0.8954399
21677,0,0,0.9156209
21678,0,0,0.92278624
21679,0,0,0.95443714
21680,1,0,0.9818062
21681,1,0,1.0226241
21682,1,0,1.0383582
21683,0,0,1.0325863
21684,2,0,1.0338176
21685,1,0,1.0561678
21686,1,0,1.0516256
21687,0,0,1.0580617
21688,3,0,1.0875002
21689,0,0,1.13373
21690,3,0,1.1507581
21691,1,0,1.1721406
21692,3,0,1.1892221
21693,0,0,1.2252582
21694,0,0,1.2234005
21695,3,0,1.2716233
21696,0,0,1.2847977
21697,1,0,1.3025539
21698,2,0,1.3562715
21699,2,0,1.428034
21700,0,0,1.4817275
21701,1,0,1.5409716
21702,3,0,1.5513829
21703,3,0,1.6323292
21704,1,0,1.660519
21705,0,0,1.7654183
21706,1,0,1.7718261
21707,2,0,1.8798288
21708,1,0,1.9671767
21709,3,0,2.0113404
21710,1,0,2.0822449
21711,0,0,2.1160562
21712,0,0,2.2082875
21713,2,0,2.2402577
21714,0,1,0.84316486
21715,1,1,0.8402375
21716,0,1,0.83189523
21717,1,1,0.8469641
21718,0,1,0.84803706
21719,0,1,0.84557885
21720,2,1,0.8619826
21721,0,1,0.8519219
21722,0,1,0.8549637
21723,2,1,0.84456795
21724,0,1,0.83738375
21725,3,1,0.83389914
21726,1,1,0.8980933
21727,0,1,0.8374824
21728,0,1,0.82649255
21729,0,1,0.8314702
21730,0,1,0.8326405
21731,0,1,0.81185013
21732,1,1,0.8171249
21733,0,1,0.8224803
21734,1,1,0.82345563
21735,3,1,0.84217966
21736,3,1,0.8244511
21737,0,1,0.8386068
21738,0,1,0.846096
21739,2,1,0.85044926
21740,0,1,0.8228794
21741,1,1,0.81836957
21742,3,1,0.8285936
21743,1,1,0.8224021
21744,0,1,0.8043986
21745,0,1,0.80126554
21746,1,1,0.80902326
21747,1,1,0.7947852
21748,2,1,0.7919645
21749,0,1,0.79589725
21750,3,1,0.8018769
21751,1,1,0.7950741
21752,2,1,0.8160453
21753,0,1,0.80119807
21754,2,1,0.80913025
21755,3,1,0.8695231
21756,0,1,0.806611
21757,1,1,0.8063448
21758,0,1,0.8087356
21759,0,1,0.7984836
21760,1,1,0.80532265
21761,0,1,0.81362045
21762,1,1,0.81724507
21763,2,1,0.8196563
21764,1,1,0.8297901
21765,2,0,0.8223686
21766,0,0,0.8374806
21767,3,0,0.8195546
21768,1,0,0.8282152
21769,0,0,0.84299546
21770,0,0,0.84469557
21771,0,0,0.84098095
21772,1,0,0.8255169
21773,0,0,0.8217728
21774,1,0,0.81996363
21775,1,0,0.84117705
21776,1,0,0.84094256
21777,1,0,0.8311091
21778,1,0,0.81829834
21779,1,0,0.82508767
21780,0,0,0.8272713
21781,2,0,0.8454334
21782,0,0,0.83453786
21783,1,0,0.8378931
21784,3,0,0.84542274
21785,2,0,0.7789795
21786,0,0,0.7842753
21787,1,0,0.78469086
21788,3,0,0.7888404
21789,0,0,0.80145305
21790,2,0,0.79704475
21791,3,0,0.79034543
21792,2,0,0.7839915
21793,0,0,0.772906
21794,0,0,0.7570194
21795,3,0,0.73966795
21796,1,0,0.742949
21797,2,0,0.75405854
21798,0,0,0.73551047
21799,2,0,0.74512416
21800,1,0,0.7543527
21801,0,0,0.75726825
21802,1,0,0.7629013
21803,1,0,0.75982666
21804,1,0,0.7602657
21805,0,0,0.7415977
21806,0,0,0.73444194
21807,0,0,0.8041741
21808,3,0,0.81401694
21809,2,0,0.810956
21810,1,0,0.806661
21811,3,0,0.8441052
21812,3,0,0.8461807
21813,0,0,0.8507208
21814,1,0,0.84145576
21815,0,0,0.8431863
21816,2,0,0.8485938
21817,3,0,0.8437782
21818,2,0,0.84304005
21819,0,0,0.8318876
21820,0,0,0.8297457
21821,0,0,0.8335139
21822,1,0,0.8308671
21823,1,0,0.8335399
21824,1,0,0.8309682
21825,0,0,0.85179657
21826,1,0,0.8454649
21827,1,0,0.8538368
21828,1,0,0.860888
21829,0,0,0.8305879
21830,0,0,0.81912416
21831,0,0,0.836997
21832,1,0,0.85051805
21833,0,0,0.84924275
21834,1,0,0.8630173
21835,0,0,0.8717174
21836,2,0,0.8732672
21837,3,0,0.813939
21838,3,0,0.8070556
21839,1,0,0.8187999
21840,3,0,0.80987394
21841,1,0,0.7700336
21842,2,0,0.7514219
21843,2,0,0.7462204
21844,3,0,0.74621594
21845,0,0,0.7477146
21846,0,0,0.7221934
21847,0,0,0.7232344
21848,0,0,0.7254661
21849,1,0,0.74339986
21850,0,0,0.7345722
21851,1,0,0.78692895
21852,0,0,0.79527766
21853,0,0,0.8067497
21854,2,0,0.8283025
21855,1,0,0.810528
21856,3,0,0.81927294
21857,0,0,0.80874
21858,1,0,0.81500864
21859,2,0,0.8250864
21860,2,0,0.8361765
21861,3,0,0.82026684
21862,1,0,0.86313397
21863,1,0,0.8780816
21864,2,0,0.8764487
21865,0,0,0.8845804
21866,1,0,0.9058653
21867,1,0,0.9010676
21868,1,0,0.91870874
21869,3,0,0.9086129
21870,1,0,0.90527713
21871,3,0,0.9027615
21872,1,0,0.9144048
21873,0,0,0.93684566
21874,3,0,0.93606925
21875,3,0,0.94678265
21876,0,0,0.96457
21877,1,0,0.9701871
21878,0,0,0.97146344
21879,0,0,0.9557466
21880,0,0,0.97020304
21881,0,0,0.92143726
21882,0,0,0.92364055
21883,1,0,0.92610466
21884,2,0,0.9278611
21885,0,0,0.9560551
21886,0,0,0.96005106
21887,0,0,0.9746023
21888,1,0,0.9723247
21889,1,0,0.9875355
21890,1,0,0.9887765
21891,2,0,1.0219305
21892,0,0,0.97062516
21893,3,0,0.9738787
21894,1,0,0.96796626
21895,2,0,0.9649441
21896,1,0,0.9652408
21897,0,0,0.980468
21898,0,0,0.9721878
21899,2,0,0.9790208
21900,1,0,1.0084368
21901,1,0,1.0289686
21902,2,0,1.0455896
21903,2,0,1.0450282
21904,0,0,1.0554967
21905,0,0,1.0692767
21906,1,0,1.076728
21907,0,0,1.0937302
21908,3,0,1.1083542
21909,0,0,1.1830742
21910,2,0,1.1967822
21911,3,0,1.2216592
21912,1,0,1.3016042
21913,1,0,1.3459122
21914,0,0,1.3680443
21915,3,0,1.3757771
21916,1,0,1.3909953
21917,0,0,1.3958619
21918,2,0,1.4424194
21919,0,0,1.4508785
21920,1,0,1.523462
21921,0,0,1.5172567
21922,1,0,1.5759035
21923,0,0,1.5957536
21924,0,0,1.6083615
21925,0,0,1.6463729
21926,0,0,1.7125579
21927,0,0,1.7571702
21928,1,0,1.8222408
21929,1,0,1.836361
21930,0,0,1.9014533
21931,1,0,1.9106262
21932,2,0,2.0172243
21933,1,0,2.126836
21934,0,0,2.13699
21935,1,0,2.2667835
21936,2,0,2.3579214
21937,1,0,2.3734758
21938,1,0,2.5012343
21939,0,0,2.5546424
21940,0,0,2.6753192
21941,0,0,2.6961646
21942,0,0,2.7271364
21943,1,0,2.7966225
21944,3,0,2.9194686
21945,1,0,3.0469103
21946,3,0,3.0622563
21947,3,0,3.1847253
21948,1,0,3.262753
21949,2,0,3.4690518
21950,0,0,3.6077304
21951,1,0,3.7578535
21952,3,1,0.6894068
21953,2,1,0.659426
21954,0,1,0.63797647
21955,0,1,0.66718316
21956,3,1,0.64453024
21957,0,1,0.6391207
21958,0,1,0.63820934
21959,0,1,0.70229155
21960,1,1,0.7076967
21961,3,1,0.69999653
21962,0,1,0.67409486
21963,3,1,0.70049053
21964,0,1,0.7050763
21965,2,1,0.7012362
21966,1,1,0.7251736
21967,0,1,0.7217212
21968,0,1,0.713103
21969,0,1,0.720301
21970,0,1,0.6932727
21971,3,1,0.69911534
21972,3,1,0.6948868
21973,0,0,0.6938647
21974,2,0,0.6627642
21975,0,0,0.6823469
21976,0,0,0.6624313
21977,1,0,0.6653489
21978,1,0,0.65133864
21979,3,0,0.654156
21980,0,0,0.65499955
21981,3,0,0.6555066
21982,2,0,0.64423513
21983,2,0,0.65087193
21984,0,0,0.6790514
21985,1,0,0.734701
21986,1,0,0.73684555
21987,2,0,0.73626417
21988,3,0,0.7532116
21989,1,0,0.68157387
21990,2,0,0.67264843
21991,1,0,0.6660734
21992,1,0,0.65165997
21993,1,0,0.6223031
21994,0,0,0.6054792
21995,0,0,0.587418
21996,0,0,0.57231903
21997,1,0,0.5530443
21998,0,0,0.55687684
21999,0,0,0.59091985
22000,0,0,0.6011282
22001,0,0,0.60333085
22002,1,0,0.59239435
22003,1,0,0.5933815
22004,0,0,0.59277046
22005,0,0,0.57323307
22006,3,0,0.60582644
22007,2,0,0.5950576
22008,1,0,0.5861259
22009,0,0,0.57722336
22010,2,0,0.5814664
22011,2,0,0.6109992
22012,1,0,0.639134
22013,1,0,0.62332785
22014,1,0,0.59463596
22015,2,0,0.5245308
22016,0,0,0.5158708
22017,1,0,0.505318
22018,1,0,0.49467838
22019,0,0,0.48456648
22020,1,0,0.51821244
22021,2,0,0.5255234
22022,0,0,0.52612233
22023,2,0,0.5280411
22024,0,0,0.5475555
22025,1,0,0.5796457
22026,1,0,0.5735795
22027,3,0,0.5721485
22028,0,0,0.58111936
22029,1,0,0.5870453
22030,3,0,0.5699932
22031,0,0,0.5823435
22032,1,0,0.58238673
22033,0,0,0.5721843
22034,1,0,0.5582034
22035,1,0,0.5518283
22036,3,0,0.53775597
22037,3,0,0.5396063
22038,1,0,0.544667
22039,1,0,0.54194707
22040,2,0,0.5394608
22041,3,0,0.5214899
22042,1,0,0.5098195
22043,1,0,0.5089358
22044,2,0,0.4999649
22045,1,0,0.47915092
22046,0,0,0.49853018
22047,0,0,0.4915116
22048,0,0,0.4927127
22049,2,0,0.4957602
22050,0,0,0.50113994
22051,2,0,0.49209395
22052,0,0,0.5119547
22053,3,0,0.5174125
22054,2,0,0.51257926
22055,2,0,0.49973702
22056,2,0,0.50028604
22057,2,0,0.511325
22058,3,0,0.4962333
22059,3,0,0.4861177
22060,0,0,0.5213755
22061,3,0,0.5331333
22062,1,0,0.5377032
22063,0,0,0.55256695
22064,1,0,0.5659471
22065,0,0,0.58787876
22066,1,0,0.59956247
22067,0,0,0.6125526
22068,1,0,0.64256245
22069,0,0,0.651254
22070,0,0,0.66774714
22071,2,0,0.69979304
22072,0,0,0.70736784
22073,3,0,0.7221742
22074,1,0,0.74749714
22075,1,0,0.78690857
22076,2,0,0.79797596
22077,1,0,0.8389937
22078,3,0,0.8389351
22079,1,0,0.877592
22080,2,0,0.89130443
22081,3,0,0.9071956
22082,0,0,0.9319557
22083,2,0,0.9581139
22084,1,0,0.9872085
22085,0,0,1.0146357
22086,0,0,1.0942026
22087,0,0,1.1177247
22088,0,0,1.2035563
22089,0,0,1.290372
22090,0,0,1.3021729
22091,1,1,0.76485187
22092,1,1,0.77456415
22093,1,1,0.75474745
22094,2,1,0.68032867
22095,1,1,0.68920934
22096,0,1,0.7053037
22097,3,1,0.68475926
22098,0,1,0.6744898
22099,0,1,0.66617274
22100,0,1,0.6715878
22101,1,1,0.6715786
22102,0,1,0.6741491
22103,0,1,0.67617965
22104,3,1,0.6781338
22105,3,1,0.66185194
22106,1,1,0.65049845
22107,0,1,0.65184873
22108,2,1,0.652227
22109,1,1,0.6351243
22110,0,1,0.64917684
22111,2,1,0.6342036
22112,2,1,0.62082154
22113,2,1,0.61247325
22114,0,1,0.5823404
22115,1,1,0.5837003
22116,2,1,0.5858481
22117,0,1,0.5737337
22118,2,1,0.5720453
22119,0,1,0.5831753
22120,0,1,0.5849876
22121,1,0,0.6063309
22122,1,0,0.6059413
22123,3,0,0.61111766
22124,1,0,0.6291809
22125,3,0,0.6161769
22126,0,0,0.58476645
22127,3,0,0.61259896
22128,3,0,0.6230681
22129,0,0,0.62272763
22130,0,0,0.6432045
22131,0,0,0.6300396
22132,0,0,0.6408367
22133,1,0,0.6343363
22134,0,0,0.64253396
22135,0,0,0.6437312
22136,1,0,0.6567658
22137,0,0,0.6441508
22138,1,0,0.63343763
22139,3,0,0.65108126
22140,3,0,0.65533864
22141,0,0,0.6497732
22142,0,0,0.66105133
22143,0,0,0.65675056
22144,0,0,0.6502845
22145,0,0,0.65379167
22146,1,0,0.63610077
22147,1,0,0.6287893
22148,1,0,0.60593605
22149,0,0,0.60957915
22150,1,0,0.623093
22151,0,0,0.62092423
22152,0,0,0.6229054
22153,1,0,0.61478573
22154,0,0,0.60481155
22155,2,0,0.6046984
22156,0,0,0.6280728
22157,0,0,0.61877793
22158,2,0,0.5957521
22159,0,0,0.61284477
22160,0,0,0.58542895
22161,2,0,0.593341
22162,3,0,0.56887466
22163,1,0,0.6191891
22164,1,0,0.6125511
22165,0,0,0.63298464
22166,0,0,0.62095946
22167,3,0,0.639466
22168,0,0,0.6320899
22169,3,0,0.6286027
22170,0,0,0.60916096
22171,1,0,0.608652
22172,3,0,0.6043782
22173,0,0,0.5978888
22174,2,0,0.6167773
22175,0,0,0.6345343
22176,3,0,0.6368668
22177,0,0,0.660226
22178,2,0,0.6779956
22179,0,0,0.671216
22180,0,0,0.6552637
22181,1,0,0.6287484
22182,3,0,0.6141735
22183,1,0,0.63523316
22184,0,0,0.6484473
22185,2,0,0.6668148
22186,1,0,0.6531259
22187,2,0,0.6582544
22188,1,0,0.67692345
22189,0,0,0.6740328
22190,0,0,0.67038345
22191,0,0,0.6644403
22192,1,0,0.6749917
22193,0,0,0.6287754
22194,2,0,0.63749886
22195,3,0,0.62857795
22196,0,0,0.6330997
22197,0,0,0.6278463
22198,1,0,0.6481381
22199,0,0,0.6368909
22200,2,0,0.65121835
22201,1,0,0.6603219
22202,1,0,0.653202
22203,0,0,0.6963393
22204,3,0,0.6798894
22205,3,0,0.6543014
22206,3,0,0.65585464
22207,0,0,0.6560488
22208,0,0,0.65509796
22209,1,0,0.66711974
22210,0,0,0.69530904
22211,0,0,0.7166469
22212,1,0,0.72403175
22213,2,0,0.71537006
22214,1,0,0.7042242
22215,2,0,0.6890552
22216,0,0,0.7078002
22217,0,0,0.7056437
22218,2,0,0.7017638
22219,2,0,0.70596075
22220,3,0,0.7406521
22221,1,0,0.7502629
22222,0,0,0.77022296
22223,1,0,0.752547
22224,0,0,0.7415004
22225,1,0,0.74322754
22226,0,0,0.75585216
22227,3,0,0.77059144
22228,0,0,0.78894234
22229,0,0,0.79312396
22230,1,0,0.7918062
22231,0,0,0.8139687
22232,0,0,0.8332586
22233,1,0,0.81135637
22234,1,0,0.8296722
22235,3,0,0.85848135
22236,0,0,0.87134516
22237,1,0,0.88305104
22238,0,0,0.8979545
22239,1,0,0.9293677
22240,1,0,0.91917783
22241,1,0,0.9284876
22242,0,0,0.96583825
22243,3,0,0.99245197
22244,1,0,1.0504872
22245,0,0,1.0743136
22246,2,0,1.0722018
22247,1,0,1.0941164
22248,1,0,1.1290203
22249,3,0,1.1640671
22250,0,0,1.1787189
22251,1,0,1.2384983
22252,3,0,1.2233355
22253,3,0,1.239254
22254,1,0,1.2627896
22255,3,0,1.263023
22256,3,0,1.3149096
22257,1,0,1.3683794
22258,3,0,1.3700039
22259,1,0,1.4443455
22260,0,0,1.4710493
22261,0,1,0.9645539
22262,3,1,0.9339804
22263,0,1,0.9422056
22264,0,1,0.93627775
22265,0,1,0.9142332
22266,1,1,0.9065201
22267,1,1,0.8160698
22268,1,1,0.7945181
22269,0,1,0.8306786
22270,0,1,0.82633495
22271,1,1,0.8262864
22272,0,1,0.84314674
22273,3,1,0.8708087
22274,0,1,0.8366736
22275,1,1,0.86164814
22276,0,1,0.878392
22277,0,1,0.85333115
22278,0,1,0.8826334
22279,0,1,0.90692884
22280,1,1,0.8317722
22281,0,1,0.8190255
22282,0,1,0.8016694
22283,0,1,0.8005466
22284,3,1,0.7908488
22285,1,1,0.76554143
22286,2,1,0.69069207
22287,0,1,0.71546227
22288,1,1,0.7541496
22289,0,1,0.7370029
22290,0,1,0.7515736
22291,0,1,0.7461143
22292,0,1,0.7433597
22293,1,1,0.71920866
22294,0,1,0.7221472
22295,0,1,0.75868106
22296,0,1,0.7790946
22297,3,1,0.7814422
22298,1,1,0.7883667
22299,0,1,0.76544935
22300,0,1,0.7685119
22301,0,1,0.7641031
22302,1,1,0.7351771
22303,0,1,0.75159687
22304,0,1,0.7439264
22305,0,1,0.71473354
22306,0,1,0.6802621
22307,0,1,0.6688427
22308,2,0,0.6633248
22309,1,0,0.65125626
22310,1,0,0.6895707
22311,0,0,0.6949823
22312,2,0,0.6951462
22313,1,0,0.69085616
22314,1,0,0.68170387
22315,3,0,0.71305215
22316,0,0,0.7124931
22317,0,0,0.6912729
22318,1,0,0.76663905
22319,1,0,0.761175
22320,0,0,0.74182373
22321,0,0,0.7388176
22322,3,0,0.724478
22323,1,0,0.7245836
22324,1,0,0.7408645
22325,3,0,0.71105736
22326,1,0,0.703713
22327,3,0,0.70147353
22328,0,0,0.7260811
22329,1,0,0.72271353
22330,3,0,0.7203017
22331,3,0,0.71350926
22332,0,0,0.7104289
22333,2,0,0.7116249
22334,2,0,0.718309
22335,2,0,0.7267352
22336,0,0,0.7452417
22337,2,0,0.7752768
22338,1,0,0.73807806
22339,0,0,0.7637991
22340,3,0,0.7768683
22341,0,0,0.76623285
22342,1,0,0.7644046
22343,1,0,0.75517803
22344,1,0,0.7405128
22345,0,0,0.7152537
22346,0,0,0.71835446
22347,1,0,0.7018813
22348,3,0,0.62165713
22349,2,0,0.6181458
22350,2,0,0.64502746
22351,0,0,0.6398549
22352,0,0,0.64032656
22353,0,0,0.6172127
22354,1,0,0.5925112
22355,0,0,0.59751576
22356,2,0,0.5792946
22357,0,0,0.6060847
22358,0,0,0.58448744
22359,3,0,0.57973456
22360,2,0,0.5723818
22361,1,0,0.6078585
22362,0,0,0.59891725
22363,0,0,0.6149989
22364,0,0,0.6332638
22365,2,0,0.65041095
22366,0,0,0.63150346
22367,0,0,0.60743934
22368,0,0,0.6049037
22369,1,0,0.55863744
22370,3,0,0.54733884
22371,0,0,0.55750227
22372,0,0,0.63318473
22373,2,0,0.662847
22374,1,0,0.6700419
22375,1,0,0.6766736
22376,0,0,0.6654384
22377,1,0,0.6592715
22378,0,0,0.66071606
22379,1,0,0.6580704
22380,0,0,0.66397214
22381,3,0,0.70197165
22382,1,0,0.7090431
22383,2,0,0.7924907
22384,3,0,0.79712707
22385,2,0,0.7819624
22386,0,0,0.7796622
22387,0,0,0.75999105
22388,1,0,0.7696152
22389,3,0,0.7774694
22390,3,0,0.76198524
22391,2,0,0.76707083
22392,2,0,0.75750685
22393,2,0,0.76086426
22394,0,0,0.76290125
22395,0,0,0.74777985
22396,1,0,0.75272846
22397,0,0,0.74366665
22398,3,0,0.75710905
22399,3,0,0.7581301
22400,0,0,0.76979226
22401,0,0,0.763984
22402,2,0,0.69265735
22403,2,0,0.67993176
22404,0,0,0.67864466
22405,1,0,0.6746284
22406,0,0,0.6728862
22407,1,0,0.6992484
22408,0,0,0.69306624
22409,2,0,0.69973487
22410,1,0,0.68125194
22411,0,0,0.66025096
22412,1,0,0.6795748
22413,0,0,0.63045615
22414,1,0,0.6218097
22415,0,0,0.62615925
22416,0,0,0.654789
22417,1,0,0.65615904
22418,1,0,0.67721945
22419,3,0,0.6731214
22420,2,0,0.6766522
22421,0,0,0.6604565
22422,0,0,0.6677642
22423,1,0,0.6575003
22424,1,0,0.63330686
22425,2,0,0.6378853
22426,0,0,0.6352018
22427,1,0,0.62900686
22428,0,0,0.60909855
22429,0,0,0.63329476
22430,1,0,0.61531764
22431,0,0,0.6159326
22432,1,0,0.6223762
22433,1,0,0.62360114
22434,1,0,0.6191009
22435,0,0,0.63179183
22436,2,0,0.66391766
22437,2,0,0.6545782
22438,0,0,0.66890156
22439,0,0,0.6624573
22440,2,0,0.6502047
22441,3,0,0.6425974
22442,0,0,0.64242435
22443,0,0,0.65448064
22444,3,0,0.6823311
22445,0,0,0.6759283
22446,2,0,0.6859562
22447,1,0,0.7086926
22448,3,0,0.7054966
22449,1,0,0.702268
22450,0,0,0.69723755
22451,2,0,0.7177565
22452,1,0,0.7357976
22453,0,0,0.7387239
22454,2,0,0.7476482
22455,0,0,0.759281
22456,1,0,0.77555716
22457,1,0,0.8013197
22458,0,0,0.80937415
22459,3,0,0.8171422
22460,1,0,0.8437784
22461,1,0,0.85839105
22462,2,0,0.87663126
22463,3,0,0.88928854
22464,0,0,0.91775066
22465,1,0,0.9575326
22466,0,0,0.97400075
22467,0,0,1.0085278
22468,0,0,1.0143093
22469,0,0,1.0319723
22470,0,0,1.0820154
22471,3,0,1.1065844
22472,2,0,1.1205142
22473,2,0,1.1271971
22474,1,0,1.1349192
22475,0,0,1.1761645
22476,2,0,1.1876401
22477,3,0,1.2007521
22478,0,0,1.2221376
22479,3,0,1.2477885
22480,2,0,1.2770746
22481,3,0,1.3008078
22482,1,0,1.3051977
22483,0,0,1.3440202
22484,0,0,1.378732
22485,1,0,1.443378
22486,1,0,1.4498646
22487,1,0,1.4683939
22488,1,1,0.67570424
22489,1,1,0.66903585
22490,0,1,0.6575291
22491,0,1,0.66004735
22492,2,1,0.6655546
22493,0,1,0.6562927
22494,3,1,0.643149
22495,0,1,0.63604593
22496,1,1,0.61599576
22497,1,1,0.6097705
22498,1,1,0.62587327
22499,0,1,0.6221035
22500,0,1,0.61659336
22501,1,1,0.59369415
22502,1,1,0.59610724
22503,3,1,0.57822996
22504,3,1,0.5693319
22505,1,1,0.5544506
22506,0,1,0.5330303
22507,0,1,0.5659222
22508,0,1,0.5678076
22509,1,1,0.6088407
22510,0,1,0.59454197
22511,0,1,0.61918426
22512,1,1,0.5926308
22513,2,1,0.5787065
22514,1,1,0.6011161
22515,0,1,0.5898672
22516,0,1,0.56785023
22517,3,1,0.5575138
22518,3,1,0.57913196
22519,0,1,0.5818802
22520,2,1,0.58440065
22521,1,1,0.5786
22522,2,1,0.58248603
22523,1,1,0.58635557
22524,0,1,0.59265935
22525,0,1,0.5853758
22526,2,1,0.57719046
22527,1,1,0.57161075
22528,0,1,0.5518834
22529,0,1,0.55480784
22530,0,1,0.5824954
22531,0,1,0.57751375
22532,0,1,0.55432826
22533,1,1,0.5572283
22534,1,1,0.5757515
22535,3,1,0.5671278
22536,1,1,0.5856813
22537,0,1,0.5574076
22538,3,1,0.55118495
22539,0,1,0.5616609
22540,2,1,0.5624603
22541,3,1,0.54368967
22542,2,1,0.57425976
22543,3,1,0.55997896
22544,1,1,0.53552276
22545,0,1,0.5724974
22546,3,1,0.60028684
22547,2,1,0.5980603
22548,2,1,0.5811105
22549,0,0,0.60918754
22550,0,0,0.6329611
22551,0,0,0.63607526
22552,1,0,0.6341078
22553,1,0,0.63103414
22554,3,0,0.6625406
22555,3,0,0.73870337
22556,0,0,0.74530387
22557,0,0,0.76707155
22558,0,0,0.78998256
22559,0,0,0.7986612
22560,0,0,0.79789126
22561,0,0,0.7942226
22562,1,0,0.7995353
22563,1,0,0.8042841
22564,1,0,0.78664976
22565,0,0,0.788359
22566,3,0,0.7819916
22567,3,0,0.7888703
22568,0,0,0.7925008
22569,0,0,0.799484
22570,1,0,0.7931679
22571,0,0,0.80221754
22572,0,0,0.78406197
22573,0,0,0.78505784
22574,1,0,0.78119105
22575,0,0,0.77693087
22576,3,0,0.76741725
22577,1,0,0.7600572
22578,3,0,0.7390105
22579,0,0,0.7389017
22580,1,0,0.7298372
22581,2,0,0.7328022
22582,0,0,0.7408978
22583,0,0,0.7600806
22584,3,0,0.74634063
22585,1,0,0.7098845
22586,0,0,0.6997573
22587,0,0,0.69650996
22588,0,0,0.6893809
22589,1,0,0.6699433
22590,2,0,0.6668908
22591,2,0,0.660437
22592,3,0,0.64513445
22593,1,0,0.6550441
22594,2,0,0.6681913
22595,0,0,0.66259927
22596,1,0,0.65222704
22597,0,0,0.6504917
22598,3,0,0.6538257
22599,2,0,0.6343232
22600,2,0,0.6482973
22601,1,0,0.6385193
22602,1,0,0.6391007
22603,0,0,0.6281357
22604,3,0,0.63201094
22605,2,0,0.6132285
22606,2,0,0.5953602
22607,0,0,0.59031
22608,1,0,0.59542596
22609,0,0,0.6028373
22610,0,0,0.6270103
22611,1,0,0.62012243
22612,0,0,0.59667605
22613,0,0,0.58138067
22614,1,0,0.5749163
22615,0,0,0.53621244
22616,2,0,0.52752465
22617,2,0,0.4997595
22618,1,0,0.5577568
22619,0,0,0.59254205
22620,0,0,0.6177201
22621,3,0,0.6280426
22622,2,0,0.62869525
22623,0,0,0.6332974
22624,1,0,0.6223901
22625,3,0,0.6320597
22626,2,0,0.6556084
22627,2,0,0.63982314
22628,0,0,0.6162601
22629,0,0,0.62683904
22630,3,0,0.6380303
22631,0,0,0.6358261
22632,0,0,0.6566841
22633,1,0,0.6662052
22634,0,0,0.6497442
22635,1,0,0.6624928
22636,2,0,0.6754038
22637,0,0,0.67635417
22638,2,0,0.6746951
22639,1,0,0.6471175
22640,0,0,0.6383769
22641,0,0,0.6384231
22642,3,0,0.63971376
22643,1,0,0.63672924
22644,1,0,0.66925335
22645,2,0,0.6676443
22646,1,0,0.6616796
22647,0,0,0.65364265
22648,2,0,0.56832623
22649,1,0,0.54483885
22650,3,0,0.5242034
22651,0,0,0.50965047
22652,0,0,0.5094078
22653,0,0,0.49235103
22654,1,0,0.49270508
22655,3,0,0.51470834
22656,0,0,0.4965512
22657,0,0,0.52809453
22658,0,0,0.5247193
22659,0,0,0.502368
22660,0,0,0.48598856
22661,3,0,0.5174045
22662,2,0,0.4967502
22663,3,0,0.49745765
22664,1,0,0.5097116
22665,0,0,0.5272854
22666,0,0,0.54137653
22667,1,0,0.5623628
22668,3,0,0.5671882
22669,0,0,0.5829009
22670,1,0,0.58336973
22671,1,0,0.59826046
22672,0,0,0.6152055
22673,3,0,0.61779493
22674,2,0,0.6136609
22675,0,0,0.61451864
22676,3,0,0.62699676
22677,3,0,0.6323295
22678,1,0,0.65376383
22679,1,0,0.6500144
22680,1,0,0.65475255
22681,1,0,0.67527395
22682,0,0,0.6806384
22683,1,0,0.6861716
22684,1,0,0.7084898
22685,1,0,0.6888014
22686,1,0,0.6761913
22687,0,0,0.6750316
22688,1,0,0.66972226
22689,0,0,0.6747618
22690,1,0,0.6974269
22691,0,0,0.68262607
22692,1,0,0.706742
22693,2,0,0.76119065
22694,0,0,0.7643734
22695,0,0,0.765708
22696,2,0,0.7552457
22697,0,0,0.757221
22698,1,0,0.75709605
22699,3,0,0.7556305
22700,0,0,0.75662273
22701,1,0,0.7510789
22702,3,0,0.7511339
22703,2,0,0.76076496
22704,0,0,0.81765175
22705,0,0,0.83228606
22706,1,0,0.83695203
22707,0,0,0.8529274
22708,1,0,0.8540544
22709,0,0,0.8827502
22710,0,0,0.89811563
22711,0,0,0.895863
22712,0,0,0.92099494
22713,1,0,0.9120534
22714,1,0,0.91418415
22715,0,0,0.93528426
22716,1,0,0.9485065
22717,0,0,0.9548301
22718,0,0,0.96667415
22719,1,0,0.98609656
22720,1,0,0.98119354
22721,2,0,0.9979218
22722,1,0,1.0025635
22723,3,0,0.98774743
22724,0,0,1.0086101
22725,3,0,1.0090904
22726,0,0,1.0449945
22727,1,0,1.0415425
22728,1,0,1.0891336
22729,3,0,1.0929435
22730,0,0,1.0932736
22731,1,0,1.1086354
22732,2,0,1.1141058
22733,3,0,1.1567743
22734,1,0,1.1190462
22735,2,0,1.1198866
22736,2,0,1.1528442
22737,0,0,1.1740073
22738,0,0,1.1785586
22739,0,0,1.1929991
22740,3,0,1.2252902
22741,1,0,1.234442
22742,3,0,1.2580448
22743,1,0,1.293162
22744,1,0,1.3004317
22745,0,0,1.3387612
22746,1,0,1.3700912
22747,0,0,1.4198834
22748,0,0,1.515161
22749,0,0,1.5292709
22750,0,0,1.6043229
22751,0,0,1.6131514
22752,2,0,1.7266932
22753,1,0,1.7541384
22754,3,0,1.7596532
22755,0,0,1.7911631
22756,2,0,1.7901156
22757,0,0,1.924446
22758,0,0,2.048765
22759,0,0,2.1189725
22760,0,0,2.4167335
22761,2,0,2.4507434
22762,1,1,0.62308717
22763,3,1,0.6244391
22764,2,1,0.60858285
22765,0,1,0.6120203
22766,0,1,0.60864043
22767,2,1,0.57742554
22768,1,1,0.6060403
22769,0,1,0.6324755
22770,2,1,0.6358238
22771,0,1,0.62651616
22772,3,1,0.6047544
22773,1,1,0.60125065
22774,0,1,0.6253413
22775,1,1,0.61752474
22776,0,1,0.6118464
22777,3,1,0.5909666
22778,3,1,0.6126121
22779,1,1,0.59955966
22780,0,1,0.60600936
22781,0,1,0.5880432
22782,0,1,0.58624464
22783,1,1,0.59589356
22784,2,1,0.61613035
22785,0,1,0.61881065
22786,1,1,0.6255886
22787,2,1,0.63297504
22788,0,1,0.630296
22789,0,1,0.6195595
22790,2,1,0.61703295
22791,0,1,0.59885675
22792,0,1,0.6129381
22793,1,0,0.6051459
22794,1,0,0.62470865
22795,1,0,0.60490835
22796,0,0,0.60475624
22797,3,0,0.63024265
22798,1,0,0.6306284
22799,2,0,0.6123811
22800,2,0,0.6131095
22801,3,0,0.64013445
22802,1,0,0.63461995
22803,0,0,0.6362509
22804,0,0,0.6144401
22805,3,0,0.6069782
22806,2,0,0.6410473
22807,3,0,0.6713667
22808,1,0,0.67809063
22809,2,0,0.67121875
22810,1,0,0.6575046
22811,0,0,0.66492116
22812,1,0,0.68424404
22813,2,0,0.69011074
22814,0,0,0.69318825
22815,1,0,0.6911596
22816,1,0,0.69961506
22817,3,0,0.6941517
22818,0,0,0.68015385
22819,0,0,0.69934624
22820,0,0,0.6933831
22821,0,0,0.7053497
22822,1,0,0.70475906
22823,0,0,0.7194707
22824,2,0,0.701434
22825,0,0,0.709235
22826,1,0,0.6857558
22827,1,0,0.6776063
22828,0,0,0.6806103
22829,3,0,0.68758196
22830,1,0,0.6857738
22831,0,0,0.68372345
22832,0,0,0.68578935
22833,3,0,0.68238276
22834,3,0,0.6825639
22835,1,0,0.7042841
22836,1,0,0.674506
22837,0,0,0.6551441
22838,3,0,0.64587647
22839,3,0,0.6475022
22840,2,0,0.6450494
22841,1,0,0.63021284
22842,0,0,0.60711163
22843,0,0,0.60326797
22844,0,0,0.60126644
22845,1,0,0.59100187
22846,0,0,0.5795354
22847,0,0,0.5741966
22848,0,0,0.5808738
22849,0,0,0.5536353
22850,3,0,0.5628155
22851,0,0,0.5597303
22852,0,0,0.550791
22853,0,0,0.5560901
22854,2,0,0.5578238
22855,2,0,0.54998744
22856,3,0,0.5497721
22857,1,0,0.60840255
22858,0,0,0.5825947
22859,3,0,0.6049643
22860,0,0,0.5931572
22861,3,0,0.5715439
22862,2,0,0.57481706
22863,2,0,0.5749924
22864,1,0,0.56765383
22865,1,0,0.54201406
22866,1,0,0.5596397
22867,0,0,0.5588531
22868,3,0,0.5783521
22869,2,0,0.5756736
22870,0,0,0.5768099
22871,0,0,0.5926633
22872,0,0,0.6160339
22873,0,0,0.6215215
22874,0,0,0.6026716
22875,2,0,0.60602504
22876,1,0,0.61943024
22877,0,0,0.6353623
22878,0,0,0.6403771
22879,3,0,0.6537196
22880,1,0,0.6532522
22881,3,0,0.651719
22882,1,0,0.6546485
22883,2,0,0.638934
22884,2,0,0.65862614
22885,0,0,0.6676769
22886,1,0,0.67488575
22887,0,0,0.608967
22888,0,0,0.6271831
22889,2,0,0.6262826
22890,0,0,0.64328957
22891,1,0,0.6503429
22892,0,0,0.6478542
22893,1,0,0.65724736
22894,0,0,0.6618752
22895,1,0,0.67926675
22896,1,0,0.6678308
22897,2,0,0.6771042
22898,1,0,0.69565254
22899,0,0,0.7111995
22900,0,0,0.7184758
22901,0,0,0.7044645
22902,0,0,0.6959933
22903,1,0,0.69876707
22904,1,0,0.71982133
22905,2,0,0.7315856
22906,1,0,0.72765344
22907,0,0,0.7214005
22908,0,0,0.7284299
22909,0,0,0.73335725
22910,0,0,0.71690106
22911,2,0,0.7140116
22912,0,0,0.7203056
22913,1,0,0.7488764
22914,3,0,0.76508254
22915,0,0,0.7913783
22916,0,0,0.8024806
22917,1,0,0.8212892
22918,0,0,0.8272244
22919,0,0,0.8284231
22920,3,0,0.83874524
22921,0,0,0.8900384
22922,0,0,0.8912756
22923,1,0,0.9164006
22924,2,0,0.9446541
22925,0,0,0.9881607
22926,3,0,1.0036206
22927,0,0,1.063896
22928,0,0,1.0903172
22929,3,0,1.1287824
22930,0,0,1.1644126
22931,1,0,1.2552235
22932,2,0,1.3079019
22933,1,0,1.3095944
22934,0,0,1.3298248
22935,0,1,0.65221
22936,1,1,0.64084715
22937,3,1,0.6653973
22938,1,1,0.6947447
22939,0,1,0.7007053
22940,0,1,0.72718626
22941,2,1,0.7165328
22942,0,1,0.7102508
22943,3,1,0.7259851
22944,0,1,0.7403736
22945,0,1,0.7421244
22946,0,1,0.7229859
22947,3,1,0.72746223
22948,1,1,0.73126465
22949,2,1,0.74190235
22950,3,1,0.766877
22951,0,1,0.75881034
22952,0,1,0.7694619
22953,1,1,0.78687376
22954,1,1,0.77948785
22955,0,1,0.77730304
22956,3,1,0.7567935
22957,1,1,0.7546697
22958,0,1,0.7542773
22959,1,1,0.7698316
22960,0,0,0.7623333
22961,3,0,0.75787336
22962,0,0,0.73609805
22963,1,0,0.73659784
22964,0,0,0.7253135
22965,3,0,0.71658474
22966,0,0,0.72738355
22967,0,0,0.72781426
22968,2,0,0.71811926
22969,1,0,0.6991563
22970,2,0,0.68147916
22971,3,0,0.67708796
22972,0,0,0.6790778
22973,1,0,0.6569833
22974,1,0,0.63047916
22975,0,0,0.6235192
22976,3,0,0.62664145
22977,0,0,0.63252616
22978,2,0,0.63315797
22979,0,0,0.64096296
22980,2,0,0.62583095
22981,0,0,0.6490167
22982,1,0,0.62474436
22983,0,0,0.63160074
22984,3,0,0.6234427
22985,2,0,0.6036983
22986,1,0,0.62884784
22987,3,0,0.64077485
22988,3,0,0.6451698
22989,1,0,0.6517966
22990,3,0,0.6489937
22991,1,0,0.645687
22992,0,0,0.6574385
22993,1,0,0.6791564
22994,2,0,0.68575096
22995,1,0,0.69808495
22996,2,0,0.68956065
22997,0,0,0.6901965
22998,2,0,0.70356137
22999,3,0,0.71017385
23000,1,0,0.7317191
23001,1,0,0.7401278
23002,0,0,0.75292957
23003,1,0,0.77008283
23004,1,0,0.7876898
23005,2,0,0.77566445
23006,2,0,0.7725379
23007,1,0,0.75775856
23008,0,0,0.7645645
23009,1,0,0.7512363
23010,2,0,0.7605202
23011,1,0,0.7684458
23012,0,0,0.77390534
23013,0,0,0.7644042
23014,1,0,0.780989
23015,2,0,0.7873725
23016,0,0,0.80380785
23017,1,0,0.79674965
23018,1,0,0.7985991
23019,0,0,0.8055107
23020,3,0,0.81277174
23021,2,0,0.81892323
23022,1,0,0.81712335
23023,0,0,0.80101365
23024,1,0,0.7988835
23025,0,0,0.8081708
23026,3,0,0.8157285
23027,1,0,0.81756204
23028,0,0,0.7960287
23029,0,0,0.81691873
23030,0,0,0.81389683
23031,3,0,0.82393545
23032,1,0,0.8154663
23033,0,0,0.822026
23034,0,0,0.8293496
23035,2,0,0.84412056
23036,2,0,0.85780066
23037,3,0,0.87219423
23038,2,0,0.87913054
23039,0,0,0.880852
23040,0,0,0.8683842
23041,1,0,0.8594057
23042,2,0,0.8583648
23043,0,0,0.85401756
23044,1,0,0.8454218
23045,1,0,0.8514796
23046,3,0,0.82710785
23047,0,0,0.83122945
23048,2,0,0.84512424
23049,1,0,0.83127713
23050,0,0,0.8202036
23051,0,0,0.8306544
23052,1,0,0.838544
23053,2,0,0.86766326
23054,0,0,0.8769465
23055,0,0,0.8715744
23056,0,0,0.90110636
23057,0,0,0.8961724
23058,0,0,0.9157926
23059,2,0,0.92571026
23060,0,0,0.9290762
23061,2,0,0.9299902
23062,0,0,0.9581384
23063,0,0,0.9595146
23064,3,0,0.9628939
23065,1,0,0.96863925
23066,0,0,1.0074391
23067,1,0,1.030557
23068,0,0,1.0503329
23069,2,0,1.0780585
23070,2,0,1.1186886
23071,3,0,1.130315
23072,3,0,1.1630583
23073,3,0,1.1736695
23074,0,0,1.2119564
23075,1,0,1.2530545
23076,0,0,1.2817004
23077,3,0,1.3067042
23078,1,0,1.303063
23079,0,0,1.3609864
23080,0,0,1.4026905
23081,1,0,1.434741
23082,1,0,1.4712161
23083,1,0,1.5073297
23084,2,0,1.5323082
23085,0,0,1.5824474
23086,0,0,1.6299727
23087,1,0,1.6805692
23088,1,1,0.69294685
23089,1,1,0.69527614
23090,1,1,0.7114272
23091,1,1,0.6842712
23092,0,1,0.6632874
23093,0,1,0.67758244
23094,0,1,0.6703356
23095,1,1,0.652748
23096,3,1,0.6443814
23097,0,1,0.6463083
23098,0,1,0.6403976
23099,0,1,0.644324
23100,2,1,0.65429866
23101,1,1,0.64382476
23102,2,1,0.62071294
23103,1,1,0.61281145
23104,1,1,0.59357786
23105,3,1,0.5745622
23106,0,1,0.59442276
23107,1,1,0.62058854
23108,0,1,0.62472636
23109,0,1,0.6217393
23110,3,1,0.6236469
23111,1,1,0.6385669
23112,2,1,0.6313932
23113,0,1,0.6001494
23114,0,1,0.57700115
23115,1,1,0.5687853
23116,0,1,0.60100275
23117,0,1,0.58958894
23118,2,1,0.58091664
23119,3,1,0.5702009
23120,0,1,0.5482768
23121,1,1,0.55091643
23122,0,1,0.54200804
23123,1,1,0.529133
23124,0,1,0.52958614
23125,1,1,0.5303043
23126,3,1,0.5681445
23127,3,1,0.59157735
23128,1,1,0.6309296
23129,0,1,0.6240321
23130,0,1,0.60801065
23131,3,1,0.63438326
23132,0,1,0.6424041
23133,2,1,0.66926354
23134,2,1,0.6902049
23135,2,1,0.7130358
23136,3,1,0.6778453
23137,1,1,0.6602727
23138,0,1,0.6693938
23139,0,1,0.65460825
23140,1,1,0.6558611
23141,1,1,0.64393437
23142,0,1,0.66627693
23143,0,0,0.67633015
23144,1,0,0.66012913
23145,0,0,0.6630108
23146,1,0,0.6403937
23147,0,0,0.63816124
23148,1,0,0.6327834
23149,1,0,0.6493454
23150,0,0,0.65005404
23151,0,0,0.6489694
23152,3,0,0.66432273
23153,0,0,0.664293
23154,1,0,0.68827254
23155,2,0,0.6859328
23156,1,0,0.66891617
23157,3,0,0.64276373
23158,0,0,0.620878
23159,2,0,0.6200604
23160,3,0,0.60994744
23161,1,0,0.61065876
23162,0,0,0.59770507
23163,0,0,0.56555426
23164,3,0,0.5454995
23165,0,0,0.5572879
23166,3,0,0.556967
23167,1,0,0.5560849
23168,1,0,0.5491691
23169,2,0,0.583513
23170,1,0,0.5645229
23171,0,0,0.5817231
23172,0,0,0.573505
23173,2,0,0.57749116
23174,3,0,0.57864183
23175,1,0,0.5732195
23176,2,0,0.571301
23177,3,0,0.5680453
23178,1,0,0.5945502
23179,1,0,0.5728346
23180,0,0,0.576644
23181,0,0,0.5774845
23182,0,0,0.5661379
23183,0,0,0.5484778
23184,2,0,0.5611991
23185,1,0,0.5502822
23186,3,0,0.53802323
23187,1,0,0.53898203
23188,3,0,0.54023004
23189,3,0,0.53508073
23190,2,0,0.5219838
23191,1,0,0.50474554
23192,0,0,0.5037281
23193,2,0,0.49580097
23194,2,0,0.47666755
23195,0,0,0.45664957
23196,0,0,0.4860994
23197,0,0,0.52551734
23198,1,0,0.517877
23199,2,0,0.4863739
23200,3,0,0.4937006
23201,0,0,0.47353622
23202,3,0,0.46106452
23203,0,0,0.47885022
23204,0,0,0.48105526
23205,0,0,0.48446316
23206,2,0,0.513168
23207,3,0,0.52793
23208,0,0,0.53937644
23209,2,0,0.5494913
23210,1,0,0.5735943
23211,0,0,0.56847537
23212,3,0,0.5677799
23213,2,0,0.5772889
23214,1,0,0.5551193
23215,2,0,0.55719244
23216,0,0,0.5586866
23217,1,0,0.5782212
23218,2,0,0.58177596
23219,2,0,0.5934553
23220,1,0,0.587726
23221,0,0,0.59653515
23222,0,0,0.6052151
23223,1,0,0.61921936
23224,0,0,0.6300128
23225,0,0,0.62937397
23226,0,0,0.63530815
23227,1,0,0.6241237
23228,0,0,0.6323489
23229,2,0,0.6560401
23230,3,0,0.63154835
23231,1,0,0.6538671
23232,2,0,0.64674866
23233,1,0,0.6410061
23234,3,0,0.64580315
23235,1,0,0.66103995
23236,1,0,0.651179
23237,1,0,0.6304263
23238,1,0,0.60188186
23239,3,0,0.59081674
23240,0,0,0.56465316
23241,0,0,0.57867104
23242,1,0,0.5942236
23243,0,0,0.5869698
23244,3,0,0.60823053
23245,0,0,0.6306905
23246,3,0,0.6381364
23247,0,0,0.64057803
23248,0,0,0.65178686
23249,1,0,0.6547408
23250,0,0,0.65968895
23251,0,0,0.65092415
23252,3,0,0.6517458
23253,2,0,0.6544393
23254,3,0,0.656215
23255,0,0,0.6771398
23256,1,0,0.6611862
23257,0,0,0.6562553
23258,1,0,0.64328426
23259,0,0,0.62342906
23260,2,0,0.6424874
23261,0,0,0.62257534
23262,1,0,0.6223997
23263,0,0,0.61416584
23264,2,0,0.6254215
23265,0,0,0.6138422
23266,1,0,0.63620585
23267,0,0,0.65610325
23268,1,0,0.68180376
23269,1,0,0.6816637
23270,0,0,0.6910645
23271,1,0,0.67037493
23272,3,0,0.6662293
23273,0,0,0.6723636
23274,2,0,0.6613887
23275,3,0,0.65079916
23276,3,0,0.67287654
23277,2,0,0.6724118
23278,1,0,0.6779966
23279,0,0,0.6779617
23280,0,0,0.6905061
23281,1,0,0.69583505
23282,0,0,0.69613284
23283,0,0,0.69147396
23284,0,0,0.69020474
23285,2,0,0.67652786
23286,3,0,0.688826
23287,0,0,0.69804144
23288,2,0,0.7141875
23289,1,0,0.71998006
23290,0,0,0.7188885
23291,1,0,0.7390614
23292,1,0,0.7681834
23293,3,0,0.78887
23294,2,0,0.7914107
23295,0,0,0.8291752
23296,1,0,0.825118
23297,1,0,0.82608306
23298,3,0,0.8326788
23299,3,0,0.85341835
23300,2,0,0.8884192
23301,0,0,0.9059905
23302,2,0,0.91443986
23303,0,0,0.9527328
23304,0,0,0.9722106
23305,1,0,0.9797617
23306,3,0,0.965589
23307,1,0,1.0031329
23308,1,0,1.0053316
23309,0,0,1.0242033
23310,1,0,1.0460219
23311,1,0,1.0729496
23312,2,0,1.1009256
23313,1,0,1.111991
23314,0,0,1.1505096
23315,1,0,1.1889299
23316,1,0,1.2034086
23317,0,0,1.2344369
23318,0,0,1.2688521
23319,1,0,1.3454221
23320,0,0,1.3685663
23321,3,0,1.3826389
23322,0,0,1.41935
23323,2,0,1.4639833
23324,1,0,1.541247
23325,0,0,1.5284455
23326,0,0,1.5851309
23327,0,0,1.6665045
23328,2,0,1.7034432
23329,0,0,1.719818
23330,1,0,1.7379603
23331,0,0,1.8201176
23332,2,0,1.8336538
23333,3,0,1.935202
23334,1,0,2.0951314
23335,0,0,2.1852908
23336,0,0,2.3308783
23337,0,0,2.3839846
23338,3,0,2.5556593
23339,2,1,0.6221781
23340,1,1,0.62056285
23341,0,1,0.6170377
23342,0,1,0.60559165
23343,3,1,0.59431046
23344,3,1,0.5870004
23345,1,1,0.5861965
23346,0,1,0.59164494
23347,2,1,0.57766247
23348,3,1,0.5885745
23349,1,1,0.59509295
23350,0,1,0.5718211
23351,2,1,0.5714221
23352,1,1,0.5768256
23353,3,1,0.5630678
23354,2,1,0.58777803
23355,1,1,0.59759015
23356,0,1,0.5894637
23357,0,1,0.58111197
23358,1,1,0.5847248
23359,2,1,0.59037566
23360,1,1,0.57378924
23361,3,1,0.5769242
23362,0,1,0.58072686
23363,1,1,0.58735925
23364,3,0,0.5954664
23365,0,0,0.57828385
23366,3,0,0.5819547
23367,3,0,0.60146844
23368,0,0,0.5902009
23369,1,0,0.6023639
23370,0,0,0.6163756
23371,3,0,0.6151092
23372,0,0,0.6274167
23373,1,0,0.6289838
23374,2,0,0.60866797
23375,1,0,0.61089504
23376,2,0,0.59155864
23377,0,0,0.5869711
23378,0,0,0.5613878
23379,3,0,0.53988975
23380,0,0,0.5567763
23381,1,0,0.5563869
23382,0,0,0.56329614
23383,1,0,0.5534237
23384,1,0,0.541623
23385,0,0,0.53200614
23386,1,0,0.5445082
23387,2,0,0.5669877
23388,2,0,0.5664022
23389,0,0,0.61871916
23390,2,0,0.6244175
23391,2,0,0.6082925
23392,3,0,0.61556375
23393,3,0,0.62752974
23394,0,0,0.6449171
23395,0,0,0.6486806
23396,0,0,0.6633916
23397,2,0,0.6637087
23398,0,0,0.6772042
23399,0,0,0.67744964
23400,1,0,0.65752274
23401,0,0,0.6340247
23402,2,0,0.6234727
23403,0,0,0.68425715
23404,0,0,0.70742315
23405,2,0,0.7029744
23406,1,0,0.7241815
23407,1,0,0.72991955
23408,1,0,0.73879164
23409,0,0,0.7584467
23410,1,0,0.7572831
23411,1,0,0.7334257
23412,1,0,0.750154
23413,1,0,0.75214344
23414,3,0,0.7515651
23415,2,0,0.7646435
23416,0,0,0.75264764
23417,0,0,0.7309202
23418,1,0,0.73133475
23419,2,0,0.67419547
23420,0,0,0.6877838
23421,3,0,0.69051164
23422,2,0,0.6803769
23423,1,0,0.66077435
23424,1,0,0.66073185
23425,2,0,0.6729002
23426,1,0,0.6804298
23427,2,0,0.66537166
23428,0,0,0.64897156
23429,1,0,0.64955914
23430,0,0,0.6626454
23431,2,0,0.6633449
23432,0,0,0.6638124
23433,1,0,0.6091882
23434,1,0,0.59975934
23435,0,0,0.6182223
23436,3,0,0.5961202
23437,2,0,0.59086305
23438,1,0,0.5992006
23439,1,0,0.5890393
23440,0,0,0.59197974
23441,0,0,0.60662836
23442,3,0,0.5915949
23443,1,0,0.6032766
23444,0,0,0.5987077
23445,2,0,0.58991355
23446,0,0,0.59206337
23447,1,0,0.58967423
23448,0,0,0.61281806
23449,1,0,0.6146888
23450,3,0,0.6071876
23451,3,0,0.6229936
23452,1,0,0.6305888
23453,3,0,0.64498585
23454,3,0,0.6454485
23455,0,0,0.6314237
23456,2,0,0.624356
23457,0,0,0.64156777
23458,1,0,0.6562434
23459,0,0,0.6542199
23460,3,0,0.65959543
23461,2,0,0.67143875
23462,0,0,0.6863609
23463,1,0,0.6960637
23464,0,0,0.7012398
23465,1,0,0.69974625
23466,0,0,0.72977227
23467,1,0,0.7649139
23468,1,0,0.760153
23469,0,0,0.76532495
23470,1,0,0.77286893
23471,1,0,0.7848272
23472,2,0,0.81472933
23473,1,0,0.8199074
23474,3,0,0.82796806
23475,0,0,0.8502739
23476,1,0,0.86488754
23477,0,0,0.87896127
23478,0,0,0.87155294
23479,3,0,0.8808361
23480,3,0,0.9001992
23481,0,0,0.93600446
23482,0,0,0.9490407
23483,0,0,0.97063124
23484,2,0,0.97356313
23485,3,0,1.0029222
23486,0,0,1.0182014
23487,0,0,1.044211
23488,1,0,1.0633509
23489,0,0,1.0772345
23490,1,0,1.1359887
23491,1,0,1.1700159
23492,0,0,1.1725535
23493,0,1,0.67329526
23494,2,1,0.67635673
23495,1,1,0.65351987
23496,1,1,0.653895
23497,1,1,0.6350227
23498,1,1,0.65034676
23499,2,1,0.65532535
23500,3,1,0.64051193
23501,1,1,0.6550429
23502,0,1,0.6676215
23503,1,1,0.66787744
23504,0,1,0.6756502
23505,1,1,0.691979
23506,1,1,0.68184215
23507,1,1,0.69105697
23508,1,1,0.70097685
23509,3,1,0.7157168
23510,1,1,0.7287312
23511,0,0,0.73264945
23512,1,0,0.7308775
23513,0,0,0.72158456
23514,2,0,0.70528424
23515,0,0,0.6982431
23516,1,0,0.7105119
23517,1,0,0.69152844
23518,3,0,0.7100889
23519,1,0,0.71033597
23520,0,0,0.68941206
23521,2,0,0.6913839
23522,0,0,0.67490363
23523,1,0,0.66689265
23524,0,0,0.6658259
23525,1,0,0.66589487
23526,1,0,0.6574136
23527,2,0,0.6609839
23528,3,0,0.6349545
23529,3,0,0.6077203
23530,0,0,0.6020558
23531,2,0,0.5622909
23532,0,0,0.542818
23533,1,0,0.5335694
23534,0,0,0.53551686
23535,1,0,0.5277734
23536,0,0,0.535819
23537,2,0,0.5508353
23538,1,0,0.5362695
23539,0,0,0.52516526
23540,1,0,0.5224674
23541,1,0,0.5044402
23542,0,0,0.51994425
23543,3,0,0.5142386
23544,0,0,0.5475584
23545,3,0,0.544098
23546,1,0,0.5504877
23547,1,0,0.5444073
23548,3,0,0.51623887
23549,2,0,0.54074013
23550,1,0,0.5438698
23551,1,0,0.55809516
23552,1,0,0.5851437
23553,3,0,0.579895
23554,0,0,0.5907772
23555,0,0,0.58158296
23556,0,0,0.58422476
23557,0,0,0.5902152
23558,0,0,0.5875997
23559,3,0,0.59246117
23560,1,0,0.60652834
23561,2,0,0.60963434
23562,0,0,0.60901767
23563,0,0,0.61088187
23564,2,0,0.62633413
23565,1,0,0.63092667
23566,1,0,0.6314777
23567,3,0,0.6314103
23568,0,0,0.61940116
23569,3,0,0.63564104
23570,1,0,0.64293957
23571,0,0,0.6465411
23572,3,0,0.6362653
23573,3,0,0.6417279
23574,1,0,0.61296237
23575,3,0,0.63952374
23576,0,0,0.6437343
23577,1,0,0.6577512
23578,0,0,0.6804773
23579,0,0,0.66646355
23580,1,0,0.6651917
23581,1,0,0.66716135
23582,0,0,0.6692866
23583,1,0,0.6860035
23584,1,0,0.68564445
23585,0,0,0.70837265
23586,3,0,0.701491
23587,0,0,0.6880442
23588,3,0,0.7051659
23589,1,0,0.71737194
23590,0,0,0.7222878
23591,0,0,0.7339889
23592,0,0,0.7206643
23593,3,0,0.71881914
23594,2,0,0.71377516
23595,1,0,0.7158293
23596,1,0,0.71930736
23597,2,0,0.72548455
23598,1,0,0.74146664
23599,1,0,0.7404008
23600,0,0,0.74024355
23601,0,0,0.74524796
23602,3,0,0.7545996
23603,1,0,0.78518105
23604,1,0,0.8054087
23605,0,0,0.8176432
23606,3,0,0.8165701
23607,2,0,0.84182584
23608,0,0,0.83046156
23609,3,0,0.856374
23610,3,0,0.88565683
23611,1,0,0.9006832
23612,1,0,0.90983313
23613,1,0,0.9607326
23614,1,0,0.97660017
23615,0,0,0.99098444
23616,1,0,1.0419257
23617,2,0,1.0999397
23618,0,0,1.1324275
23619,0,0,1.1881473
23620,0,0,1.2634047
23621,1,0,1.3061572
23622,2,0,1.3352244
23623,3,1,0.80408937
23624,3,1,0.79646343
23625,3,1,0.80477035
23626,0,1,0.81116563
23627,3,1,0.80956167
23628,2,1,0.80308014
23629,0,1,0.80473864
23630,2,1,0.7946954
23631,1,1,0.79101616
23632,0,1,0.78408694
23633,1,1,0.7868803
23634,1,1,0.7645053
23635,2,1,0.78255856
23636,0,1,0.75453126
23637,0,1,0.73300725
23638,0,1,0.72601086
23639,2,1,0.71378976
23640,0,1,0.6957904
23641,2,1,0.70214766
23642,3,1,0.74253523
23643,1,1,0.72925913
23644,3,1,0.71079993
23645,0,1,0.7442424
23646,3,1,0.76037955
23647,1,1,0.7844213
23648,3,1,0.77900195
23649,0,1,0.754148
23650,2,1,0.7782831
23651,3,1,0.8014169
23652,1,1,0.77216303
23653,0,1,0.7442819
23654,1,1,0.7402863
23655,3,1,0.7516875
23656,1,1,0.7526808
23657,2,1,0.75377625
23658,3,1,0.7530807
23659,1,1,0.8418619
23660,3,1,0.82719463
23661,0,1,0.84573275
23662,0,1,0.8529858
23663,3,1,0.85633487
23664,0,1,0.8529999
23665,0,1,0.8334109
23666,1,1,0.84672433
23667,0,1,0.8439094
23668,1,0,0.8526439
23669,1,0,0.85694754
23670,0,0,0.8474594
23671,0,0,0.83245033
23672,0,0,0.8215515
23673,0,0,0.8352251
23674,0,0,0.860638
23675,0,0,0.85019106
23676,0,0,0.83338034
23677,1,0,0.82703197
23678,1,0,0.8552229
23679,3,0,0.88312995
23680,0,0,0.8749622
23681,1,0,0.86253864
23682,1,0,0.8566755
23683,2,0,0.8599683
23684,0,0,0.8449963
23685,3,0,0.8255866
23686,3,0,0.84515595
23687,1,0,0.84974355
23688,2,0,0.8635933
23689,1,0,0.7948071
23690,1,0,0.81536126
23691,0,0,0.8006649
23692,0,0,0.8161655
23693,0,0,0.8097566
23694,0,0,0.813607
23695,3,0,0.7989882
23696,0,0,0.7943842
23697,0,0,0.787502
23698,2,0,0.7807261
23699,2,0,0.7632801
23700,1,0,0.7743402
23701,0,0,0.77017486
23702,0,0,0.7661843
23703,0,0,0.76813585
23704,0,0,0.7544106
23705,1,0,0.73795736
23706,0,0,0.7337614
23707,0,0,0.71039337
23708,1,0,0.70116836
23709,0,0,0.69203186
23710,1,0,0.6879589
23711,2,0,0.6782879
23712,2,0,0.6849478
23713,0,0,0.68332595
23714,0,0,0.6877775
23715,0,0,0.6983243
23716,0,0,0.74824905
23717,1,0,0.7598144
23718,1,0,0.7538887
23719,2,0,0.73985374
23720,3,0,0.7261816
23721,2,0,0.71456337
23722,1,0,0.7119771
23723,1,0,0.71810746
23724,1,0,0.7147559
23725,2,0,0.7280496
23726,1,0,0.7194086
23727,3,0,0.7184667
23728,3,0,0.7209812
23729,1,0,0.73236084
23730,0,0,0.7320269
23731,1,0,0.7308354
23732,1,0,0.72922146
23733,0,0,0.719656
23734,3,0,0.7110075
23735,2,0,0.728161
23736,0,0,0.72497296
23737,1,0,0.7324538
23738,1,0,0.7345362
23739,1,0,0.7337242
23740,0,0,0.7318718
23741,0,0,0.7359471
23742,1,0,0.72450435
23743,1,0,0.7168477
23744,1,0,0.73219705
23745,0,0,0.7158781
23746,2,0,0.64251196
23747,3,0,0.6357569
23748,0,0,0.6233272
23749,0,0,0.6289152
23750,0,0,0.6189018
23751,0,0,0.6126852
23752,1,0,0.5931044
23753,1,0,0.56656003
23754,1,0,0.56906676
23755,0,0,0.57527363
23756,0,0,0.5760557
23757,3,0,0.56182915
23758,1,0,0.5334725
23759,3,0,0.50735515
23760,3,0,0.49304882
23761,0,0,0.5265788
23762,0,0,0.5273222
23763,0,0,0.52099764
23764,2,0,0.5176794
23765,0,0,0.49477923
23766,1,0,0.49178863
23767,0,0,0.50024706
23768,1,0,0.48628047
23769,0,0,0.4734092
23770,1,0,0.4668177
23771,2,0,0.4630213
23772,3,0,0.49188295
23773,0,0,0.50362796
23774,1,0,0.53536624
23775,0,0,0.5334763
23776,2,0,0.5395389
23777,0,0,0.54847056
23778,0,0,0.5478901
23779,3,0,0.5728522
23780,3,0,0.5826363
23781,1,0,0.60318214
23782,2,0,0.5942505
23783,1,0,0.59734774
23784,3,0,0.57555205
23785,0,0,0.55034846
23786,1,0,0.5553489
23787,1,0,0.55683106
23788,0,0,0.5674875
23789,2,0,0.5652775
23790,3,0,0.5547892
23791,1,0,0.5347564
23792,0,0,0.56666756
23793,0,0,0.57804465
23794,0,0,0.5835955
23795,1,0,0.58770365
23796,3,0,0.59323055
23797,0,0,0.60994154
23798,3,0,0.65084827
23799,3,0,0.6464878
23800,1,0,0.66373616
23801,0,0,0.6777743
23802,1,0,0.68584543
23803,0,0,0.69948226
23804,0,0,0.68484044
23805,3,0,0.6890491
23806,0,0,0.69373643
23807,1,0,0.69416815
23808,1,0,0.7034572
23809,0,0,0.7047917
23810,0,0,0.72834885
23811,0,0,0.7158385
23812,0,0,0.72950757
23813,3,0,0.7383573
23814,1,0,0.774366
23815,1,0,0.8022941
23816,0,0,0.8011468
23817,0,0,0.8326007
23818,3,0,0.8371428
23819,2,0,0.86187685
23820,0,0,0.88809127
23821,1,0,0.90963
23822,0,0,0.9162958
23823,1,0,0.9268171
23824,0,0,0.9285663
23825,3,0,0.95507646
23826,1,0,0.9809973
23827,2,0,0.97539616
23828,3,0,0.9666511
23829,1,0,1.0136894
23830,0,0,1.0191908
23831,0,0,1.0463202
23832,3,0,1.070281
23833,1,0,1.1099153
23834,1,0,1.1263242
23835,0,0,1.1891291
23836,2,0,1.2241865
23837,0,0,1.2562684
23838,0,0,1.3553736
23839,0,0,1.3714404
23840,0,0,1.4477003
23841,0,1,0.8299639
23842,3,1,0.83607566
23843,2,1,0.8351098
23844,1,1,0.84158325
23845,1,1,0.84061563
23846,0,1,0.8342121
23847,0,1,0.81410086
23848,0,1,0.793842
23849,1,1,0.8099002
23850,0,1,0.8161705
23851,3,1,0.82332987
23852,1,1,0.8021297
23853,2,1,0.78976953
23854,1,1,0.76250714
23855,3,1,0.77588195
23856,1,1,0.7811296
23857,1,1,0.7773349
23858,1,1,0.7804787
23859,1,1,0.77807194
23860,0,1,0.79149646
23861,3,1,0.79082686
23862,3,1,0.79216117
23863,0,1,0.7888656
23864,2,1,0.81064993
23865,2,1,0.78870934
23866,0,1,0.79306644
23867,0,1,0.77880627
23868,3,1,0.75447404
23869,1,1,0.5585148
23870,3,1,0.5594111
23871,0,1,0.57347953
23872,2,1,0.54823315
23873,0,1,0.52880615
23874,1,1,0.52158046
23875,1,1,0.51322097
23876,0,1,0.5057385
23877,0,1,0.5301781
23878,1,1,0.50925934
23879,0,1,0.5148102
23880,3,1,0.54630524
23881,0,1,0.57551074
23882,0,1,0.57582307
23883,1,1,0.6032485
23884,0,1,0.6052332
23885,1,1,0.60700005
23886,0,1,0.6117591
23887,2,1,0.6221728
23888,0,1,0.6098498
23889,0,1,0.6029206
23890,3,1,0.5957879
23891,1,1,0.6062285
23892,3,1,0.60397327
23893,0,1,0.6225013
23894,1,1,0.63010925
23895,1,1,0.6390034
23896,0,1,0.63389987
23897,0,1,0.63554424
23898,0,1,0.6534288
23899,1,1,0.64208204
23900,1,0,0.63330764
23901,1,0,0.6277932
23902,2,0,0.649495
23903,3,0,0.6805212
23904,1,0,0.6960177
23905,1,0,0.69037706
23906,0,0,0.7041802
23907,1,0,0.69022477
23908,1,0,0.6921463
23909,1,0,0.6573531
23910,2,0,0.6365077
23911,0,0,0.61641306
23912,1,0,0.63630295
23913,0,0,0.60910934
23914,1,0,0.61427885
23915,1,0,0.632049
23916,1,0,0.61786675
23917,0,0,0.601851
23918,0,0,0.60791105
23919,0,0,0.607482
23920,1,0,0.59310687
23921,3,0,0.5789223
23922,2,0,0.5933835
23923,2,0,0.5702804
23924,0,0,0.56108856
23925,0,0,0.5539274
23926,0,0,0.5561456
23927,0,0,0.58673996
23928,0,0,0.5667693
23929,1,0,0.5615643
23930,3,0,0.544863
23931,3,0,0.5547965
23932,3,0,0.56102455
23933,0,0,0.5345622
23934,0,0,0.5419592
23935,2,0,0.57169014
23936,1,0,0.5487984
23937,0,0,0.54286444
23938,1,0,0.5352786
23939,3,0,0.5388871
23940,0,0,0.5482867
23941,0,0,0.53840214
23942,2,0,0.53647053
23943,3,0,0.54945594
23944,0,0,0.54764104
23945,0,0,0.54483485
23946,0,0,0.5690529
23947,2,0,0.5641163
23948,1,0,0.5616284
23949,0,0,0.5638085
23950,2,0,0.57205343
23951,0,0,0.5739065
23952,3,0,0.5577472
23953,2,0,0.55407
23954,1,0,0.55915326
23955,3,0,0.56207144
23956,0,0,0.56471515
23957,0,0,0.56179667
23958,2,0,0.5876619
23959,1,0,0.6150668
23960,0,0,0.63345116
23961,2,0,0.6187875
23962,3,0,0.59207964
23963,3,0,0.59095865
23964,1,0,0.5893907
23965,0,0,0.59165263
23966,3,0,0.6128979
23967,3,0,0.614948
23968,1,0,0.6237405
23969,0,0,0.63023067
23970,0,0,0.6275918
23971,1,0,0.62539583
23972,1,0,0.6197933
23973,0,0,0.61694634
23974,0,0,0.61616504
23975,1,0,0.6038326
23976,2,0,0.5711051
23977,0,0,0.58553195
23978,1,0,0.59742355
23979,0,0,0.60183775
23980,0,0,0.5852126
23981,0,0,0.58637077
23982,0,0,0.6101597
23983,3,0,0.62946576
23984,0,0,0.6351106
23985,2,0,0.62239313
23986,1,0,0.63300973
23987,1,0,0.6157354
23988,2,0,0.60389024
23989,0,0,0.6050449
23990,2,0,0.60120916
23991,0,0,0.60634327
23992,1,0,0.61321616
23993,2,0,0.63052434
23994,0,0,0.60828733
23995,3,0,0.5969662
23996,0,0,0.59088176
23997,1,0,0.5892954
23998,0,0,0.59102654
23999,3,0,0.6084679
24000,1,0,0.62604004
24001,3,0,0.6348912
24002,0,0,0.6199744
24003,0,0,0.59846103
24004,1,0,0.60564864
24005,0,0,0.6178647
24006,0,0,0.624948
24007,1,0,0.63488775
24008,2,0,0.6252068
24009,1,0,0.6144738
24010,1,0,0.6264147
24011,0,0,0.6333486
24012,0,0,0.63406193
24013,0,0,0.6416824
24014,0,0,0.63871676
24015,0,0,0.6528918
24016,2,0,0.66043174
24017,2,0,0.68351513
24018,0,0,0.68498385
24019,1,0,0.66685265
24020,0,0,0.6621889
24021,1,0,0.6406952
24022,0,0,0.6453357
24023,3,0,0.62585706
24024,1,0,0.62910855
24025,0,0,0.6188474
24026,1,0,0.6231434
24027,0,0,0.6461592
24028,0,0,0.6606162
24029,0,0,0.6405093
24030,0,0,0.6420635
24031,0,0,0.6539074
24032,0,0,0.6715653
24033,3,0,0.68208194
24034,0,0,0.68183213
24035,0,0,0.67194796
24036,0,0,0.68565917
24037,3,0,0.6944896
24038,3,0,0.69123334
24039,0,0,0.71344346
24040,1,0,0.70203453
24041,0,0,0.70396465
24042,1,0,0.7127094
24043,0,0,0.69873613
24044,0,0,0.68380517
24045,1,0,0.69558316
24046,1,0,0.69289124
24047,0,0,0.6928729
24048,2,0,0.69886404
24049,2,0,0.7262944
24050,1,0,0.74801934
24051,0,0,0.75582737
24052,2,0,0.7768552
24053,0,0,0.8061883
24054,0,0,0.8221738
24055,2,0,0.8333994
24056,0,0,0.8383674
24057,3,0,0.8219614
24058,0,0,0.83054954
24059,1,0,0.8402712
24060,1,0,0.8033916
24061,0,0,0.81196076
24062,0,0,0.81875783
24063,0,0,0.8454895
24064,0,0,0.87392473
24065,0,0,0.8844092
24066,1,0,0.8827375
24067,1,0,0.86880153
24068,1,0,0.89162886
24069,1,0,0.8802189
24070,1,0,0.8946149
24071,2,0,0.9182746
24072,0,0,0.9238266
24073,2,0,0.9533987
24074,2,0,0.9858194
24075,1,0,0.9830112
24076,1,0,0.98947906
24077,1,0,0.98197097
24078,1,0,1.0121759
24079,3,0,0.9950046
24080,0,0,0.98219645
24081,2,0,1.0110683
24082,1,0,1.0553231
24083,0,0,1.0838541
24084,1,0,1.1185269
24085,2,0,1.1196471
24086,0,0,1.1196696
24087,0,0,1.1427548
24088,0,0,1.156018
24089,2,0,1.1648157
24090,1,0,1.1919454
24091,0,0,1.2076733
24092,3,0,1.2113132
24093,1,0,1.2595652
24094,0,0,1.2780443
24095,2,0,1.3199048
24096,3,0,1.4041328
24097,0,0,1.4250785
24098,0,0,1.4346657
24099,0,0,1.4747642
24100,0,0,1.4859508
24101,1,0,1.4850106
24102,2,0,1.4871057
24103,1,0,1.4692453
24104,0,0,1.5148375
24105,2,0,1.5355742
24106,1,1,0.7241934
24107,3,1,0.63917464
24108,2,1,0.6486645
24109,1,1,0.67316437
24110,1,1,0.68254423
24111,0,1,0.686643
24112,0,1,0.69274914
24113,1,1,0.68029666
24114,0,1,0.66371626
24115,1,1,0.6669146
24116,1,1,0.68862486
24117,1,1,0.66557795
24118,1,1,0.67386836
24119,3,1,0.67962205
24120,0,1,0.69271255
24121,0,1,0.6856495
24122,0,1,0.6747554
24123,0,1,0.7002403
24124,0,1,0.7058166
24125,1,0,0.7280475
24126,1,0,0.7264563
24127,1,0,0.7507688
24128,1,0,0.7480534
24129,3,0,0.71955675
24130,0,0,0.7215997
24131,3,0,0.7001129
24132,0,0,0.71978045
24133,1,0,0.6981068
24134,3,0,0.69265217
24135,0,0,0.6697267
24136,3,0,0.6405152
24137,1,0,0.6341948
24138,0,0,0.61385095
24139,0,0,0.60037005
24140,1,0,0.6224978
24141,1,0,0.62240475
24142,1,0,0.6428966
24143,3,0,0.63834906
24144,0,0,0.6449881
24145,0,0,0.65564406
24146,0,0,0.6324782
24147,3,0,0.63207483
24148,2,0,0.6456055
24149,3,0,0.65121156
24150,0,0,0.6376515
24151,3,0,0.6376921
24152,1,0,0.63981736
24153,1,0,0.6267517
24154,1,0,0.643099
24155,2,0,0.64027965
24156,1,0,0.64889777
24157,1,0,0.6492199
24158,1,0,0.64904225
24159,1,0,0.66149145
24160,3,0,0.6343115
24161,0,0,0.6435404
24162,1,0,0.61978596
24163,1,0,0.63777804
24164,2,0,0.6348529
24165,0,0,0.6303763
24166,0,0,0.64785504
24167,0,0,0.6609406
24168,1,0,0.63965565
24169,1,0,0.62208205
24170,0,0,0.6265923
24171,1,0,0.6287219
24172,1,0,0.682886
24173,0,0,0.6845824
24174,3,0,0.6857826
24175,1,0,0.66749
24176,0,0,0.66177523
24177,1,0,0.65882397
24178,0,0,0.6422444
24179,3,0,0.63378894
24180,0,0,0.6457909
24181,0,0,0.6673598
24182,3,0,0.6786391
24183,3,0,0.68214124
24184,0,0,0.6870971
24185,0,0,0.68606514
24186,0,0,0.6602616
24187,1,0,0.64665157
24188,0,0,0.64715564
24189,3,0,0.62831414
24190,3,0,0.6293378
24191,2,0,0.6197322
24192,2,0,0.6280506
24193,0,0,0.60650986
24194,2,0,0.60282916
24195,1,0,0.6344118
24196,0,0,0.5967011
24197,0,0,0.60464543
24198,1,0,0.638398
24199,1,0,0.6471937
24200,0,0,0.65912527
24201,2,0,0.6578361
24202,1,0,0.5830927
24203,0,0,0.5722854
24204,0,0,0.56127363
24205,1,0,0.57136923
24206,1,0,0.58476764
24207,0,0,0.5943093
24208,0,0,0.60172886
24209,0,0,0.6089093
24210,3,0,0.64163446
24211,0,0,0.65703136
24212,0,0,0.69442487
24213,1,0,0.73760754
24214,0,0,0.7455808
24215,0,0,0.7524535
24216,0,0,0.77340406
24217,3,0,0.7889626
24218,2,0,0.80377907
24219,2,0,0.813848
24220,0,0,0.83716965
24221,3,0,0.82600534
24222,0,0,0.8337515
24223,0,0,0.86291796
24224,1,0,0.8753573
24225,1,0,0.8802499
24226,0,0,0.9086268
24227,0,0,0.9123314
24228,1,0,0.921958
24229,0,0,0.93650234
24230,3,0,0.96047294
24231,1,0,1.0144103
24232,0,0,1.0305885
24233,0,0,1.0671641
24234,1,0,1.1076059
24235,2,0,1.1481284
24236,0,0,1.1896464
24237,3,1,0.60662943
24238,0,1,0.60959893
24239,2,1,0.63762665
24240,2,1,0.6353523
24241,3,1,0.6377491
24242,0,1,0.6494009
24243,2,1,0.63694227
24244,1,1,0.64186305
24245,0,1,0.6458145
24246,2,1,0.6290389
24247,2,1,0.63474303
24248,0,1,0.6506258
24249,0,1,0.668505
24250,1,1,0.67830104
24251,3,1,0.6798091
24252,0,0,0.6788997
24253,0,0,0.6974734
24254,3,0,0.6978355
24255,0,0,0.70490193
24256,0,0,0.7111447
24257,2,0,0.7339759
24258,0,0,0.7152238
24259,1,0,0.7407683
24260,3,0,0.72694516
24261,0,0,0.7173107
24262,1,0,0.7032435
24263,0,0,0.70291144
24264,1,0,0.68873954
24265,0,0,0.6707925
24266,3,0,0.66765285
24267,1,0,0.66765743
24268,0,0,0.67652607
24269,1,0,0.6730048
24270,0,0,0.68917555
24271,0,0,0.6791195
24272,0,0,0.6708446
24273,1,0,0.66083986
24274,3,0,0.6416875
24275,1,0,0.6229745
24276,3,0,0.6236395
24277,2,0,0.6368478
24278,2,0,0.64417243
24279,0,0,0.63897127
24280,1,0,0.63151795
24281,2,0,0.63085574
24282,0,0,0.64471555
24283,1,0,0.64875734
24284,1,0,0.65727866
24285,1,0,0.6384491
24286,2,0,0.6571737
24287,3,0,0.64768076
24288,0,0,0.65303797
24289,3,0,0.6516212
24290,0,0,0.6746637
24291,1,0,0.680182
24292,1,0,0.7067761
24293,3,0,0.72316045
24294,0,0,0.73676443
24295,0,0,0.75264156
24296,1,0,0.7578827
24297,1,0,0.76067996
24298,3,0,0.77218103
24299,2,0,0.75623846
24300,0,0,0.7407978
24301,0,0,0.73567086
24302,0,0,0.72643226
24303,1,0,0.75081575
24304,1,0,0.7728547
24305,1,0,0.78020984
24306,1,0,0.79480696
24307,1,0,0.795784
24308,1,0,0.7912527
24309,1,0,0.7913412
24310,0,0,0.79418355
24311,0,0,0.7790227
24312,1,0,0.76546943
24313,2,0,0.75556296
24314,2,0,0.76297426
24315,0,0,0.7742064
24316,0,0,0.774914
24317,2,0,0.78178054
24318,1,0,0.7981264
24319,2,0,0.78956556
24320,1,0,0.7824085
24321,1,0,0.7825089
24322,1,0,0.79106784
24323,1,0,0.7964873
24324,3,0,0.8013663
24325,0,0,0.8181005
24326,0,0,0.81279665
24327,0,0,0.8539508
24328,1,0,0.86912805
24329,2,0,0.8874163
24330,0,0,0.91211134
24331,1,0,0.92058533
24332,1,0,0.9395417
24333,0,0,0.9510644
24334,0,0,0.95239043
24335,3,0,0.9623624
24336,0,0,0.97754204
24337,3,0,0.9861462
24338,0,0,1.0043606
24339,0,0,1.0127021
24340,0,0,1.0363822
24341,3,0,1.0582368
24342,3,0,1.1065488
24343,0,0,1.1157787
24344,0,0,1.1264442
24345,0,0,1.1468762
24346,0,0,1.1443508
24347,1,0,1.1728466
24348,0,0,1.194666
24349,1,0,1.2183148
24350,2,0,1.2455087
24351,1,0,1.3160942
24352,1,0,1.3247658
24353,2,0,1.3364589
24354,1,0,1.3765137
24355,0,0,1.3856609
24356,1,1,0.4907562
24357,2,1,0.5167481
24358,1,1,0.5193275
24359,2,1,0.5021503
24360,0,1,0.52168906
24361,0,1,0.52446365
24362,0,1,0.52083445
24363,0,1,0.53383327
24364,3,1,0.5250269
24365,2,1,0.51776254
24366,2,1,0.51394486
24367,0,1,0.5174701
24368,3,1,0.5423872
24369,0,1,0.56711686
24370,2,1,0.5704526
24371,1,1,0.5889324
24372,1,1,0.5859439
24373,1,1,0.5943892
24374,2,1,0.59265614
24375,3,1,0.58185613
24376,0,1,0.5560959
24377,1,1,0.5704105
24378,0,1,0.5855718
24379,0,1,0.57429004
24380,2,1,0.56370616
24381,2,1,0.569102
24382,0,1,0.5866478
24383,0,1,0.58285624
24384,0,1,0.5814635
24385,1,1,0.59088665
24386,1,1,0.59540343
24387,2,0,0.5953449
24388,1,0,0.5998698
24389,3,0,0.59936744
24390,2,0,0.5868354
24391,1,0,0.6024722
24392,1,0,0.60288364
24393,2,0,0.60296315
24394,3,0,0.6169736
24395,0,0,0.6266563
24396,1,0,0.6374577
24397,2,0,0.65429103
24398,3,0,0.6384721
24399,0,0,0.6374358
24400,1,0,0.6291957
24401,1,0,0.6283635
24402,0,0,0.6313529
24403,2,0,0.63783145
24404,0,0,0.62557817
24405,0,0,0.6354509
24406,3,0,0.6541839
24407,1,0,0.6530473
24408,1,0,0.65581805
24409,1,0,0.66663086
24410,0,0,0.66859627
24411,1,0,0.66910267
24412,0,0,0.6673087
24413,0,0,0.6882576
24414,3,0,0.7067802
24415,0,0,0.705531
24416,1,0,0.7065286
24417,1,0,0.68932086
24418,0,0,0.6736299
24419,0,0,0.6737749
24420,1,0,0.6912483
24421,1,0,0.6887299
24422,1,0,0.6990951
24423,0,0,0.7046966
24424,0,0,0.7039273
24425,0,0,0.695378
24426,1,0,0.7131306
24427,0,0,0.7145875
24428,1,0,0.7202468
24429,0,0,0.7082223
24430,1,0,0.71239275
24431,2,0,0.7109231
24432,0,0,0.69642854
24433,1,0,0.6994816
24434,1,0,0.71436274
24435,0,0,0.71704197
24436,0,0,0.6980582
24437,0,0,0.6865481
24438,1,0,0.68640304
24439,0,0,0.6957283
24440,0,0,0.7135275
24441,1,0,0.73569316
24442,0,0,0.7208338
24443,0,0,0.71330947
24444,3,0,0.7125695
24445,1,0,0.70622927
24446,3,0,0.6867005
24447,0,0,0.7557643
24448,1,0,0.7547373
24449,0,0,0.7502875
24450,2,0,0.7483803
24451,0,0,0.7388992
24452,0,0,0.7151359
24453,2,0,0.7000378
24454,1,0,0.6901233
24455,0,0,0.68880373
24456,3,0,0.6710861
24457,1,0,0.65054363
24458,1,0,0.6539908
24459,0,0,0.6478875
24460,2,0,0.65886194
24461,0,0,0.6649105
24462,2,0,0.6877776
24463,0,0,0.68375725
24464,1,0,0.68956697
24465,1,0,0.70089227
24466,3,0,0.7138598
24467,0,0,0.7316014
24468,0,0,0.7129778
24469,0,0,0.7212768
24470,0,0,0.7091061
24471,3,0,0.6877266
24472,0,0,0.70291495
24473,2,0,0.71620375
24474,0,0,0.7142389
24475,1,0,0.6992725
24476,0,0,0.71471465
24477,1,0,0.64508677
24478,1,0,0.65929335
24479,1,0,0.663184
24480,2,0,0.6600925
24481,1,0,0.66762954
24482,3,0,0.68139297
24483,1,0,0.6825587
24484,2,0,0.6983092
24485,0,0,0.7163198
24486,1,0,0.736459
24487,0,0,0.7629528
24488,1,0,0.7822941
24489,3,0,0.82063717
24490,2,0,0.821142
24491,3,0,0.83218753
24492,1,0,0.82416546
24493,0,0,0.8165754
24494,2,0,0.8306965
24495,0,0,0.82790816
24496,3,0,0.82771266
24497,0,0,0.8215284
24498,1,0,0.84121907
24499,1,0,0.86825734
24500,1,0,0.9040632
24501,1,0,0.92053133
24502,1,0,0.9133984
24503,0,0,0.9071931
24504,2,0,0.92119
24505,0,0,1.0020292
24506,3,0,1.0306865
24507,0,0,1.0510737
24508,3,0,1.0503476
24509,3,0,1.0653772
24510,0,0,1.1065738
24511,0,0,1.1205654
24512,3,0,1.1519312
24513,3,0,1.1793181
24514,3,0,1.1849078
24515,0,0,1.2191056
24516,2,0,1.2457443
24517,1,0,1.2589399
24518,0,0,1.2576684
24519,0,0,1.2460814
24520,3,0,1.2756119
24521,0,0,1.2602001
24522,1,0,1.2725583
24523,0,0,1.3384056
24524,2,0,1.373596
24525,0,0,1.3736016
24526,3,0,1.4399961
24527,1,1,0.56500417
24528,0,1,0.5686841
24529,1,1,0.5811924
24530,0,1,0.5706293
24531,0,1,0.5994563
24532,1,1,0.60355014
24533,1,1,0.59541535
24534,3,1,0.6194996
24535,1,1,0.6411075
24536,1,1,0.6509239
24537,2,1,0.63767576
24538,1,1,0.6565113
24539,3,1,0.67649645
24540,0,1,0.6646135
24541,1,1,0.67215365
24542,0,1,0.6540007
24543,0,1,0.63153297
24544,2,1,0.6234211
24545,0,1,0.6233109
24546,0,1,0.6450392
24547,3,1,0.6156676
24548,1,1,0.602586
24549,1,1,0.59063935
24550,0,1,0.5956638
24551,0,1,0.5947496
24552,1,1,0.580719
24553,1,1,0.5893442
24554,0,1,0.5870473
24555,1,1,0.5970228
24556,3,0,0.60727644
24557,2,0,0.6064272
24558,3,0,0.60003734
24559,1,0,0.5884635
24560,0,0,0.5867282
24561,3,0,0.5898033
24562,0,0,0.58246595
24563,0,0,0.6055996
24564,0,0,0.6066409
24565,0,0,0.6085794
24566,0,0,0.59116954
24567,0,0,0.58876574
24568,1,0,0.5932629
24569,0,0,0.5776325
24570,1,0,0.57103175
24571,1,0,0.5737929
24572,2,0,0.59898
24573,1,0,0.6228233
24574,2,0,0.62746406
24575,1,0,0.62910235
24576,3,0,0.5930481
24577,0,0,0.60368335
24578,0,0,0.61367315
24579,1,0,0.61409163
24580,0,0,0.6154399
24581,0,0,0.6164201
24582,0,0,0.6349345
24583,3,0,0.6526687
24584,2,0,0.6424392
24585,1,0,0.65367085
24586,0,0,0.6554113
24587,0,0,0.6386829
24588,3,0,0.6561983
24589,0,0,0.6350954
24590,2,0,0.66156745
24591,0,0,0.66899353
24592,1,0,0.6789219
24593,0,0,0.66355634
24594,0,0,0.64862263
24595,0,0,0.64899313
24596,1,0,0.66152793
24597,1,0,0.6653094
24598,0,0,0.6496034
24599,1,0,0.65299124
24600,1,0,0.6768802
24601,3,0,0.6821869
24602,1,0,0.67520803
24603,2,0,0.6797417
24604,0,0,0.68181896
24605,0,0,0.67830944
24606,2,0,0.6902877
24607,0,0,0.70405215
24608,0,0,0.71232957
24609,0,0,0.7255058
24610,1,0,0.7378359
24611,0,0,0.7282447
24612,3,0,0.7309181
24613,0,0,0.7114245
24614,1,0,0.73017097
24615,1,0,0.7354279
24616,1,0,0.73388314
24617,0,0,0.7397995
24618,3,0,0.72512335
24619,1,0,0.7351159
24620,0,0,0.73034525
24621,1,0,0.71579874
24622,0,0,0.73877317
24623,1,0,0.7512415
24624,1,0,0.75764245
24625,1,0,0.7392403
24626,1,0,0.7368243
24627,2,0,0.74236834
24628,1,0,0.75449926
24629,0,0,0.76709545
24630,1,0,0.7528634
24631,0,0,0.74579567
24632,3,0,0.7299661
24633,0,0,0.71725017
24634,0,0,0.729057
24635,1,0,0.73648953
24636,0,0,0.74734217
24637,3,0,0.74817455
24638,0,0,0.74268055
24639,3,0,0.73337865
24640,1,0,0.7228116
24641,0,0,0.7177763
24642,0,0,0.7109185
24643,1,0,0.7409822
24644,3,0,0.73425514
24645,0,0,0.7373424
24646,2,0,0.75133413
24647,3,0,0.7659953
24648,1,0,0.7860215
24649,1,0,0.80072254
24650,0,0,0.7871206
24651,1,0,0.79295194
24652,0,0,0.78033674
24653,0,0,0.77727294
24654,2,0,0.78462285
24655,3,0,0.818441
24656,2,0,0.8185542
24657,1,0,0.8376651
24658,0,0,0.83448225
24659,0,0,0.83600754
24660,3,0,0.8776278
24661,1,0,0.8932841
24662,2,0,0.92674047
24663,3,0,0.9391348
24664,3,0,0.98761684
24665,1,0,1.0118009
24666,2,0,1.0283298
24667,2,0,1.0615414
24668,3,0,1.0668061
24669,0,0,1.1077083
24670,1,0,1.132599
24671,1,0,1.147653
24672,0,0,1.1669747
24673,1,0,1.1821687
24674,3,0,1.2514288
24675,0,0,1.2418187
24676,2,0,1.2529998
24677,2,0,1.3198276
24678,3,0,1.3515046
24679,3,0,1.4396709
24680,0,0,1.4685674
24681,3,0,1.5059081
24682,1,0,1.5586499
24683,0,0,1.6303304
24684,0,0,1.6593708
24685,0,0,1.6945416
24686,1,0,1.7448533
24687,0,0,1.8673297
24688,3,0,2.0168283
24689,1,0,2.106078
24690,0,0,2.1559238
24691,3,0,2.1723063
24692,3,1,0.6641223
24693,0,1,0.660719
24694,0,1,0.647418
24695,1,1,0.6667753
24696,2,1,0.6766641
24697,2,1,0.6786978
24698,1,1,0.7032441
24699,0,1,0.7307164
24700,3,1,0.73159045
24701,0,1,0.74962
24702,0,1,0.76161414
24703,3,1,0.75723094
24704,1,1,0.7380404
24705,0,1,0.7405771
24706,1,1,0.7531322
24707,0,1,0.68243986
24708,0,1,0.69523126
24709,0,1,0.69580823
24710,1,1,0.6914222
24711,0,1,0.7016675
24712,0,1,0.7265934
24713,1,1,0.73621625
24714,1,1,0.72492546
24715,1,1,0.73815584
24716,1,1,0.74245954
24717,0,1,0.75120986
24718,0,1,0.72466266
24719,3,1,0.7190418
24720,1,1,0.69942886
24721,3,1,0.70075977
24722,0,1,0.697455
24723,0,1,0.6930885
24724,0,1,0.7292329
24725,0,1,0.70952314
24726,0,1,0.72398406
24727,1,0,0.72645324
24728,3,0,0.69810987
24729,2,0,0.70088917
24730,0,0,0.67658734
24731,1,0,0.65274864
24732,3,0,0.6354555
24733,1,0,0.6308701
24734,0,0,0.6221073
24735,2,0,0.6430167
24736,2,0,0.633241
24737,2,0,0.63594496
24738,0,0,0.6166507
24739,0,0,0.60963136
24740,1,0,0.5720216
24741,3,0,0.52952665
24742,0,0,0.4986052
24743,1,0,0.4899409
24744,0,0,0.5169583
24745,0,0,0.5406671
24746,0,0,0.5845174
24747,0,0,0.5712324
24748,3,0,0.57848346
24749,1,0,0.59505326
24750,1,0,0.58729744
24751,2,0,0.6066881
24752,2,0,0.59539545
24753,3,0,0.6042451
24754,2,0,0.5983426
24755,0,0,0.5896716
24756,0,0,0.5977806
24757,1,0,0.5810695
24758,1,0,0.57994056
24759,0,0,0.58158976
24760,0,0,0.5887264
24761,3,0,0.5887522
24762,0,0,0.5989812
24763,1,0,0.60421044
24764,2,0,0.62480843
24765,1,0,0.6006324
24766,2,0,0.5852942
24767,1,0,0.60321647
24768,1,0,0.6108569
24769,3,0,0.6248002
24770,0,0,0.6369672
24771,3,0,0.65307325
24772,3,0,0.6687571
24773,1,0,0.6623379
24774,0,0,0.6513306
24775,2,0,0.6460197
24776,1,0,0.63514656
24777,0,0,0.6511681
24778,1,0,0.64366215
24779,2,0,0.6376892
24780,0,0,0.66203624
24781,0,0,0.6474096
24782,1,0,0.66534626
24783,1,0,0.66963804
24784,1,0,0.672645
24785,0,0,0.6944688
24786,1,0,0.6882957
24787,0,0,0.70772254
24788,0,0,0.7271651
24789,1,0,0.7313473
24790,0,0,0.7191789
24791,1,0,0.7335951
24792,0,0,0.7316257
24793,1,0,0.7300611
24794,1,0,0.727603
24795,0,0,0.73334974
24796,1,0,0.7311073
24797,0,0,0.7175268
24798,0,0,0.70667744
24799,1,0,0.69128776
24800,1,0,0.68977827
24801,1,0,0.68787193
24802,0,0,0.67629135
24803,0,0,0.6711985
24804,3,0,0.6839192
24805,0,0,0.6618222
24806,1,0,0.6600633
24807,2,0,0.65848774
24808,1,0,0.6780912
24809,2,0,0.6735284
24810,3,0,0.67968196
24811,0,0,0.70072
24812,2,0,0.70177263
24813,2,0,0.6961877
24814,1,0,0.68116534
24815,1,0,0.67093915
24816,0,0,0.6716346
24817,0,0,0.66398865
24818,1,0,0.6617644
24819,3,0,0.64757526
24820,1,0,0.65445125
24821,1,0,0.6362076
24822,0,0,0.6507295
24823,0,0,0.6485027
24824,1,0,0.6562176
24825,1,0,0.67824924
24826,1,0,0.6959788
24827,3,0,0.7088931
24828,2,0,0.7071889
24829,0,0,0.72318166
24830,1,0,0.7262878
24831,0,0,0.7283979
24832,1,0,0.7282541
24833,0,0,0.74723125
24834,0,0,0.7423737
24835,0,0,0.77135545
24836,0,0,0.7591021
24837,0,0,0.7631211
24838,0,0,0.74059427
24839,1,0,0.7515985
24840,1,0,0.7635703
24841,1,0,0.75969154
24842,0,0,0.75586647
24843,1,0,0.7600438
24844,1,0,0.78495157
24845,0,0,0.7973378
24846,2,0,0.7888672
24847,1,0,0.7925097
24848,0,0,0.7975768
24849,0,0,0.8068225
24850,0,0,0.82621837
24851,0,0,0.8369435
24852,2,0,0.8232543
24853,0,0,0.83608556
24854,3,0,0.82966083
24855,1,0,0.84123254
24856,3,0,0.8506532
24857,0,0,0.84884286
24858,2,0,0.88843644
24859,0,0,0.8981591
24860,2,0,0.8991061
24861,3,0,0.90483177
24862,1,0,0.93140405
24863,3,0,0.939299
24864,0,0,0.9683091
24865,1,0,1.0088881
24866,1,0,1.0405676
24867,2,0,1.0457649
24868,1,0,1.0733227
24869,0,0,1.1054485
24870,3,0,1.1092687
24871,0,0,1.1094099
24872,3,0,1.1225307
24873,1,0,1.1498384
24874,0,0,1.1721827
24875,0,0,1.2378201
24876,1,0,1.2726291
24877,1,1,0.65950125
24878,2,1,0.6490241
24879,0,1,0.6289467
24880,0,1,0.6495608
24881,1,1,0.675582
24882,0,1,0.66843843
24883,0,1,0.64112973
24884,1,1,0.6471508
24885,0,1,0.682353
24886,2,1,0.69190073
24887,0,1,0.683737
24888,1,1,0.669794
24889,1,1,0.66491365
24890,1,1,0.67588407
24891,0,1,0.6784404
24892,1,1,0.6837821
24893,3,1,0.67186356
24894,1,1,0.6761419
24895,0,1,0.6874812
24896,0,0,0.6977896
24897,1,0,0.68027014
24898,0,0,0.6627653
24899,0,0,0.66458094
24900,1,0,0.66245425
24901,0,0,0.6699303
24902,3,0,0.6675376
24903,0,0,0.69712996
24904,0,0,0.699628
24905,0,0,0.68944305
24906,0,0,0.6800458
24907,2,0,0.6822814
24908,0,0,0.67006993
24909,1,0,0.69314396
24910,1,0,0.67055297
24911,0,0,0.6406743
24912,1,0,0.6685607
24913,3,0,0.6588127
24914,1,0,0.62211883
24915,0,0,0.59583384
24916,0,0,0.5832978
24917,0,0,0.6143274
24918,1,0,0.6422867
24919,1,0,0.6630315
24920,3,0,0.6486122
24921,0,0,0.67041785
24922,0,0,0.6804905
24923,0,0,0.6975237
24924,0,0,0.69735813
24925,2,0,0.68470913
24926,1,0,0.67508197
24927,1,0,0.6754529
24928,3,0,0.67716086
24929,3,0,0.6778232
24930,1,0,0.67799854
24931,1,0,0.67209786
24932,1,0,0.67397
24933,1,0,0.6456578
24934,1,0,0.6230243
24935,1,0,0.6222248
24936,0,0,0.6412388
24937,1,0,0.63876593
24938,0,0,0.6440571
24939,0,0,0.6376141
24940,0,0,0.6393008
24941,0,0,0.6544715
24942,1,0,0.66447973
24943,0,0,0.6654659
24944,1,0,0.6798307
24945,0,0,0.67958105
24946,0,0,0.66173035
24947,0,0,0.63408047
24948,2,0,0.6364694
24949,1,0,0.6231132
24950,1,0,0.6034017
24951,0,0,0.60468626
24952,1,0,0.601828
24953,1,0,0.58795094
24954,0,0,0.5878614
24955,1,0,0.58892626
24956,1,0,0.5881739
24957,1,0,0.6125391
24958,1,0,0.5946104
24959,2,0,0.5994257
24960,0,0,0.5852597
24961,2,0,0.588176
24962,1,0,0.6091597
24963,1,0,0.6316594
24964,2,0,0.65339506
24965,1,0,0.6396272
24966,1,0,0.637932
24967,3,0,0.65397346
24968,3,0,0.64901525
24969,0,0,0.6450472
24970,3,0,0.6565171
24971,0,0,0.6455953
24972,2,0,0.64758474
24973,0,0,0.64611846
24974,0,0,0.6477213
24975,1,0,0.6570865
24976,1,0,0.6763908
24977,0,0,0.7010558
24978,1,0,0.6973166
24979,0,0,0.6959558
24980,1,0,0.6953077
24981,1,0,0.6802827
24982,2,0,0.67856544
24983,1,0,0.6912029
24984,0,0,0.70950776
24985,0,0,0.73605114
24986,0,0,0.757877
24987,3,0,0.7655059
24988,0,0,0.7815752
24989,3,0,0.7910484
24990,0,0,0.81390625
24991,1,0,0.8246319
24992,0,0,0.82743204
24993,1,0,0.83820087
24994,2,0,0.83423966
24995,2,0,0.86384237
24996,1,0,0.88436306
24997,2,0,0.91594297
24998,3,0,0.94146013
24999,0,0,0.9625351
25000,1,0,0.9865921
25001,0,0,1.0167533
25002,0,0,1.0199542
25003,3,0,1.0356365
25004,3,0,1.0353622
25005,0,0,1.0699114
25006,1,0,1.0997907
25007,3,0,1.1447777
25008,2,0,1.2158468
25009,2,0,1.3008003
25010,0,0,1.3283021
25011,0,1,0.5229889
25012,3,1,0.54811406
25013,1,1,0.56244034
25014,3,1,0.56006044
25015,0,1,0.5483979
25016,2,1,0.5311316
25017,1,1,0.5457227
25018,2,1,0.5486372
25019,2,1,0.5665842
25020,3,1,0.54503244
25021,1,1,0.53426826
25022,1,1,0.55485624
25023,3,1,0.5647196
25024,0,1,0.5823125
25025,3,1,0.5751359
25026,0,1,0.55702263
25027,1,1,0.5413633
25028,0,1,0.5452075
25029,2,1,0.54850525
25030,0,1,0.549376
25031,1,1,0.549954
25032,0,1,0.5741288
25033,0,1,0.5740979
25034,3,1,0.58472
25035,1,1,0.57428116
25036,1,1,0.5890726
25037,1,1,0.5751228
25038,0,1,0.5691835
25039,2,1,0.56932783
25040,0,1,0.58181643
25041,0,1,0.5991604
25042,0,1,0.57740176
25043,0,1,0.5564375
25044,3,0,0.55601597
25045,2,0,0.5721398
25046,0,0,0.570485
25047,1,0,0.558701
25048,3,0,0.563056
25049,3,0,0.5462977
25050,0,0,0.5655416
25051,3,0,0.5519111
25052,0,0,0.5543921
25053,2,0,0.5355591
25054,1,0,0.5179576
25055,1,0,0.5400167
25056,3,0,0.5558148
25057,3,0,0.5701797
25058,2,0,0.568867
25059,1,0,0.5623534
25060,3,0,0.5846929
25061,2,0,0.58394074
25062,0,0,0.5647724
25063,0,0,0.5526058
25064,1,0,0.55191314
25065,2,0,0.553061
25066,1,0,0.5506623
25067,3,0,0.5435534
25068,3,0,0.55647135
25069,0,0,0.56398845
25070,1,0,0.57029295
25071,1,0,0.57141095
25072,2,0,0.58787143
25073,1,0,0.6170994
25074,1,0,0.63410354
25075,3,0,0.6270743
25076,2,0,0.62754625
25077,2,0,0.6247143
25078,0,0,0.64144963
25079,2,0,0.6409259
25080,0,0,0.62048495
25081,3,0,0.62511724
25082,1,0,0.608872
25083,3,0,0.6294659
25084,0,0,0.624297
25085,1,0,0.6316723
25086,1,0,0.62264556
25087,0,0,0.601752
25088,0,0,0.6047258
25089,0,0,0.6075483
25090,2,0,0.5949365
25091,0,0,0.6155994
25092,0,0,0.6287794
25093,0,0,0.631549
25094,2,0,0.63690525
25095,0,0,0.6426571
25096,2,0,0.6418045
25097,0,0,0.6487149
25098,2,0,0.64849436
25099,0,0,0.64645296
25100,3,0,0.626556
25101,3,0,0.63063055
25102,0,0,0.6281145
25103,1,0,0.62163514
25104,3,0,0.60384023
25105,1,0,0.61171
25106,1,0,0.61521536
25107,0,0,0.616261
25108,0,0,0.60014206
25109,0,0,0.61348647
25110,0,0,0.6132498
25111,3,0,0.63444525
25112,1,0,0.65646386
25113,3,0,0.63821244
25114,0,0,0.65825784
25115,0,0,0.6429464
25116,1,0,0.6561418
25117,1,0,0.6797761
25118,0,0,0.6824572
25119,1,0,0.6698385
25120,0,0,0.68901587
25121,3,0,0.6781655
25122,2,0,0.67453164
25123,1,0,0.68478006
25124,3,0,0.70460206
25125,1,0,0.7016681
25126,1,0,0.69419724
25127,3,0,0.699934
25128,1,0,0.71265566
25129,1,0,0.7243394
25130,1,0,0.7270602
25131,1,0,0.70762867
25132,0,0,0.71474713
25133,0,0,0.70770043
25134,0,0,0.71950454
25135,0,0,0.70680064
25136,1,0,0.7171257
25137,2,0,0.7399616
25138,0,0,0.74110484
25139,3,0,0.7484336
25140,1,0,0.7612898
25141,0,0,0.76436514
25142,0,0,0.75309914
25143,3,0,0.7751099
25144,3,0,0.7858425
25145,2,0,0.7825698
25146,0,0,0.7836583
25147,0,0,0.7748797
25148,1,0,0.7941013
25149,2,0,0.8179487
25150,0,0,0.7986435
25151,1,0,0.8083625
25152,0,0,0.81433475
25153,1,0,0.8132416
25154,0,0,0.7980456
25155,0,0,0.8116082
25156,0,0,0.8055287
25157,1,0,0.833739
25158,3,0,0.82415926
25159,0,0,0.82275003
25160,2,0,0.8537979
25161,0,0,0.88346064
25162,2,0,0.867153
25163,0,0,0.8786796
25164,0,0,0.8803429
25165,1,0,0.8966655
25166,0,0,0.9155503
25167,0,0,0.9195392
25168,0,0,0.9414176
25169,0,0,0.9383697
25170,0,0,0.94704473
25171,0,0,0.9457937
25172,1,0,0.9719086
25173,0,0,0.97644836
25174,0,0,0.98402476
25175,3,0,0.98430246
25176,0,0,0.9944301
25177,0,0,1.0604949
25178,0,0,1.0758786
25179,0,0,1.0929593
25180,1,0,1.1289805
25181,0,0,1.343989
25182,1,0,1.3431973
25183,0,0,1.3953638
25184,1,0,1.4071944
25185,1,0,1.4252207
25186,3,0,1.4751989
25187,1,0,1.4556075
25188,0,0,1.4786599
25189,0,0,1.5243993
25190,1,1,0.65307295
25191,3,1,0.652084
25192,0,1,0.6510192
25193,1,1,0.66895473
25194,3,1,0.6527928
25195,0,1,0.6540492
25196,2,1,0.62741774
25197,1,1,0.6270029
25198,2,1,0.62397414
25199,1,1,0.6087877
25200,0,1,0.6249012
25201,0,1,0.6151197
25202,1,1,0.6240205
25203,0,1,0.62708837
25204,0,1,0.6145012
25205,1,1,0.60657954
25206,3,1,0.59196377
25207,1,1,0.59049845
25208,3,1,0.6044918
25209,0,1,0.5919299
25210,3,0,0.58157486
25211,0,0,0.55979526
25212,2,0,0.56024843
25213,0,0,0.5513749
25214,1,0,0.56700796
25215,0,0,0.5482758
25216,1,0,0.55330765
25217,0,0,0.5328189
25218,3,0,0.51838464
25219,3,0,0.51622033
25220,0,0,0.51647943
25221,0,0,0.5038172
25222,1,0,0.4996238
25223,2,0,0.5074504
25224,2,0,0.5135543
25225,0,0,0.51388556
25226,3,0,0.53096503
25227,0,0,0.50232065
25228,1,0,0.49734527
25229,2,0,0.5165563
25230,2,0,0.49810946
25231,2,0,0.51186526
25232,3,0,0.52536607
25233,0,0,0.51526487
25234,0,0,0.52005315
25235,2,0,0.5131594
25236,3,0,0.51265705
25237,0,0,0.52912873
25238,2,0,0.50826365
25239,0,0,0.505851
25240,1,0,0.5121537
25241,0,0,0.5151527
25242,2,0,0.5361467
25243,1,0,0.5426656
25244,0,0,0.51427615
25245,2,0,0.53049946
25246,0,0,0.5198761
25247,1,0,0.543167
25248,0,0,0.5648809
25249,3,0,0.56419396
25250,0,0,0.5890548
25251,0,0,0.58613336
25252,3,0,0.6075139
25253,3,0,0.5850669
25254,0,0,0.58787054
25255,0,0,0.60484433
25256,1,0,0.6057838
25257,2,0,0.60499096
25258,0,0,0.62773305
25259,1,0,0.61399955
25260,2,0,0.6291595
25261,0,0,0.62603116
25262,1,0,0.6239068
25263,2,0,0.61560947
25264,0,0,0.62717265
25265,0,0,0.625334
25266,1,0,0.65692836
25267,2,0,0.6488293
25268,1,0,0.67504984
25269,0,0,0.6860129
25270,1,0,0.6852497
25271,0,0,0.6974812
25272,0,0,0.7104903
25273,3,0,0.7073632
25274,1,0,0.7183363
25275,1,0,0.7105727
25276,1,0,0.7071511
25277,0,0,0.6874746
25278,1,0,0.66704965
25279,0,0,0.6697984
25280,0,0,0.6306368
25281,1,0,0.65095
25282,1,0,0.6440778
25283,2,0,0.6448667
25284,3,0,0.6606465
25285,1,0,0.653345
25286,0,0,0.64581597
25287,0,0,0.6466294
25288,0,0,0.6303462
25289,2,0,0.6548136
25290,2,0,0.6648302
25291,0,0,0.66506684
25292,3,0,0.6784491
25293,0,0,0.70380366
25294,3,0,0.6942461
25295,1,0,0.72762746
25296,0,0,0.7172465
25297,2,0,0.7086069
25298,0,0,0.7160124
25299,3,0,0.73495764
25300,0,0,0.76119894
25301,0,0,0.7800426
25302,0,0,0.7710114
25303,0,0,0.78468907
25304,1,0,0.80800074
25305,2,0,0.82290184
25306,0,0,0.8517049
25307,0,0,0.89599466
25308,2,0,0.91746545
25309,3,0,0.9368415
25310,1,0,0.9553808
25311,0,0,0.9621949
25312,3,0,0.98156834
25313,1,0,1.0055699
25314,1,0,1.0384105
25315,0,0,1.0520309
25316,1,0,1.0792669
25317,1,0,1.1317804
25318,1,0,1.1450461
25319,0,0,1.1459534
25320,1,0,1.1583736
25321,3,0,1.2005292
25322,0,0,1.2031837
25323,1,0,1.2567022
25324,0,0,1.3249751
25325,0,0,1.3369986
25326,1,0,1.3449829
25327,2,1,0.7350432
25328,1,1,0.72302985
25329,0,1,0.73184085
25330,0,1,0.7195524
25331,1,1,0.7046287
25332,0,1,0.70180744
25333,0,1,0.68534786
25334,0,1,0.6744434
25335,1,1,0.6827878
25336,0,1,0.71274143
25337,1,1,0.7249291
25338,0,1,0.7607598
25339,3,1,0.78776133
25340,0,1,0.8163884
25341,0,1,0.8017206
25342,0,1,0.7942821
25343,0,1,0.78969395
25344,0,1,0.76662165
25345,0,1,0.75100607
25346,1,1,0.75568753
25347,0,1,0.7443769
25348,3,1,0.7628853
25349,0,1,0.7534297
25350,0,1,0.752741
25351,0,1,0.73604465
25352,0,1,0.72854805
25353,0,1,0.714241
25354,0,1,0.69040006
25355,3,1,0.69872093
25356,0,1,0.67189366
25357,2,1,0.699522
25358,3,1,0.72209376
25359,1,1,0.71647733
25360,1,1,0.7137721
25361,0,1,0.72086334
25362,1,1,0.7195415
25363,1,1,0.74669904
25364,0,1,0.76766735
25365,3,0,0.7628928
25366,0,0,0.7362404
25367,0,0,0.7038705
25368,0,0,0.672856
25369,1,0,0.6530818
25370,0,0,0.6261201
25371,1,0,0.6328129
25372,1,0,0.63009775
25373,0,0,0.6334853
25374,2,0,0.6699193
25375,2,0,0.66005355
25376,2,0,0.66963166
25377,0,0,0.68938524
25378,0,0,0.6830796
25379,1,0,0.6819184
25380,2,0,0.69296306
25381,0,0,0.707154
25382,0,0,0.7232878
25383,0,0,0.7230821
25384,2,0,0.72601175
25385,3,0,0.7098004
25386,2,0,0.7059074
25387,3,0,0.68093836
25388,0,0,0.69188726
25389,1,0,0.7149056
25390,0,0,0.7221672
25391,0,0,0.7453547
25392,1,0,0.74017686
25393,1,0,0.73251545
25394,1,0,0.70891273
25395,0,0,0.7100106
25396,1,0,0.7091798
25397,2,0,0.71712524
25398,2,0,0.72016937
25399,2,0,0.71762407
25400,0,0,0.71721804
25401,0,0,0.7154994
25402,0,0,0.7211645
25403,1,0,0.71655786
25404,3,0,0.7137512
25405,1,0,0.7222028
25406,1,0,0.7185349
25407,1,0,0.73243356
25408,0,0,0.7442325
25409,1,0,0.7546579
25410,0,0,0.7631796
25411,3,0,0.76783925
25412,0,0,0.7607589
25413,0,0,0.7647044
25414,3,0,0.76427686
25415,0,0,0.77414936
25416,2,0,0.78998697
25417,2,0,0.8047583
25418,1,0,0.7944895
25419,1,0,0.7834556
25420,1,0,0.7925155
25421,0,0,0.798329
25422,0,0,0.7846567
25423,0,0,0.7566998
25424,0,0,0.77611345
25425,1,0,0.75195026
25426,1,0,0.75788295
25427,2,0,0.7645399
25428,3,0,0.7663263
25429,0,0,0.77809715
25430,0,0,0.78748554
25431,0,0,0.8050317
25432,3,0,0.81507784
25433,2,0,0.8293609
25434,0,0,0.8278607
25435,1,0,0.8354429
25436,2,0,0.8458086
25437,2,0,0.847519
25438,0,0,0.8417913
25439,2,0,0.8228902
25440,0,0,0.81765157
25441,1,0,0.80070096
25442,0,0,0.8075032
25443,0,0,0.8139937
25444,1,0,0.8353417
25445,1,0,0.83603185
25446,0,0,0.8174607
25447,0,0,0.8119575
25448,1,0,0.8029481
25449,1,0,0.8153307
25450,0,0,0.80470777
25451,1,0,0.7950616
25452,1,0,0.81297404
25453,2,0,0.83482915
25454,0,0,0.82188654
25455,2,0,0.8441534
25456,1,0,0.85290927
25457,0,0,0.85657376
25458,1,0,0.8693192
25459,2,0,0.8510958
25460,3,0,0.83777565
25461,1,0,0.8268663
25462,2,0,0.83836603
25463,1,0,0.83926713
25464,3,0,0.8384728
25465,0,0,0.8366479
25466,1,0,0.82903045
25467,1,0,0.8252128
25468,1,0,0.83100283
25469,1,0,0.8399512
25470,1,0,0.8452912
25471,3,0,0.86957777
25472,1,0,0.8715537
25473,0,0,0.8863082
25474,3,0,0.8809451
25475,0,0,0.90648466
25476,0,0,0.91244566
25477,2,0,0.9020255
25478,1,0,0.91533667
25479,1,0,0.91866356
25480,1,0,0.933599
25481,1,0,0.9439307
25482,3,0,0.9366363
25483,0,0,0.93843246
25484,0,0,0.94662845
25485,0,0,0.95173794
25486,0,0,0.95267236
25487,3,0,0.9486
25488,0,0,0.9438636
25489,0,0,0.9732889
25490,0,0,1.008707
25491,2,0,1.017077
25492,1,0,1.0226853
25493,1,0,1.040936
25494,2,0,1.0578959
25495,0,0,1.0735213
25496,0,0,1.0716993
25497,0,0,1.0766577
25498,3,0,1.0822138
25499,3,0,1.0994471
25500,0,0,1.0886056
25501,1,0,1.0933906
25502,1,0,1.0941906
25503,3,0,1.1174368
25504,3,0,1.1225656
25505,1,0,1.1360836
25506,2,0,1.158704
25507,3,0,1.1684649
25508,2,0,1.1605501
25509,0,0,1.1722444
25510,1,0,1.1675837
25511,1,0,1.1817385
25512,0,0,1.2135626
25513,0,0,1.2382443
25514,0,0,1.2476373
25515,0,0,1.2447894
25516,0,0,1.2609708
25517,2,0,1.2678852
25518,0,0,1.3308767
25519,3,0,1.3418111
25520,2,0,1.3253037
25521,0,0,1.3327425
25522,0,1,0.8088105
25523,0,1,0.8195235
25524,0,1,0.8187473
25525,1,1,0.84675896
25526,1,1,0.8467172
25527,3,1,0.8472284
25528,2,1,0.8520082
25529,3,1,0.8802686
25530,1,1,0.8827037
25531,3,1,0.8851661
25532,1,1,0.8953543
25533,1,1,0.8728289
25534,0,1,0.88647276
25535,2,1,0.88294405
25536,3,1,0.8830405
25537,1,1,0.88236743
25538,1,1,0.8814815
25539,3,1,0.8620113
25540,2,1,0.8596698
25541,0,1,0.85798377
25542,1,1,0.87050104
25543,0,1,0.89478296
25544,1,1,0.88187855
25545,1,1,0.87991035
25546,0,1,0.8887015
25547,2,1,0.8884968
25548,0,1,0.88581425
25549,0,1,0.8772329
25550,0,1,0.8839663
25551,1,1,0.88818085
25552,2,1,0.8640629
25553,2,1,0.8658832
25554,2,1,0.8586412
25555,1,1,0.83490086
25556,0,1,0.8393318
25557,0,1,0.84908503
25558,2,1,0.85403484
25559,0,1,0.8108004
25560,0,1,0.8037737
25561,1,1,0.7961448
25562,3,1,0.7966847
25563,0,1,0.7959916
25564,1,1,0.7950616
25565,2,1,0.81723684
25566,0,1,0.7849529
25567,1,1,0.7725284
25568,0,0,0.8507588
25569,2,0,0.85224193
25570,1,0,0.836377
25571,1,0,0.83958346
25572,3,0,0.8446883
25573,3,0,0.818347
25574,3,0,0.8146322
25575,0,0,0.8038192
25576,1,0,0.7721711
25577,2,0,0.75811136
25578,1,0,0.7442249
25579,0,0,0.8292365
25580,0,0,0.8203006
25581,1,0,0.8128024
25582,0,0,0.82076406
25583,1,0,0.8211044
25584,0,0,0.8255597
25585,1,0,0.87958276
25586,0,0,0.8933271
25587,2,0,0.95545584
25588,3,0,0.9475948
25589,0,0,0.94659775
25590,3,0,0.9520857
25591,3,0,0.95664835
25592,0,0,0.9570985
25593,0,0,0.96503115
25594,0,0,0.96707124
25595,2,0,0.96440446
25596,0,0,0.9766288
25597,2,0,0.96812356
25598,2,0,0.89175075
25599,0,0,0.8859707
25600,3,0,0.8941592
25601,0,0,0.8963811
25602,1,0,0.885763
25603,2,0,0.8851882
25604,1,0,0.90044373
25605,1,0,0.9050509
25606,1,0,0.9085901
25607,0,0,0.8969663
25608,1,0,0.9074455
25609,1,0,0.8441034
25610,2,0,0.8541703
25611,0,0,0.87021327
25612,3,0,0.8665942
25613,3,0,0.93227714
25614,1,0,0.94528306
25615,0,0,0.89072806
25616,3,0,0.88293797
25617,0,0,0.8220586
25618,0,0,0.8137981
25619,0,0,0.823196
25620,0,0,0.80461574
25621,0,0,0.7918203
25622,1,0,0.7918686
25623,0,0,0.8034298
25624,1,0,0.7843455
25625,1,0,0.78286237
25626,0,0,0.7779539
25627,0,0,0.791059
25628,2,0,0.80559623
25629,1,0,0.80035126
25630,3,0,0.78085315
25631,1,0,0.77120334
25632,0,0,0.75620294
25633,0,0,0.7460122
25634,3,0,0.7220985
25635,0,0,0.7329765
25636,1,0,0.7412799
25637,0,0,0.74678504
25638,2,0,0.73762524
25639,1,0,0.79521996
25640,3,0,0.78758645
25641,1,0,0.7725999
25642,1,0,0.78822654
25643,2,0,0.7134192
25644,3,0,0.7046013
25645,2,0,0.6948086
25646,2,0,0.6942205
25647,3,0,0.6945383
25648,3,0,0.69577134
25649,1,0,0.6899126
25650,1,0,0.6980743
25651,0,0,0.70190185
25652,0,0,0.7070592
25653,0,0,0.69079
25654,2,0,0.69301486
25655,3,0,0.68419105
25656,1,0,0.6968719
25657,2,0,0.69897634
25658,0,0,0.6993191
25659,2,0,0.7047096
25660,0,0,0.72047675
25661,1,0,0.7173604
25662,0,0,0.715386
25663,1,0,0.729183
25664,0,0,0.7295249
25665,2,0,0.73888004
25666,1,0,0.7256837
25667,0,0,0.7299881
25668,3,0,0.7556916
25669,0,0,0.70080954
25670,0,0,0.7022989
25671,1,0,0.7092782
25672,1,0,0.70272785
25673,1,0,0.715955
25674,1,0,0.7193929
25675,0,0,0.71110475
25676,3,0,0.7108862
25677,3,0,0.7113274
25678,0,0,0.71672046
25679,1,0,0.69845736
25680,0,0,0.70489687
25681,0,0,0.7077862
25682,0,0,0.7100161
25683,1,0,0.71665096
25684,2,0,0.73136914
25685,0,0,0.7502551
25686,2,0,0.74998033
25687,1,0,0.74400115
25688,0,0,0.7476116
25689,3,0,0.7518226
25690,3,0,0.7990265
25691,1,0,0.81151843
25692,3,0,0.8193644
25693,3,0,0.8287463
25694,2,0,0.86283445
25695,0,0,0.87286395
25696,1,0,0.88535225
25697,0,0,0.90086806
25698,1,0,0.9403558
25699,1,0,0.9686716
25700,0,0,0.99016017
25701,3,0,1.0053238
25702,1,0,1.0635881
25703,1,0,1.0675604
25704,0,0,1.0949644
25705,2,0,1.1120205
25706,0,0,1.151642
25707,2,0,1.1618943
25708,0,0,1.1840712
25709,2,0,1.2298356
25710,2,0,1.2428883
25711,1,0,1.2925661
25712,0,0,1.3211513
25713,0,0,1.3381255
25714,2,0,1.369609
25715,3,0,1.4055248
25716,0,0,1.4085633
25717,1,0,1.4548503
25718,2,0,1.5134145
25719,2,0,1.5331326
25720,0,0,1.5566202
25721,1,0,1.5796708
25722,0,0,1.5968904
25723,0,0,1.6510719
25724,0,0,1.6781424
25725,2,0,1.6894212
25726,0,0,1.7296143
25727,1,0,1.7858499
25728,2,0,1.7549478
25729,3,0,1.7966568
25730,0,0,1.8091062
25731,0,0,1.8285658
25732,2,0,1.8028009
25733,0,0,1.9023159
25734,3,0,1.9831892
25735,0,0,2.087065
25736,1,0,2.1535702
25737,0,0,2.176718
25738,3,0,2.2867668
25739,1,0,2.2824454
25740,0,0,2.3139224
25741,0,0,2.316135
25742,1,0,2.4809947
25743,0,0,2.6200557
25744,0,1,1.002323
25745,2,1,0.9948372
25746,3,1,0.9952629
25747,1,1,0.9459524
25748,1,1,0.9393053
25749,1,1,0.9173085
25750,1,1,0.92657745
25751,2,1,0.8992683
25752,0,1,0.8905342
25753,3,1,0.88932294
25754,3,1,0.8993182
25755,0,1,0.91114795
25756,3,1,0.9204199
25757,1,1,0.94768435
25758,1,1,0.94881284
25759,2,1,0.94530976
25760,3,1,0.87572765
25761,0,1,0.87280023
25762,1,1,0.8602966
25763,0,1,0.8524714
25764,3,1,0.8544611
25765,1,1,0.8337732
25766,0,1,0.8199904
25767,1,1,0.8216901
25768,3,1,0.82480925
25769,2,1,0.8290452
25770,1,1,0.8433203
25771,0,1,0.7931779
25772,0,1,0.78844774
25773,2,1,0.8002031
25774,0,1,0.78617305
25775,1,1,0.78101087
25776,3,1,0.76188624
25777,1,1,0.7399492
25778,1,1,0.7326248
25779,0,1,0.7392347
25780,1,1,0.7191538
25781,2,1,0.73406315
25782,1,1,0.7433915
25783,1,1,0.77689093
25784,0,1,0.8387489
25785,1,1,0.82323647
25786,0,1,0.8313437
25787,0,1,0.8050428
25788,1,1,0.8153301
25789,3,1,0.804908
25790,0,1,0.8403384
25791,3,1,0.8642276
25792,2,1,0.8654184
25793,1,0,0.8563717
25794,0,0,0.84161335
25795,0,0,0.8545018
25796,3,0,0.851746
25797,0,0,0.8452508
25798,0,0,0.86436766
25799,2,0,0.86972094
25800,1,0,0.8669339
25801,1,0,0.8591962
25802,3,0,0.855305
25803,0,0,0.9148478
25804,1,0,0.92847794
25805,0,0,0.9212255
25806,3,0,0.9433479
25807,1,0,0.9447698
25808,2,0,0.92860836
25809,1,0,0.9321166
25810,2,0,0.93220687
25811,2,0,0.9144067
25812,1,0,0.9043029
25813,0,0,0.90630156
25814,0,0,0.84057707
25815,3,0,0.83719015
25816,1,0,0.84021306
25817,0,0,0.8501652
25818,0,0,0.8420241
25819,3,0,0.8494721
25820,0,0,0.8421301
25821,3,0,0.83831155
25822,0,0,0.8420409
25823,1,0,0.84492195
25824,1,0,0.838327
25825,0,0,0.83060014
25826,0,0,0.84089124
25827,0,0,0.8403669
25828,0,0,0.84933925
25829,0,0,0.8473652
25830,1,0,0.84382033
25831,0,0,0.83311707
25832,3,0,0.82086134
25833,1,0,0.7572812
25834,0,0,0.73273796
25835,3,0,0.752739
25836,0,0,0.740898
25837,3,0,0.7317369
25838,3,0,0.7219348
25839,0,0,0.6983794
25840,1,0,0.6769007
25841,0,0,0.7084736
25842,0,0,0.7076402
25843,1,0,0.7024848
25844,1,0,0.70844597
25845,0,0,0.71122026
25846,0,0,0.6890001
25847,1,0,0.7365354
25848,3,0,0.75123715
25849,1,0,0.73295766
25850,1,0,0.7385004
25851,1,0,0.71430546
25852,3,0,0.69974613
25853,0,0,0.7128284
25854,2,0,0.7055906
25855,0,0,0.72382444
25856,3,0,0.73581594
25857,1,0,0.73031616
25858,3,0,0.7092
25859,2,0,0.69842684
25860,0,0,0.707724
25861,0,0,0.7051219
25862,0,0,0.7212509
25863,0,0,0.7137491
25864,1,0,0.7102632
25865,3,0,0.7151619
25866,1,0,0.6995097
25867,0,0,0.704965
25868,0,0,0.7067063
25869,1,0,0.7105896
25870,1,0,0.7257207
25871,0,0,0.70608234
25872,2,0,0.7109333
25873,2,0,0.6985052
25874,0,0,0.68540055
25875,0,0,0.67673475
25876,1,0,0.66062903
25877,0,0,0.6068483
25878,0,0,0.58117783
25879,0,0,0.5937374
25880,2,0,0.5838425
25881,0,0,0.5995088
25882,0,0,0.585539
25883,1,0,0.5697479
25884,0,0,0.57292783
25885,0,0,0.5578948
25886,0,0,0.53439265
25887,0,0,0.5450827
25888,3,0,0.55511695
25889,0,0,0.5519666
25890,2,0,0.54723597
25891,1,0,0.5420523
25892,3,0,0.5234678
25893,1,0,0.5152876
25894,0,0,0.51013225
25895,1,0,0.481321
25896,0,0,0.47554854
25897,2,0,0.47375613
25898,0,0,0.49858072
25899,0,0,0.4815016
25900,2,0,0.4834165
25901,1,0,0.5059009
25902,1,0,0.5118844
25903,0,0,0.5318904
25904,1,0,0.5522474
25905,3,0,0.56985354
25906,0,0,0.5721354
25907,2,0,0.56944656
25908,0,0,0.5758421
25909,0,0,0.5616313
25910,2,0,0.5561132
25911,1,0,0.54623896
25912,1,0,0.54848546
25913,3,0,0.5593518
25914,3,0,0.56129974
25915,0,0,0.5645356
25916,1,0,0.57106465
25917,0,0,0.55063456
25918,1,0,0.5423009
25919,0,0,0.5452793
25920,3,0,0.535078
25921,1,0,0.55071896
25922,2,0,0.569301
25923,0,0,0.5770481
25924,2,0,0.6000597
25925,0,0,0.59826666
25926,2,0,0.6283592
25927,1,0,0.63204664
25928,0,0,0.6244872
25929,0,0,0.64723295
25930,2,0,0.66126615
25931,3,0,0.67138946
25932,0,0,0.67071784
25933,0,0,0.6625023
25934,0,0,0.65705585
25935,1,0,0.6360345
25936,0,0,0.644586
25937,0,0,0.654304
25938,1,0,0.6656508
25939,2,0,0.6856079
25940,0,0,0.69182664
25941,1,0,0.7023938
25942,2,0,0.71865857
25943,1,0,0.72833264
25944,1,0,0.75830245
25945,0,0,0.7718834
25946,1,0,0.7768479
25947,2,0,0.80290836
25948,0,0,0.8128462
25949,2,0,0.8145097
25950,3,0,0.8276846
25951,0,0,0.83784163
25952,3,0,0.8390936
25953,1,0,0.8527152
25954,0,0,0.8549647
25955,2,0,0.87365115
25956,1,0,0.8612293
25957,0,0,0.8743691
25958,0,0,0.8824461
25959,1,0,0.8840834
25960,2,0,0.9245461
25961,1,0,0.91193324
25962,0,0,0.91158885
25963,0,0,0.93626165
25964,1,0,0.9881398
25965,2,0,1.0248401
25966,0,0,1.0564495
25967,0,0,1.0514913
25968,2,0,1.0937885
25969,1,0,1.1075339
25970,0,0,1.1290715
25971,2,0,1.1330595
25972,1,0,1.1520678
25973,1,0,1.1533811
25974,3,0,1.1426513
25975,0,0,1.1400876
25976,0,0,1.2018042
25977,0,0,1.2130603
25978,3,1,0.55343455
25979,0,1,0.55011296
25980,2,1,0.58301157
25981,0,1,0.57955116
25982,1,1,0.5819773
25983,3,1,0.56876135
25984,3,1,0.60732293
25985,0,1,0.6014643
25986,0,1,0.6392364
25987,2,1,0.62983674
25988,2,1,0.6341026
25989,1,1,0.6282875
25990,0,1,0.6496658
25991,2,1,0.6326929
25992,3,1,0.60543007
25993,0,1,0.59203434
25994,1,1,0.62333345
25995,3,1,0.59961545
25996,0,1,0.58981055
25997,1,1,0.60393524
25998,1,1,0.59415203
25999,0,1,0.62282294
26000,0,1,0.62839663
26001,2,1,0.64470625
26002,1,1,0.6480838
26003,0,1,0.653945
26004,3,1,0.6523105
26005,0,1,0.6635881
26006,0,1,0.66639227
26007,0,1,0.69069695
26008,1,1,0.67447793
26009,0,1,0.670117
26010,0,1,0.67894536
26011,0,0,0.68182576
26012,2,0,0.7088524
26013,1,0,0.6889454
26014,2,0,0.6974423
26015,3,0,0.6998399
26016,2,0,0.7057265
26017,3,0,0.73835844
26018,0,0,0.72905767
26019,2,0,0.74391705
26020,1,0,0.7199897
26021,1,0,0.7362083
26022,0,0,0.75766623
26023,3,0,0.77371395
26024,1,0,0.7596826
26025,1,0,0.7690392
26026,1,0,0.7688277
26027,0,0,0.7636992
26028,0,0,0.7829862
26029,1,0,0.7750004
26030,1,0,0.77732533
26031,1,0,0.77027726
26032,0,0,0.7607171
26033,1,0,0.74597526
26034,3,0,0.7585569
26035,1,0,0.7499916
26036,0,0,0.73998624
26037,0,0,0.7437928
26038,2,0,0.7372659
26039,0,0,0.73340464
26040,3,0,0.72322184
26041,0,0,0.7117928
26042,0,0,0.71898186
26043,0,0,0.7277401
26044,1,0,0.7068542
26045,0,0,0.69565225
26046,0,0,0.6909586
26047,3,0,0.678746
26048,1,0,0.679801
26049,1,0,0.6808364
26050,0,0,0.6755759
26051,1,0,0.6894719
26052,3,0,0.687927
26053,0,0,0.69150436
26054,2,0,0.6883907
26055,3,0,0.66751724
26056,0,0,0.66070694
26057,2,0,0.6391975
26058,3,0,0.6140575
26059,3,0,0.6176932
26060,0,0,0.6072099
26061,3,0,0.59481823
26062,0,0,0.6170166
26063,1,0,0.6266286
26064,3,0,0.60492605
26065,0,0,0.5910477
26066,0,0,0.5994673
26067,0,0,0.5938153
26068,3,0,0.5940637
26069,2,0,0.59754354
26070,0,0,0.6182731
26071,0,0,0.6059442
26072,2,0,0.57758355
26073,1,0,0.57518506
26074,1,0,0.5745642
26075,0,0,0.56759393
26076,0,0,0.5595986
26077,0,0,0.5557678
26078,0,0,0.5524494
26079,3,0,0.57321876
26080,1,0,0.5671075
26081,1,0,0.5606338
26082,0,0,0.5593313
26083,1,0,0.54009014
26084,0,0,0.5463572
26085,2,0,0.5560498
26086,0,0,0.55640775
26087,2,0,0.560699
26088,3,0,0.5756098
26089,2,0,0.5722286
26090,0,0,0.55803627
26091,2,0,0.55083823
26092,0,0,0.5285196
26093,0,0,0.5102015
26094,0,0,0.53687435
26095,1,0,0.57550937
26096,1,0,0.5682329
26097,1,0,0.55244994
26098,1,0,0.5512608
26099,1,0,0.5590686
26100,0,0,0.5322906
26101,1,0,0.55325276
26102,1,0,0.55411094
26103,1,0,0.5437437
26104,3,0,0.57286453
26105,3,0,0.5793285
26106,3,0,0.59626085
26107,2,0,0.6080603
26108,1,0,0.6313839
26109,0,0,0.6338675
26110,2,0,0.6488246
26111,3,0,0.6476085
26112,0,0,0.6414652
26113,1,0,0.6329937
26114,0,0,0.6252121
26115,1,0,0.61473054
26116,2,0,0.62795484
26117,2,0,0.60729885
26118,0,0,0.6071284
26119,3,0,0.5889223
26120,1,0,0.59903
26121,0,0,0.62785757
26122,0,0,0.6391464
26123,0,0,0.65714186
26124,1,0,0.66307837
26125,1,0,0.64689654
26126,1,0,0.65257996
26127,0,0,0.66502434
26128,0,0,0.68556523
26129,0,0,0.6784729
26130,1,0,0.7107272
26131,2,0,0.7169564
26132,3,0,0.73973197
26133,2,0,0.76823604
26134,3,0,0.756915
26135,1,0,0.7824244
26136,0,0,0.78551376
26137,3,0,0.78906405
26138,1,0,0.7920966
26139,2,0,0.7838837
26140,3,0,0.7966637
26141,3,0,0.8160264
26142,0,0,0.8348545
26143,0,0,0.8457846
26144,0,0,0.85775554
26145,0,0,0.8772616
26146,0,0,0.8928275
26147,1,0,0.9216852
26148,0,0,0.93752444
26149,2,0,0.9650562
26150,0,0,1.0340278
26151,2,0,1.0603422
26152,1,0,1.1527722
26153,1,0,1.1988782
26154,0,0,1.2697797
26155,3,0,1.3187162
26156,2,1,0.67175025
26157,3,1,0.65585935
26158,0,1,0.6467755
26159,0,1,0.64030147
26160,3,1,0.6452131
26161,0,1,0.63073957
26162,1,1,0.62998784
26163,0,1,0.61106
26164,0,1,0.62646157
26165,3,1,0.6172753
26166,2,1,0.6184563
26167,1,1,0.61201227
26168,0,1,0.61726624
26169,1,1,0.59678674
26170,0,1,0.62153745
26171,2,1,0.61887175
26172,1,1,0.61973363
26173,3,1,0.63263535
26174,0,1,0.62442076
26175,2,1,0.60309505
26176,2,1,0.61161536
26177,0,1,0.60420066
26178,1,1,0.59190196
26179,1,1,0.58731264
26180,3,1,0.5827576
26181,2,1,0.5909004
26182,2,1,0.5939699
26183,2,1,0.5930783
26184,0,1,0.58151233
26185,0,1,0.5668045
26186,2,1,0.58230746
26187,0,1,0.6068172
26188,2,1,0.59554833
26189,0,1,0.60250014
26190,1,1,0.60805184
26191,1,1,0.61507463
26192,0,1,0.61742544
26193,2,1,0.6303502
26194,1,1,0.62554294
26195,1,1,0.6283835
26196,0,1,0.64924246
26197,0,1,0.66445136
26198,1,1,0.6629152
26199,0,1,0.6742242
26200,1,1,0.6533295
26201,0,1,0.65013134
26202,0,1,0.6531588
26203,0,1,0.66847205
26204,0,1,0.67081916
26205,0,1,0.68278646
26206,2,1,0.6816894
26207,1,1,0.6869189
26208,1,1,0.6886708
26209,1,1,0.69450366
26210,0,0,0.69957006
26211,1,0,0.6855045
26212,3,0,0.6871315
26213,0,0,0.67305934
26214,0,0,0.65696603
26215,1,0,0.6642496
26216,0,0,0.66338557
26217,0,0,0.64834005
26218,2,0,0.6635115
26219,2,0,0.66666806
26220,1,0,0.6759554
26221,1,0,0.6933939
26222,0,0,0.69361806
26223,0,0,0.67654604
26224,0,0,0.7300206
26225,2,0,0.73482955
26226,0,0,0.7159321
26227,0,0,0.70098245
26228,2,0,0.6955019
26229,0,0,0.6958926
26230,1,0,0.692518
26231,0,0,0.6825554
26232,1,0,0.678483
26233,0,0,0.67248183
26234,1,0,0.6767703
26235,0,0,0.6691022
26236,0,0,0.6685826
26237,0,0,0.6415159
26238,0,0,0.6550487
26239,0,0,0.6630864
26240,3,0,0.6521744
26241,0,0,0.65369236
26242,2,0,0.651225
26243,0,0,0.668713
26244,3,0,0.6839743
26245,2,0,0.6850921
26246,2,0,0.6716718
26247,1,0,0.66664225
26248,0,0,0.65750635
26249,2,0,0.64977676
26250,1,0,0.6539499
26251,2,0,0.63971066
26252,1,0,0.65484345
26253,3,0,0.65711194
26254,3,0,0.5853284
26255,2,0,0.56084853
26256,0,0,0.56445885
26257,0,0,0.5848275
26258,1,0,0.60433
26259,0,0,0.61671317
26260,0,0,0.6286813
26261,3,0,0.6225526
26262,3,0,0.64220655
26263,3,0,0.6385965
26264,1,0,0.64758694
26265,2,0,0.6698817
26266,1,0,0.67112243
26267,0,0,0.68042755
26268,2,0,0.67646253
26269,3,0,0.67817944
26270,0,0,0.663123
26271,0,0,0.66776925
26272,1,0,0.67752165
26273,1,0,0.6586693
26274,1,0,0.6359179
26275,2,0,0.66142017
26276,1,0,0.6697298
26277,1,0,0.6640289
26278,1,0,0.66629094
26279,1,0,0.6808811
26280,1,0,0.6794325
26281,3,0,0.67532015
26282,1,0,0.6759116
26283,1,0,0.6785865
26284,0,0,0.7032028
26285,3,0,0.72539765
26286,3,0,0.71906614
26287,1,0,0.703754
26288,0,0,0.7040846
26289,0,0,0.6963689
26290,1,0,0.68865615
26291,0,0,0.6914129
26292,2,0,0.69144416
26293,1,0,0.69513965
26294,3,0,0.6941305
26295,2,0,0.68988615
26296,2,0,0.70266056
26297,2,0,0.70540667
26298,1,0,0.69263613
26299,1,0,0.6826629
26300,3,0,0.69141626
26301,2,0,0.9014374
26302,1,0,0.89553535
26303,0,0,0.89072984
26304,0,0,0.8885679
26305,0,0,0.8782995
26306,1,0,0.8667715
26307,3,0,0.8673381
26308,1,0,0.8730246
26309,3,0,0.8503082
26310,0,0,0.863168
26311,3,0,0.8687213
26312,0,0,0.8735398
26313,0,0,0.8833105
26314,1,0,0.87338996
26315,2,0,0.8787022
26316,2,0,0.8889775
26317,0,0,0.90548307
26318,2,0,0.91210395
26319,0,0,0.926505
26320,3,0,0.9431966
26321,3,0,0.9604325
26322,3,0,0.95498204
26323,2,0,0.9527018
26324,1,0,0.94701326
26325,3,0,0.96473736
26326,0,0,0.94481295
26327,0,0,0.9429707
26328,0,0,0.9648222
26329,0,0,0.98347294
26330,3,0,0.9780011
26331,0,0,0.7748156
26332,0,0,0.7777287
26333,1,0,0.7812051
26334,0,0,0.8043617
26335,1,0,0.80864495
26336,1,0,0.8146874
26337,1,0,0.831952
26338,2,0,0.83095086
26339,0,0,0.8508349
26340,1,0,0.84844136
26341,2,0,0.85819244
26342,0,0,0.8683806
26343,0,0,0.87424064
26344,1,0,0.88388515
26345,0,0,0.8631655
26346,2,0,0.88203096
26347,0,0,0.8767803
26348,0,0,0.87812114
26349,1,0,0.87473714
26350,1,0,0.86315084
26351,1,0,0.8698816
26352,2,0,0.8784316
26353,1,0,0.8729
26354,1,0,0.8749769
26355,1,0,0.8560359
26356,1,0,0.8526692
26357,2,0,0.8665203
26358,0,0,0.852894
26359,2,0,0.84127665
26360,1,0,0.84720564
26361,0,0,0.8705984
26362,1,0,0.91379935
26363,1,0,0.9300619
26364,1,0,0.922475
26365,1,0,0.93077606
26366,1,0,0.94638693
26367,0,0,0.995772
26368,1,0,1.0503367
26369,1,0,1.0542425
26370,1,0,1.0729535
26371,0,0,1.0667436
26372,0,0,1.0702957
26373,1,0,1.077516
26374,1,0,1.1206793
26375,1,0,1.207033
26376,0,0,1.2541718
26377,1,0,1.2615256
26378,0,0,1.2619151
26379,1,0,1.282618
26380,1,0,1.3271248
26381,3,0,1.3597692
26382,3,0,1.391081
26383,1,0,1.4228454
26384,0,0,1.4549708
26385,1,0,1.4589416
26386,1,0,1.4671613
26387,1,0,1.4948713
26388,3,0,1.5165883
26389,3,0,1.5278888
26390,3,0,1.526375
26391,1,0,1.548991
26392,1,0,1.5242484
26393,0,0,1.5627775
26394,3,0,1.6134707
26395,0,0,1.6534643
26396,0,0,1.6922648
26397,0,0,1.6869067
26398,0,0,1.7276245
26399,0,0,1.7839693
26400,1,0,1.7726076
26401,0,0,1.8934536
26402,0,0,1.9197845
26403,1,0,2.0306916
26404,1,0,2.102371
26405,2,0,2.0746858
26406,0,1,0.66693026
26407,0,1,0.6702683
26408,2,1,0.65403163
26409,0,1,0.636436
26410,3,1,0.62109256
26411,2,1,0.62145966
26412,0,1,0.60845464
26413,2,1,0.60821706
26414,1,1,0.58223003
26415,2,1,0.5626787
26416,0,1,0.5534131
26417,1,1,0.55254376
26418,0,1,0.5425446
26419,3,1,0.5386581
26420,2,1,0.55445015
26421,0,1,0.5764817
26422,2,1,0.5550965
26423,3,1,0.5566013
26424,2,1,0.553449
26425,1,1,0.5408408
26426,0,1,0.52367175
26427,0,1,0.5212359
26428,0,1,0.49822307
26429,1,1,0.49265486
26430,1,1,0.501795
26431,3,1,0.5204045
26432,3,1,0.51097447
26433,2,1,0.48498696
26434,0,1,0.5171565
26435,1,1,0.5306414
26436,0,1,0.5313207
26437,0,1,0.53985345
26438,0,1,0.5630218
26439,1,1,0.56531966
26440,3,1,0.573033
26441,0,1,0.5648885
26442,0,1,0.5651047
26443,0,1,0.5633291
26444,1,1,0.57047063
26445,2,1,0.5616167
26446,2,1,0.5577163
26447,2,1,0.5567076
26448,1,1,0.5636072
26449,0,1,0.56630236
26450,1,1,0.5674479
26451,2,1,0.550361
26452,1,1,0.55111617
26453,3,1,0.5778003
26454,2,1,0.61877066
26455,0,1,0.60728204
26456,0,1,0.60731524
26457,3,1,0.62727606
26458,0,1,0.64266574
26459,0,1,0.6601072
26460,1,1,0.65414244
26461,1,1,0.63719887
26462,1,1,0.6338591
26463,1,0,0.6338205
26464,0,0,0.6280038
26465,2,0,0.6198155
26466,3,0,0.62568057
26467,0,0,0.62089074
26468,0,0,0.62741363
26469,2,0,0.6493819
26470,2,0,0.6608622
26471,1,0,0.6697219
26472,1,0,0.6743629
26473,0,0,0.68997437
26474,1,0,0.703345
26475,2,0,0.71289
26476,0,0,0.7015308
26477,2,0,0.68639684
26478,1,0,0.67052495
26479,1,0,0.6533826
26480,1,0,0.6552823
26481,3,0,0.66058934
26482,1,0,0.67501086
26483,1,0,0.6568778
26484,1,0,0.6518355
26485,1,0,0.66006
26486,0,0,0.67861044
26487,1,0,0.68095326
26488,1,0,0.68398273
26489,1,0,0.67202574
26490,3,0,0.65902054
26491,3,0,0.722925
26492,3,0,0.72014195
26493,2,0,0.7304818
26494,1,0,0.71593684
26495,0,0,0.7192807
26496,1,0,0.7094802
26497,3,0,0.6984345
26498,0,0,0.68452466
26499,2,0,0.6739671
26500,1,0,0.6566792
26501,0,0,0.6541426
26502,0,0,0.6556604
26503,1,0,0.6435388
26504,0,0,0.6387023
26505,0,0,0.64085114
26506,0,0,0.6472505
26507,0,0,0.6634921
26508,3,0,0.67837095
26509,0,0,0.6865976
26510,0,0,0.6901679
26511,2,0,0.70922554
26512,0,0,0.71742404
26513,0,0,0.72160935
26514,3,0,0.71447957
26515,1,0,0.7105251
26516,0,0,0.7126416
26517,0,0,0.71087146
26518,0,0,0.6902219
26519,0,0,0.68290406
26520,1,0,0.7005653
26521,0,0,0.6349918
26522,1,0,0.6370279
26523,0,0,0.6462983
26524,1,0,0.64842993
26525,1,0,0.63370484
26526,1,0,0.6292714
26527,0,0,0.6365329
26528,0,0,0.63634163
26529,0,0,0.654582
26530,0,0,0.6724317
26531,0,0,0.67354286
26532,0,0,0.6709314
26533,0,0,0.68351156
26534,1,0,0.6816941
26535,3,0,0.6575547
26536,0,0,0.659546
26537,1,0,0.6389857
26538,0,0,0.62514114
26539,0,0,0.62505764
26540,3,0,0.6067727
26541,0,0,0.6098243
26542,0,0,0.59433764
26543,0,0,0.6005446
26544,0,0,0.5931415
26545,1,0,0.5837926
26546,0,0,0.56252754
26547,1,0,0.54101807
26548,0,0,0.5442985
26549,3,0,0.54481053
26550,1,0,0.5309476
26551,0,0,0.54269576
26552,0,0,0.5438173
26553,2,0,0.5441315
26554,3,0,0.54764426
26555,1,0,0.54694325
26556,2,0,0.54807186
26557,0,0,0.55226254
26558,1,0,0.5539324
26559,3,0,0.5337427
26560,0,0,0.52852356
26561,0,0,0.51092046
26562,0,0,0.5235548
26563,2,0,0.5168686
26564,2,0,0.5251614
26565,1,0,0.55770594
26566,2,0,0.55084723
26567,1,0,0.57163626
26568,0,0,0.5983746
26569,0,0,0.615687
26570,2,0,0.63454205
26571,0,0,0.63141084
26572,3,0,0.63609475
26573,2,0,0.6369527
26574,1,0,0.61845595
26575,3,0,0.6355398
26576,1,0,0.6527752
26577,1,0,0.6729336
26578,1,0,0.67531204
26579,0,0,0.6796731
26580,0,0,0.6962796
26581,1,0,0.6979307
26582,0,0,0.7040254
26583,1,0,0.70771873
26584,0,0,0.7186916
26585,1,0,0.73203325
26586,0,0,0.740448
26587,0,0,0.75127465
26588,2,0,0.769288
26589,1,0,0.7901703
26590,1,0,0.7880137
26591,1,0,0.802194
26592,3,0,0.79021245
26593,0,0,0.77745444
26594,1,0,0.7585335
26595,2,0,0.73593813
26596,3,0,0.765456
26597,0,0,0.7553656
26598,1,0,0.73823136
26599,1,0,0.7371752
26600,0,0,0.716147
26601,1,0,0.7210917
26602,1,0,0.72264785
26603,1,0,0.7292118
26604,3,0,0.74364823
26605,1,0,0.74821943
26606,0,0,0.7468885
26607,2,0,0.74293035
26608,2,0,0.74930036
26609,0,0,0.75384074
26610,0,0,0.7605094
26611,0,0,0.8021795
26612,2,0,0.81754535
26613,1,0,0.819116
26614,2,0,0.82311505
26615,3,0,0.8215276
26616,3,0,0.8367329
26617,0,0,0.83244085
26618,0,0,0.84787047
26619,1,0,0.8443774
26620,0,0,0.8456003
26621,2,0,0.8436394
26622,0,0,0.8666684
26623,0,0,0.8795087
26624,1,0,0.90142965
26625,0,0,0.9155244
26626,0,0,0.91096425
26627,0,0,0.91960275
26628,1,0,0.9354126
26629,1,0,0.9533736
26630,1,0,0.9635546
26631,0,0,0.95750713
26632,0,0,0.9797436
26633,0,0,0.9901193
26634,0,0,1.0069522
26635,1,0,1.0132351
26636,1,0,1.0503087
26637,1,0,1.0556517
26638,2,0,1.0688949
26639,1,0,1.0950446
26640,0,0,1.0971708
26641,0,0,1.0658879
26642,1,0,1.0569842
26643,0,0,1.0563207
26644,2,0,1.0630149
26645,0,0,1.0683043
26646,1,0,1.1204547
26647,1,0,1.1449686
26648,1,0,1.1357567
26649,2,0,1.1805277
26650,0,0,1.2487032
26651,1,0,1.2776052
26652,0,0,1.3198323
26653,0,0,1.3469238
26654,0,0,1.3950543
26655,0,0,1.4132497
26656,1,0,1.4144962
26657,1,0,1.4726226
26658,0,0,1.5279051
26659,0,0,1.7636375
26660,3,0,2.03898
26661,0,0,2.0497327
26662,0,0,2.0585275
26663,2,0,2.115751
26664,3,0,2.1744897
26665,0,0,2.19257
26666,2,1,0.66597295
26667,0,1,0.64987063
26668,1,1,0.6277165
26669,0,1,0.6108219
26670,1,1,0.6230245
26671,0,1,0.61083233
26672,1,1,0.5999361
26673,0,1,0.5994322
26674,3,1,0.6001874
26675,1,1,0.6124806
26676,1,1,0.6044781
26677,0,1,0.58138484
26678,1,1,0.60107726
26679,2,1,0.60853255
26680,3,1,0.6068315
26681,0,1,0.61237526
26682,1,1,0.6150362
26683,3,1,0.61629933
26684,1,1,0.6046411
26685,2,1,0.6251999
26686,3,1,0.60932887
26687,0,1,0.6413514
26688,0,1,0.6594837
26689,1,1,0.65277606
26690,2,1,0.6459388
26691,1,1,0.631135
26692,1,1,0.63865906
26693,3,1,0.63240826
26694,2,1,0.61765987
26695,1,1,0.61987084
26696,0,1,0.62039596
26697,1,1,0.6202566
26698,3,1,0.60894895
26699,0,1,0.59326595
26700,2,1,0.61211014
26701,1,1,0.63669026
26702,1,1,0.6639524
26703,0,0,0.6520562
26704,0,0,0.6388489
26705,1,0,0.62753546
26706,0,0,0.61814684
26707,3,0,0.60084915
26708,1,0,0.58092535
26709,0,0,0.5962442
26710,0,0,0.62566584
26711,0,0,0.61679244
26712,0,0,0.6194742
26713,0,0,0.6351075
26714,0,0,0.63756394
26715,1,0,0.6098197
26716,1,0,0.6005604
26717,3,0,0.6027337
26718,2,0,0.5809824
26719,3,0,0.58513564
26720,0,0,0.59197795
26721,0,0,0.5886066
26722,0,0,0.5688072
26723,2,0,0.5751179
26724,0,0,0.5731417
26725,3,0,0.5780372
26726,0,0,0.5866556
26727,1,0,0.6159502
26728,1,0,0.6114804
26729,0,0,0.60159844
26730,0,0,0.5710307
26731,1,0,0.5412266
26732,2,0,0.55342585
26733,3,0,0.5865428
26734,1,0,0.57947546
26735,2,0,0.5802285
26736,1,0,0.58789456
26737,0,0,0.5906843
26738,3,0,0.5880219
26739,3,0,0.5726791
26740,1,0,0.5491734
26741,0,0,0.5447585
26742,2,0,0.53624254
26743,2,0,0.55248755
26744,1,0,0.5413371
26745,2,0,0.53813404
26746,1,0,0.5339898
26747,0,0,0.51814765
26748,3,0,0.5263836
26749,3,0,0.53417873
26750,1,0,0.5272019
26751,0,0,0.5501947
26752,0,0,0.54142016
26753,0,0,0.54313
26754,3,0,0.5710898
26755,0,0,0.577712
26756,0,0,0.55926776
26757,0,0,0.53002435
26758,2,0,0.5318493
26759,0,0,0.5677836
26760,1,0,0.58716834
26761,1,0,0.58367914
26762,2,0,0.5597319
26763,1,0,0.5465632
26764,3,0,0.5522028
26765,1,0,0.55929375
26766,2,0,0.54643476
26767,1,0,0.5378256
26768,0,0,0.5534076
26769,1,0,0.5714749
26770,3,0,0.5911465
26771,3,0,0.59738857
26772,2,0,0.6046139
26773,0,0,0.5919259
26774,0,0,0.59710735
26775,0,0,0.6673069
26776,3,0,0.67179567
26777,2,0,0.6811908
26778,0,0,0.68390864
26779,3,0,0.6792741
26780,2,0,0.6817235
26781,0,0,0.6757941
26782,1,0,0.6819768
26783,1,0,0.6796835
26784,0,0,0.661293
26785,3,0,0.6530192
26786,0,0,0.674709
26787,1,0,0.69422656
26788,0,0,0.70205384
26789,0,0,0.6937668
26790,0,0,0.688725
26791,0,0,0.70550287
26792,2,0,0.71120197
26793,0,0,0.7087954
26794,2,0,0.7210949
26795,0,0,0.74158376
26796,0,0,0.76637125
26797,2,0,0.7744382
26798,2,0,0.7786413
26799,0,0,0.78254414
26800,1,0,0.7939324
26801,1,0,0.80838233
26802,0,0,0.82159644
26803,1,0,0.8283552
26804,1,0,0.8486769
26805,1,0,0.83603513
26806,3,0,0.8317461
26807,2,0,0.82626224
26808,1,0,0.8446722
26809,1,0,0.8540239
26810,1,0,0.87492406
26811,3,0,0.8896991
26812,1,0,0.92253476
26813,1,0,0.94782645
26814,0,0,0.9637085
26815,0,0,1.0484717
26816,2,0,1.061467
26817,1,0,1.0713257
26818,1,0,1.094927
26819,0,0,1.1055399
26820,1,0,1.1708076
26821,1,0,1.1941074
26822,1,0,1.2187091
26823,0,0,1.2692972
26824,1,0,1.2820586
26825,1,0,1.2931412
26826,0,0,1.3213995
26827,0,0,1.3478594
26828,1,0,1.4061779
26829,0,0,1.4620197
26830,3,0,1.4769591
26831,3,0,1.5048379
26832,1,0,1.6271728
26833,1,0,1.6529663
26834,0,0,1.7824248
26835,2,0,1.8394958
26836,1,0,1.930106
26837,0,0,1.949957
26838,1,0,2.0830755
26839,1,0,2.1876225
26840,0,0,2.2818887
26841,1,0,2.4066248
26842,3,0,2.5324044
26843,3,0,2.6229274
26844,0,0,2.6659992
26845,1,0,2.7399426
26846,0,0,2.8779924
26847,1,0,3.0318677
26848,2,0,3.0773773
26849,0,0,3.1236782
26850,0,0,3.2359717
26851,1,0,3.2783787
26852,3,0,3.4609306
26853,0,0,3.7292795
26854,0,0,3.9115777
26855,0,0,4.119692
26856,0,0,4.4707093
26857,0,0,4.839718
26858,1,0,5.035255
26859,2,1,0.64784855
26860,0,1,0.65354335
26861,1,1,0.6400002
26862,1,1,0.60660845
26863,0,1,0.62318873
26864,1,1,0.604502
26865,0,1,0.63443255
26866,0,1,0.6593663
26867,3,1,0.6682245
26868,3,1,0.6697013
26869,1,1,0.6749162
26870,0,1,0.69352925
26871,1,1,0.683342
26872,0,1,0.6798616
26873,0,1,0.6869604
26874,2,1,0.68065155
26875,0,1,0.6990358
26876,2,1,0.6954621
26877,0,1,0.68432873
26878,2,1,0.6692389
26879,0,1,0.6724245
26880,1,1,0.6592835
26881,2,1,0.6820562
26882,3,1,0.6736973
26883,0,0,0.6884969
26884,1,0,0.69154066
26885,0,0,0.6882664
26886,1,0,0.70730513
26887,1,0,0.689162
26888,2,0,0.6901552
26889,1,0,0.6821745
26890,1,0,0.67643064
26891,3,0,0.6982821
26892,2,0,0.6934043
26893,1,0,0.6910633
26894,0,0,0.6804438
26895,1,0,0.67522824
26896,3,0,0.68060416
26897,1,0,0.70129436
26898,1,0,0.6942473
26899,1,0,0.70865834
26900,0,0,0.70032
26901,2,0,0.71411765
26902,0,0,0.7061447
26903,1,0,0.6913866
26904,0,0,0.698032
26905,1,0,0.6842695
26906,0,0,0.6759475
26907,1,0,0.6731235
26908,2,0,0.6932418
26909,1,0,0.6921194
26910,1,0,0.6873439
26911,0,0,0.6715342
26912,0,0,0.69639003
26913,1,0,0.6825187
26914,2,0,0.6721479
26915,1,0,0.65449435
26916,0,0,0.63909036
26917,0,0,0.6470036
26918,0,0,0.6571946
26919,0,0,0.6486211
26920,3,0,0.65799844
26921,0,0,0.6454787
26922,0,0,0.6512768
26923,1,0,0.62906647
26924,0,0,0.6341163
26925,3,0,0.61188674
26926,1,0,0.58810884
26927,0,0,0.57055265
26928,0,0,0.5892688
26929,3,0,0.5902087
26930,0,0,0.57840014
26931,0,0,0.5913665
26932,1,0,0.5921255
26933,0,0,0.61765337
26934,1,0,0.58785933
26935,2,0,0.5843163
26936,1,0,0.5862037
26937,2,0,0.5846896
26938,1,0,0.56561023
26939,0,0,0.561198
26940,0,0,0.5868404
26941,2,0,0.5818396
26942,1,0,0.5819586
26943,1,0,0.59317416
26944,0,0,0.61910105
26945,0,0,0.6228165
26946,2,0,0.65273154
26947,1,0,0.6681127
26948,3,0,0.6691415
26949,0,0,0.6840078
26950,1,0,0.702613
26951,2,0,0.7070223
26952,2,0,0.6947252
26953,1,0,0.70172316
26954,1,0,0.6842266
26955,0,0,0.6846465
26956,2,0,0.70956576
26957,3,0,0.7025733
26958,1,0,0.69282186
26959,2,0,0.6960779
26960,1,0,0.7075849
26961,1,0,0.71480376
26962,1,0,0.710931
26963,1,0,0.6991084
26964,0,0,0.72627664
26965,2,0,0.7356686
26966,3,0,0.7243232
26967,0,0,0.7322336
26968,2,0,0.7344547
26969,3,0,0.72955185
26970,0,0,0.7141654
26971,0,0,0.7262606
26972,3,0,0.7275092
26973,1,0,0.7258665
26974,1,0,0.73542047
26975,0,0,0.76024806
26976,3,0,0.75681233
26977,0,0,0.76340324
26978,1,0,0.7657371
26979,0,0,0.76396245
26980,0,0,0.7588617
26981,0,0,0.7912661
26982,0,0,0.8132361
26983,0,0,0.8257158
26984,0,0,0.84750223
26985,1,0,0.86531305
26986,3,0,0.86155844
26987,2,0,0.88376
26988,0,0,0.91948843
26989,1,0,0.9608745
26990,0,0,0.96213853
26991,1,0,0.96221596
26992,1,0,0.9923922
26993,2,0,1.0124662
26994,1,0,1.0251738
26995,0,0,1.0761746
26996,1,0,1.1373534
26997,0,0,1.1965624
26998,1,0,1.2188087
26999,1,0,1.230663
27000,1,0,1.2634996
27001,1,0,1.2808278
27002,3,0,1.312775
27003,3,0,1.3379995
27004,1,0,1.3736073
27005,0,0,1.4172229
27006,0,0,1.462186
27007,1,1,0.69384336
27008,1,1,0.70873576
27009,0,1,0.71186906
27010,2,1,0.72823477
27011,1,1,0.74068457
27012,2,1,0.7369788
27013,2,1,0.74939215
27014,0,1,0.7351854
27015,0,1,0.7310016
27016,0,1,0.71559167
27017,0,1,0.70173866
27018,0,1,0.7170471
27019,1,1,0.7106782
27020,0,1,0.7095217
27021,1,1,0.69519806
27022,1,1,0.7043078
27023,1,1,0.70647275
27024,1,1,0.7068249
27025,1,1,0.639208
27026,3,1,0.64500785
27027,1,1,0.633877
27028,3,1,0.6466627
27029,0,1,0.66483766
27030,3,1,0.67860734
27031,0,1,0.6742286
27032,1,1,0.6670275
27033,2,0,0.65919423
27034,0,0,0.67170674
27035,0,0,0.66299534
27036,0,0,0.66470206
27037,0,0,0.66232854
27038,0,0,0.65211034
27039,2,0,0.6552883
27040,0,0,0.63515353
27041,0,0,0.63277894
27042,2,0,0.6496622
27043,0,0,0.6406375
27044,0,0,0.6549372
27045,0,0,0.66637546
27046,2,0,0.68127805
27047,2,0,0.69770503
27048,0,0,0.7064052
27049,3,0,0.71168494
27050,0,0,0.6985846
27051,1,0,0.7098425
27052,0,0,0.70716923
27053,0,0,0.70282316
27054,3,0,0.6996238
27055,1,0,0.7217107
27056,1,0,0.73823404
27057,0,0,0.7319516
27058,1,0,0.730216
27059,1,0,0.7179088
27060,1,0,0.71363044
27061,0,0,0.7025411
27062,1,0,0.70641726
27063,1,0,0.71677643
27064,0,0,0.7179897
27065,1,0,0.7338267
27066,1,0,0.76052994
27067,1,0,0.759316
27068,1,0,0.77792466
27069,1,0,0.7546994
27070,1,0,0.7809799
27071,2,0,0.77702093
27072,0,0,0.766841
27073,0,0,0.7631943
27074,0,0,0.7428412
27075,0,0,0.7187305
27076,2,0,0.70799494
27077,0,0,0.68930125
27078,1,0,0.6758931
27079,1,0,0.6510313
27080,0,0,0.6835631
27081,1,0,0.6687664
27082,0,0,0.6822952
27083,0,0,0.6669486
27084,0,0,0.6462234
27085,1,0,0.6341014
27086,2,0,0.63864195
27087,3,0,0.6433695
27088,3,0,0.6426789
27089,3,0,0.64836764
27090,1,0,0.6482056
27091,0,0,0.6562433
27092,0,0,0.6643704
27093,3,0,0.67915976
27094,0,0,0.6713172
27095,0,0,0.66151667
27096,0,0,0.6518243
27097,1,0,0.6649828
27098,0,0,0.669966
27099,1,0,0.67765194
27100,0,0,0.673186
27101,0,0,0.7415
27102,0,0,0.7583508
27103,3,0,0.77675885
27104,0,0,0.79683393
27105,3,0,0.8184632
27106,2,0,0.81540227
27107,3,0,0.83360857
27108,0,0,0.8456141
27109,0,0,0.8767741
27110,1,0,0.8621194
27111,1,0,0.86171204
27112,1,0,0.8551064
27113,0,0,0.8589921
27114,2,0,0.8662416
27115,0,0,0.8920525
27116,1,0,0.88503987
27117,1,0,0.8980736
27118,3,0,0.9193273
27119,1,0,0.9332873
27120,0,0,0.9482053
27121,0,0,0.9691994
27122,1,0,0.98434824
27123,0,0,0.99793255
27124,1,0,1.0001668
27125,0,0,1.0089425
27126,3,0,1.0205064
27127,0,0,1.0310725
27128,0,0,1.0450375
27129,0,0,1.0830139
27130,1,0,1.1044179
27131,0,0,1.0577683
27132,2,0,1.0719768
27133,0,0,1.0733352
27134,0,0,1.0776868
27135,3,0,1.090505
27136,0,0,1.1246095
27137,0,0,1.1169747
27138,0,0,1.1811391
27139,0,0,1.1854573
27140,0,0,1.1825505
27141,1,0,1.1903448
27142,1,0,1.2179599
27143,3,0,1.2270024
27144,0,0,1.2567658
27145,2,0,1.2415912
27146,1,0,1.2740952
27147,0,0,1.3091499
27148,3,0,1.3115345
27149,3,0,1.38606
27150,0,0,1.3789983
27151,0,0,1.3722355
27152,3,0,1.3970321
27153,0,0,1.4071095
27154,1,0,1.4417924
27155,0,0,1.5173041
27156,3,0,1.5174674
27157,0,0,1.5289631
27158,0,0,1.5199345
27159,1,0,1.5152451
27160,2,0,1.5205239
27161,3,0,1.51666
27162,1,1,0.6169697
27163,1,1,0.6259498
27164,0,1,0.6039727
27165,0,1,0.5994954
27166,3,1,0.6001798
27167,0,1,0.5944552
27168,3,1,0.5886974
27169,1,1,0.59072167
27170,1,1,0.61378765
27171,1,1,0.6017333
27172,0,1,0.62628883
27173,0,1,0.6460567
27174,0,1,0.64695495
27175,0,1,0.6379648
27176,1,1,0.6227672
27177,0,1,0.6123283
27178,2,1,0.61051357
27179,2,1,0.5983389
27180,0,1,0.5963995
27181,2,1,0.5973152
27182,2,1,0.6079856
27183,1,1,0.63014793
27184,0,1,0.6307478
27185,2,1,0.63768834
27186,1,1,0.6379205
27187,0,1,0.64331794
27188,0,1,0.6385352
27189,1,1,0.65949625
27190,2,1,0.66080374
27191,0,1,0.656016
27192,1,1,0.6384789
27193,0,1,0.63768333
27194,0,1,0.64919513
27195,1,1,0.6729718
27196,1,1,0.68616825
27197,0,1,0.68434757
27198,0,1,0.7039962
27199,0,1,0.69310814
27200,1,1,0.69169855
27201,1,1,0.68370044
27202,3,1,0.68765664
27203,0,1,0.6685464
27204,3,1,0.66377234
27205,1,1,0.66569066
27206,3,1,0.67904377
27207,0,1,0.6740602
27208,2,1,0.67256236
27209,1,1,0.6677222
27210,0,1,0.6799192
27211,0,1,0.6873665
27212,1,1,0.67216974
27213,0,1,0.6717683
27214,0,1,0.68683666
27215,2,1,0.6554445
27216,0,1,0.63293266
27217,0,1,0.61850226
27218,0,1,0.6194276
27219,1,1,0.59774673
27220,1,0,0.60661566
27221,0,0,0.6624468
27222,1,0,0.66814655
27223,2,0,0.68300575
27224,1,0,0.6920433
27225,1,0,0.69164115
27226,3,0,0.6744899
27227,0,0,0.6632856
27228,0,0,0.6556359
27229,3,0,0.6755426
27230,3,0,0.6693489
27231,0,0,0.688849
27232,2,0,0.6616481
27233,2,0,0.661624
27234,0,0,0.6546813
27235,0,0,0.657265
27236,0,0,0.6460453
27237,1,0,0.6620492
27238,1,0,0.6605175
27239,1,0,0.6628893
27240,0,0,0.64325184
27241,2,0,0.64630884
27242,1,0,0.6545762
27243,0,0,0.6287684
27244,1,0,0.6289802
27245,0,0,0.65140265
27246,3,0,0.6762692
27247,0,0,0.66771173
27248,1,0,0.6865564
27249,1,0,0.69380677
27250,0,0,0.7020446
27251,1,0,0.6250733
27252,1,0,0.621821
27253,3,0,0.6101221
27254,3,0,0.61199844
27255,0,0,0.6010061
27256,0,0,0.6019578
27257,2,0,0.6049046
27258,0,0,0.5918862
27259,1,0,0.56838447
27260,0,0,0.55148673
27261,3,0,0.54823345
27262,1,0,0.55344933
27263,0,0,0.5714341
27264,1,0,0.57099056
27265,3,0,0.5557589
27266,2,0,0.5487078
27267,0,0,0.5394916
27268,1,0,0.528967
27269,0,0,0.5431264
27270,0,0,0.5716641
27271,3,0,0.55367184
27272,3,0,0.5535139
27273,3,0,0.5628088
27274,3,0,0.55721813
27275,1,0,0.5620929
27276,0,0,0.5441971
27277,0,0,0.5550046
27278,1,0,0.55512077
27279,0,0,0.57731104
27280,3,0,0.56621367
27281,2,0,0.57997704
27282,0,0,0.58523417
27283,1,0,0.5776942
27284,0,0,0.5740628
27285,0,0,0.59192383
27286,3,0,0.6102035
27287,2,0,0.62375486
27288,1,0,0.6274446
27289,0,0,0.63059723
27290,0,0,0.699904
27291,0,0,0.6975007
27292,1,0,0.69175446
27293,0,0,0.6795143
27294,0,0,0.6682289
27295,3,0,0.68915784
27296,2,0,0.6953625
27297,3,0,0.69949716
27298,1,0,0.69779694
27299,0,0,0.68808734
27300,1,0,0.6863681
27301,2,0,0.69058377
27302,0,0,0.70605206
27303,0,0,0.70855993
27304,0,0,0.6961535
27305,1,0,0.6816265
27306,2,0,0.67729664
27307,0,0,0.6924715
27308,3,0,0.67748576
27309,1,0,0.6497923
27310,2,0,0.65903205
27311,1,0,0.6523777
27312,2,0,0.64998376
27313,0,0,0.65465397
27314,1,0,0.6531408
27315,0,0,0.64788043
27316,0,0,0.62816024
27317,0,0,0.6357324
27318,0,0,0.64578617
27319,0,0,0.65408367
27320,2,0,0.59369487
27321,0,0,0.57512254
27322,0,0,0.5829716
27323,2,0,0.57766813
27324,1,0,0.58223206
27325,0,0,0.57913715
27326,0,0,0.5794659
27327,3,0,0.56312495
27328,1,0,0.5705677
27329,1,0,0.771369
27330,3,0,0.77245176
27331,1,0,0.79176855
27332,2,0,0.79017323
27333,0,0,0.8001996
27334,1,0,0.8074276
27335,2,0,0.80989355
27336,0,0,0.82210636
27337,3,0,0.8116204
27338,3,0,0.8271372
27339,1,0,0.8325022
27340,0,0,0.8230064
27341,3,0,0.83862734
27342,0,0,0.8635688
27343,2,0,0.8706258
27344,0,0,0.8537968
27345,1,0,1.0576361
27346,1,0,1.071705
27347,1,0,1.0558182
27348,2,0,1.0482702
27349,0,0,1.0630076
27350,1,0,1.071232
27351,1,0,1.0910755
27352,0,0,1.0932717
27353,0,0,1.0978882
27354,3,0,1.112446
27355,0,0,1.1072096
27356,0,0,1.1191278
27357,2,0,1.1299423
27358,3,0,1.1443127
27359,2,0,0.9662682
27360,0,0,0.96042585
27361,3,0,0.9658316
27362,2,0,0.962501
27363,1,0,0.9614813
27364,1,0,0.9632968
27365,0,0,0.9883259
27366,0,0,0.9829529
27367,2,0,0.9816754
27368,1,0,0.98566574
27369,1,0,1.0048289
27370,1,0,1.0146896
27371,1,0,1.0123981
27372,1,0,0.983582
27373,1,0,0.97845644
27374,0,0,0.99210876
27375,0,0,0.7964684
27376,2,0,0.8113368
27377,2,0,0.8191835
27378,2,0,0.8511537
27379,0,0,0.8502513
27380,2,0,0.84035695
27381,0,0,0.8375402
27382,0,0,0.85987645
27383,1,0,0.8811435
27384,0,0,0.89572996
27385,3,0,0.89292204
27386,3,0,0.9087534
27387,2,0,0.91920817
27388,0,0,0.93902
27389,3,0,0.959923
27390,0,0,0.96755344
27391,3,0,0.96809316
27392,3,0,0.9735807
27393,1,0,1.0052654
27394,0,0,1.0453631
27395,0,0,1.0276104
27396,2,0,1.0353376
27397,1,0,1.0472368
27398,0,0,1.0544769
27399,1,0,1.0428604
27400,0,0,1.0496271
27401,3,0,1.0499884
27402,0,0,1.0783366
27403,3,0,1.116521
27404,1,0,1.1224988
27405,0,0,1.1670295
27406,1,0,1.1765951
27407,3,0,1.1884357
27408,0,0,1.2293781
27409,2,0,1.2473602
27410,1,0,1.2947105
27411,3,0,1.3251413
27412,3,0,1.3556128
27413,2,0,1.3620386
27414,1,0,1.3874406
27415,0,0,1.4016207
27416,1,0,1.4070649
27417,0,0,1.4059534
27418,0,0,1.4054652
27419,3,0,1.3948545
27420,0,0,1.4041775
27421,0,0,1.4507362
27422,3,0,1.4663957
27423,0,0,1.4710184
27424,2,0,1.4632645
27425,2,1,0.6827961
27426,0,1,0.6572492
27427,1,1,0.6421424
27428,0,1,0.63634044
27429,1,1,0.6241794
27430,0,1,0.6387106
27431,0,1,0.6372374
27432,0,1,0.66196185
27433,0,1,0.65162253
27434,1,1,0.640544
27435,1,1,0.64027673
27436,3,1,0.6427246
27437,1,1,0.6228913
27438,0,1,0.64067864
27439,0,1,0.6522029
27440,3,1,0.64120626
27441,3,1,0.6305302
27442,3,1,0.613298
27443,1,1,0.5859163
27444,1,1,0.5650887
27445,1,1,0.5661527
27446,1,1,0.5683028
27447,0,1,0.5740337
27448,1,1,0.57472104
27449,1,1,0.5827496
27450,3,1,0.586428
27451,2,1,0.57847106
27452,0,1,0.589699
27453,0,0,0.5883331
27454,0,0,0.58764195
27455,0,0,0.5700548
27456,3,0,0.5776941
27457,3,0,0.5828762
27458,0,0,0.6117639
27459,2,0,0.596749
27460,0,0,0.59765536
27461,1,0,0.6004952
27462,2,0,0.61220986
27463,1,0,0.61265886
27464,1,0,0.60631585
27465,0,0,0.6023073
27466,2,0,0.6010001
27467,1,0,0.62363636
27468,2,0,0.59333885
27469,1,0,0.5776274
27470,2,0,0.60613865
27471,1,0,0.6073691
27472,1,0,0.6091375
27473,1,0,0.6454034
27474,0,0,0.6455786
27475,1,0,0.6339514
27476,0,0,0.6318216
27477,0,0,0.6223657
27478,3,0,0.6621038
27479,1,0,0.6534104
27480,0,0,0.6528305
27481,0,0,0.68918663
27482,0,0,0.68450904
27483,1,0,0.6794895
27484,1,0,0.68400365
27485,0,0,0.6742526
27486,0,0,0.6711634
27487,1,0,0.66159123
27488,0,0,0.64136535
27489,0,0,0.6343701
27490,3,0,0.5978489
27491,0,0,0.60077524
27492,0,0,0.589022
27493,3,0,0.5914258
27494,1,0,0.58915895
27495,0,0,0.5817938
27496,0,0,0.6067667
27497,1,0,0.59286124
27498,2,0,0.619442
27499,0,0,0.60454893
27500,3,0,0.5882085
27501,1,0,0.58964133
27502,0,0,0.58449274
27503,1,0,0.5665052
27504,3,0,0.57274395
27505,1,0,0.5809135
27506,2,0,0.5860807
27507,0,0,0.5885201
27508,3,0,0.56089836
27509,2,0,0.5962633
27510,0,0,0.5936548
27511,1,0,0.5669743
27512,0,0,0.5968951
27513,2,0,0.6263346
27514,0,0,0.63810503
27515,2,0,0.6687856
27516,3,0,0.69504017
27517,3,0,0.68399537
27518,2,0,0.7052212
27519,1,0,0.69198275
27520,0,0,0.6943188
27521,1,0,0.70382327
27522,0,0,0.72084963
27523,0,0,0.7192171
27524,1,0,0.74470073
27525,3,0,0.74819887
27526,1,0,0.7416099
27527,0,0,0.7424007
27528,1,0,0.7215473
27529,0,0,0.7230949
27530,1,0,0.74355835
27531,0,0,0.7525678
27532,1,0,0.76551694
27533,0,0,0.7974957
27534,0,0,0.79457647
27535,0,0,0.8093238
27536,0,0,0.8222511
27537,3,0,0.8301418
27538,0,0,0.83798176
27539,2,0,0.82527477
27540,1,0,0.81825495
27541,1,0,0.8282278
27542,2,0,0.8404607
27543,0,0,0.8131993
27544,0,0,0.8217871
27545,2,0,0.81282
27546,1,0,0.8257511
27547,0,0,0.8401471
27548,2,0,0.83920383
27549,0,0,0.8527547
27550,1,0,0.8739709
27551,0,0,0.87827206
27552,2,0,0.8711348
27553,2,0,0.8885002
27554,0,0,0.88296336
27555,3,0,0.8991433
27556,0,0,0.90260637
27557,3,0,0.9027148
27558,0,0,0.9187592
27559,3,0,0.9360268
27560,0,0,0.9563535
27561,3,0,0.969189
27562,2,0,0.98469144
27563,1,0,1.0070684
27564,1,0,1.0373456
27565,0,0,1.0477002
27566,3,0,1.046777
27567,0,0,1.0669918
27568,0,0,1.0877011
27569,1,0,1.1070552
27570,1,0,1.1192553
27571,0,0,1.137981
27572,0,0,1.1731302
27573,1,0,1.2075686
27574,0,0,1.1983815
27575,3,0,1.2363676
27576,3,0,1.2664752
27577,3,0,1.302552
27578,0,0,1.3125207
27579,0,0,1.3348314
27580,1,0,1.3719531
27581,0,0,1.3794817
27582,3,0,1.4388806
27583,2,0,1.5117475
27584,1,0,1.5212511
27585,2,0,1.5270357
27586,2,0,1.5486472
27587,0,0,1.5782245
27588,1,0,1.6154796
27589,0,1,0.8701121
27590,0,1,0.8438625
27591,0,1,0.84585446
27592,0,1,0.84560525
27593,0,1,0.846574
27594,0,1,0.8633574
27595,0,1,0.8656938
27596,1,1,0.8441528
27597,0,1,0.8287236
27598,1,1,0.8337266
27599,1,1,0.8345956
27600,0,1,0.8370705
27601,0,1,0.8307054
27602,0,1,0.8354407
27603,2,1,0.84752315
27604,0,1,0.8422607
27605,1,1,0.8362289
27606,1,1,0.8482142
27607,1,1,0.8559287
27608,0,1,0.8485507
27609,1,1,0.83946234
27610,0,1,0.76887035
27611,0,1,0.77218825
27612,1,1,0.7546787
27613,1,1,0.72321296
27614,1,1,0.7069013
27615,0,1,0.7205709
27616,0,1,0.6924375
27617,0,1,0.69964725
27618,3,1,0.7019013
27619,2,1,0.6983945
27620,1,1,0.6888495
27621,3,1,0.66435295
27622,1,1,0.6814045
27623,2,1,0.6503105
27624,0,1,0.65571636
27625,2,1,0.63960123
27626,0,1,0.6389311
27627,0,0,0.6645437
27628,0,0,0.6440591
27629,0,0,0.66148
27630,2,0,0.68393874
27631,1,0,0.7103789
27632,0,0,0.7056506
27633,3,0,0.71008617
27634,1,0,0.73778766
27635,1,0,0.73228043
27636,1,0,0.7299963
27637,2,0,0.71628875
27638,0,0,0.71132916
27639,1,0,0.71614593
27640,3,0,0.74978936
27641,0,0,0.7481364
27642,1,0,0.7479503
27643,1,0,0.7455893
27644,1,0,0.74125195
27645,1,0,0.72071624
27646,3,0,0.76410985
27647,1,0,0.79034764
27648,0,0,0.79018074
27649,1,0,0.7925371
27650,1,0,0.8079109
27651,2,0,0.7832907
27652,3,0,0.7641151
27653,2,0,0.788241
27654,0,0,0.76626503
27655,1,0,0.7892978
27656,3,0,0.8012113
27657,0,0,0.76960796
27658,0,0,0.7467793
27659,2,0,0.71490276
27660,0,0,0.7159532
27661,0,0,0.6901176
27662,0,0,0.66248167
27663,2,0,0.64384925
27664,0,0,0.6272265
27665,2,0,0.65085983
27666,0,0,0.6464483
27667,0,0,0.64331365
27668,3,0,0.6344048
27669,0,0,0.6274797
27670,2,0,0.60583943
27671,3,0,0.6258737
27672,0,0,0.6233147
27673,2,0,0.6423154
27674,1,0,0.63826364
27675,2,0,0.638853
27676,3,0,0.6399251
27677,3,0,0.62426716
27678,1,0,0.64864653
27679,1,0,0.6375915
27680,3,0,0.6217154
27681,0,0,0.62480474
27682,0,0,0.65155894
27683,0,0,0.66068256
27684,0,0,0.64647543
27685,1,0,0.62556213
27686,3,0,0.60102326
27687,0,0,0.59824884
27688,0,0,0.59113234
27689,2,0,0.61117
27690,0,0,0.6002842
27691,1,0,0.6013117
27692,0,0,0.62434465
27693,2,0,0.64180887
27694,1,0,0.6277466
27695,3,0,0.60950947
27696,0,0,0.6037858
27697,0,0,0.6214707
27698,0,0,0.62469274
27699,3,0,0.62511855
27700,0,0,0.6185341
27701,2,0,0.608015
27702,0,0,0.60202456
27703,0,0,0.6014967
27704,2,0,0.59728837
27705,0,0,0.60632217
27706,1,0,0.57845056
27707,1,0,0.5868678
27708,0,0,0.5697759
27709,3,0,0.5807697
27710,3,0,0.5743317
27711,1,0,0.5910189
27712,0,0,0.56465966
27713,0,0,0.5499458
27714,0,0,0.56416297
27715,0,0,0.5595011
27716,2,0,0.5694769
27717,1,0,0.56827044
27718,2,0,0.5809254
27719,0,0,0.5765089
27720,3,0,0.58776885
27721,0,0,0.57924074
27722,0,0,0.57932705
27723,1,0,0.57594025
27724,0,0,0.5914811
27725,1,0,0.5939762
27726,3,0,0.61291933
27727,0,0,0.59652704
27728,1,0,0.6123648
27729,0,0,0.6297687
27730,1,0,0.63602316
27731,2,0,0.6495222
27732,1,0,0.65952575
27733,0,0,0.6432605
27734,0,0,0.6653903
27735,3,0,0.6397364
27736,0,0,0.6612316
27737,1,0,0.6574685
27738,1,0,0.6555202
27739,2,0,0.6539795
27740,0,0,0.6690158
27741,3,0,0.6680874
27742,0,0,0.68058854
27743,0,0,0.6905601
27744,0,0,0.67912996
27745,1,0,0.6989879
27746,2,0,0.6824156
27747,3,0,0.6964438
27748,0,0,0.7008877
27749,2,0,0.6914787
27750,0,0,0.6705476
27751,1,0,0.67396754
27752,2,0,0.67959684
27753,1,0,0.6866573
27754,1,0,0.67689604
27755,1,0,0.69325846
27756,0,0,0.68771565
27757,1,0,0.696417
27758,3,0,0.68770754
27759,1,0,0.6859468
27760,2,0,0.71338177
27761,0,0,0.71924895
27762,0,0,0.7214424
27763,3,0,0.73708355
27764,3,0,0.7306305
27765,2,0,0.7704101
27766,0,0,0.7607864
27767,1,0,0.76954144
27768,2,0,0.7852882
27769,1,0,0.77782935
27770,3,0,0.7764389
27771,0,0,0.7920057
27772,1,0,0.82904404
27773,1,0,0.8322719
27774,0,0,0.85520214
27775,1,0,0.86973953
27776,0,0,0.910083
27777,2,0,0.9440954
27778,0,0,0.9376619
27779,3,0,0.95725745
27780,0,0,0.97992194
27781,3,0,1.0119503
27782,1,0,1.0015635
27783,0,0,1.024876
27784,0,0,1.0594559
27785,2,0,1.0638027
27786,2,1,0.86865824
27787,3,1,0.8873849
27788,1,1,0.8899017
27789,0,1,0.8712721
27790,2,1,0.8824113
27791,0,1,0.94653213
27792,2,1,0.90140295
27793,1,1,0.888787
27794,0,1,0.912343
27795,1,1,0.9123787
27796,0,1,0.9210575
27797,3,1,0.9056297
27798,1,1,0.8955295
27799,1,1,0.8828584
27800,0,1,0.8618235
27801,2,1,0.86532485
27802,0,1,0.85162497
27803,0,1,0.8458961
27804,2,1,0.8204584
27805,0,1,0.8421068
27806,0,1,0.8931065
27807,1,1,0.8943006
27808,0,1,0.9091165
27809,3,1,0.9170447
27810,0,1,0.9351125
27811,2,1,0.9374636
27812,2,1,0.9336247
27813,2,1,0.91534513
27814,0,1,0.91638327
27815,0,1,0.91482174
27816,0,1,0.92515415
27817,3,1,0.9007325
27818,2,1,0.8997964
27819,3,1,0.90796065
27820,0,1,0.9031467
27821,0,1,0.8396975
27822,0,1,0.88707757
27823,0,1,0.887876
27824,0,1,0.86355394
27825,1,1,0.863795
27826,0,1,0.84093785
27827,0,1,0.8543269
27828,1,1,0.83855593
27829,1,1,0.8464336
27830,1,1,0.8544541
27831,0,1,0.88123286
27832,0,1,0.8866159
27833,0,1,0.90668976
27834,3,1,0.9338681
27835,1,1,0.9387767
27836,0,1,0.86368406
27837,1,1,0.88573647
27838,3,1,0.884556
27839,0,1,0.87437385
27840,3,1,0.8602612
27841,2,1,0.8503635
27842,0,1,0.8288708
27843,1,1,0.8188418
27844,1,1,0.8213072
27845,1,1,0.8173364
27846,2,0,0.8050565
27847,1,0,0.80473167
27848,1,0,0.80528474
27849,0,0,0.8158765
27850,3,0,0.8284088
27851,0,0,0.83359295
27852,0,0,0.77938104
27853,3,0,0.78483695
27854,1,0,0.7860397
27855,3,0,0.78595436
27856,3,0,0.7856847
27857,0,0,0.79359394
27858,0,0,0.7920788
27859,1,0,0.7917018
27860,0,0,0.78917515
27861,0,0,0.78563315
27862,3,0,0.780629
27863,1,0,0.7695725
27864,1,0,0.7798567
27865,1,0,0.75917006
27866,0,0,0.7717977
27867,3,0,0.75174314
27868,2,0,0.7454375
27869,1,0,0.7297215
27870,0,0,0.71097696
27871,1,0,0.7008883
27872,0,0,0.69762677
27873,1,0,0.69513154
27874,2,0,0.67726415
27875,0,0,0.67710257
27876,0,0,0.68014854
27877,3,0,0.6781118
27878,0,0,0.6734912
27879,0,0,0.67906576
27880,1,0,0.6900475
27881,3,0,0.7520387
27882,1,0,0.7291774
27883,1,0,0.708676
27884,0,0,0.7080953
27885,2,0,0.6948188
27886,2,0,0.7201027
27887,0,0,0.7110874
27888,0,0,0.7250087
27889,1,0,0.706524
27890,3,0,0.7158933
27891,0,0,0.7257763
27892,2,0,0.7376701
27893,1,0,0.75130063
27894,0,0,0.7155208
27895,0,0,0.73216397
27896,0,0,0.7231772
27897,2,0,0.71249986
27898,2,0,0.69210947
27899,2,0,0.67996085
27900,0,0,0.7024759
27901,3,0,0.71911347
27902,1,0,0.7356117
27903,3,0,0.7384494
27904,1,0,0.74862295
27905,1,0,0.7495012
27906,1,0,0.7469252
27907,1,0,0.7486323
27908,2,0,0.75024325
27909,1,0,0.8057398
27910,0,0,0.7998728
27911,1,0,0.7329271
27912,0,0,0.7447931
27913,2,0,0.7610011
27914,1,0,0.7534705
27915,1,0,0.7700394
27916,1,0,0.7667168
27917,3,0,0.77589047
27918,1,0,0.7684178
27919,1,0,0.7584863
27920,0,0,0.76021004
27921,3,0,0.74828154
27922,0,0,0.74015665
27923,0,0,0.7434541
27924,1,0,0.74949664
27925,3,0,0.7510272
27926,2,0,0.7602936
27927,1,0,0.7508222
27928,2,0,0.7465267
27929,1,0,0.764008
27930,0,0,0.764712
27931,0,0,0.76351506
27932,0,0,0.7455745
27933,0,0,0.75745314
27934,1,0,0.7453842
27935,0,0,0.7474962
27936,0,0,0.7683624
27937,0,0,0.76074195
27938,0,0,0.7574629
27939,1,0,0.685141
27940,0,0,0.6910376
27941,0,0,0.6801782
27942,3,0,0.6777368
27943,1,0,0.6604831
27944,1,0,0.6730982
27945,1,0,0.65828085
27946,2,0,0.6273945
27947,1,0,0.6186715
27948,0,0,0.6251523
27949,1,0,0.6169748
27950,0,0,0.60460496
27951,2,0,0.60386264
27952,0,0,0.59933
27953,0,0,0.5800151
27954,0,0,0.5969757
27955,2,0,0.5948025
27956,1,0,0.5910661
27957,2,0,0.60871494
27958,1,0,0.6083275
27959,3,0,0.5844928
27960,2,0,0.58615947
27961,1,0,0.58776766
27962,1,0,0.5928015
27963,3,0,0.577609
27964,0,0,0.5965674
27965,0,0,0.5969196
27966,0,0,0.5934701
27967,2,0,0.6098238
27968,0,0,0.61393106
27969,1,0,0.61871713
27970,1,0,0.6039298
27971,0,0,0.62481475
27972,0,0,0.6426306
27973,3,0,0.6580793
27974,1,0,0.6405064
27975,1,0,0.6520683
27976,0,0,0.6788797
27977,0,0,0.67383605
27978,0,0,0.66282153
27979,1,0,0.6798955
27980,1,0,0.6783784
27981,0,0,0.6796998
27982,0,0,0.7093689
27983,0,0,0.70443296
27984,0,0,0.68308204
27985,1,0,0.6809203
27986,0,0,0.65866584
27987,1,0,0.644886
27988,2,0,0.6534576
27989,1,0,0.6678393
27990,0,0,0.67161673
27991,1,0,0.6759526
27992,3,0,0.67812395
27993,1,0,0.68457174
27994,0,0,0.6723567
27995,0,0,0.6706907
27996,0,0,0.6607691
27997,2,0,0.6439637
27998,0,0,0.6346681
27999,1,0,0.6466814
28000,3,0,0.64662623
28001,1,0,0.65583974
28002,3,0,0.6518571
28003,2,0,0.6520713
28004,1,0,0.6730537
28005,0,0,0.660142
28006,0,0,0.65753263
28007,3,0,0.6556802
28008,3,0,0.65818584
28009,1,0,0.6587249
28010,0,0,0.6739744
28011,0,0,0.6874966
28012,3,0,0.66734624
28013,1,0,0.6729868
28014,2,0,0.6819524
28015,3,0,0.6841411
28016,0,0,0.69742024
28017,1,0,0.68541825
28018,1,0,0.7143496
28019,3,0,0.7348412
28020,1,0,0.72962767
28021,0,0,0.7180822
28022,0,0,0.7215124
28023,1,0,0.73844266
28024,3,0,0.7555046
28025,1,0,0.76855695
28026,2,0,0.7799209
28027,2,0,0.8121632
28028,0,0,0.8352725
28029,1,0,0.83590454
28030,0,0,0.84936893
28031,2,0,0.8429116
28032,1,0,0.831969
28033,0,0,0.830594
28034,0,0,0.82623786
28035,2,0,0.8419905
28036,2,0,0.8767431
28037,3,0,0.9072219
28038,1,0,0.9240473
28039,3,0,0.9238291
28040,2,0,0.92674524
28041,2,0,0.9403835
28042,3,0,0.95641285
28043,0,0,0.9789602
28044,1,0,1.0047659
28045,0,0,1.0186591
28046,1,0,1.0466865
28047,0,0,1.1131136
28048,1,0,1.1234854
28049,0,0,1.1320828
28050,3,0,1.1521223
28051,0,0,1.1758405
28052,0,0,1.1849743
28053,1,0,1.178403
28054,0,0,1.1762182
28055,3,0,1.1879605
28056,0,1,0.6381345
28057,1,1,0.617974
28058,0,1,0.7041353
28059,0,1,0.69664633
28060,2,1,0.70802486
28061,0,1,0.72315216
28062,1,1,0.71330875
28063,3,1,0.6868213
28064,3,1,0.6851097
28065,2,1,0.71513623
28066,1,1,0.69014156
28067,0,1,0.6883898
28068,1,1,0.6908292
28069,3,1,0.68560284
28070,0,1,0.67751396
28071,0,1,0.6545352
28072,0,1,0.64412016
28073,3,1,0.6318861
28074,1,1,0.63126785
28075,1,1,0.6267174
28076,2,1,0.6286842
28077,0,1,0.6597821
28078,3,1,0.6554356
28079,1,1,0.65389335
28080,0,1,0.6649933
28081,3,1,0.6674638
28082,2,1,0.65305
28083,2,1,0.652658
28084,1,1,0.6518546
28085,3,1,0.6633047
28086,2,1,0.6660845
28087,1,1,0.67030555
28088,1,1,0.59198284
28089,1,1,0.58220506
28090,0,1,0.5855095
28091,1,1,0.56801605
28092,1,1,0.6017499
28093,1,1,0.6030808
28094,2,1,0.6069556
28095,0,1,0.586761
28096,0,1,0.5893967
28097,0,1,0.5873343
28098,1,0,0.58759224
28099,1,0,0.59475505
28100,2,0,0.6001805
28101,1,0,0.60298973
28102,2,0,0.61179674
28103,2,0,0.5976713
28104,0,0,0.5865635
28105,1,0,0.55777085
28106,0,0,0.5499021
28107,3,0,0.57071817
28108,3,0,0.56347615
28109,0,0,0.56530035
28110,2,0,0.5584609
28111,0,0,0.5589336
28112,0,0,0.5945243
28113,0,0,0.5768226
28114,2,0,0.5592725
28115,0,0,0.53559226
28116,0,0,0.53438723
28117,0,0,0.5551997
28118,1,0,0.5495035
28119,0,0,0.5385237
28120,0,0,0.50878626
28121,0,0,0.48970947
28122,0,0,0.46564534
28123,1,0,0.4620016
28124,2,0,0.45154753
28125,1,0,0.45846704
28126,1,0,0.4606744
28127,3,0,0.4622282
28128,3,0,0.47170502
28129,0,0,0.47676775
28130,2,0,0.46802425
28131,1,0,0.50003976
28132,0,0,0.50027263
28133,0,0,0.50335634
28134,0,0,0.49312472
28135,0,0,0.48969224
28136,3,0,0.4835507
28137,3,0,0.48641357
28138,2,0,0.48919615
28139,2,0,0.47690642
28140,3,0,0.47762033
28141,0,0,0.49323547
28142,1,0,0.4862887
28143,2,0,0.4790074
28144,0,0,0.5085679
28145,1,0,0.5827197
28146,3,0,0.57027376
28147,0,0,0.5541525
28148,0,0,0.54497486
28149,0,0,0.5446539
28150,3,0,0.56686544
28151,1,0,0.58370405
28152,3,0,0.65493083
28153,2,0,0.71924204
28154,2,0,0.7398326
28155,0,0,0.7455887
28156,2,0,0.7386078
28157,0,0,0.75426114
28158,1,0,0.7533095
28159,0,0,0.75794196
28160,0,0,0.7636422
28161,2,0,0.74660736
28162,3,0,0.7451877
28163,0,0,0.73624897
28164,0,0,0.7312619
28165,1,0,0.72397435
28166,0,0,0.725422
28167,0,0,0.71321243
28168,1,0,0.7198785
28169,0,0,0.7240644
28170,0,0,0.72391456
28171,1,0,0.7015873
28172,1,0,0.6982166
28173,2,0,0.7043981
28174,1,0,0.70536584
28175,2,0,0.63430744
28176,0,0,0.630124
28177,3,0,0.63858485
28178,2,0,0.6426107
28179,3,0,0.6455616
28180,3,0,0.6416969
28181,2,0,0.62572783
28182,0,0,0.5420963
28183,0,0,0.4892854
28184,2,0,0.49423754
28185,2,0,0.49087554
28186,0,0,0.49603018
28187,3,0,0.50156224
28188,0,0,0.4862275
28189,2,0,0.4779601
28190,3,0,0.4650625
28191,0,0,0.4824205
28192,0,0,0.49769422
28193,3,0,0.52269053
28194,1,0,0.54676175
28195,2,0,0.54723275
28196,3,0,0.5591162
28197,0,0,0.56041664
28198,0,0,0.58339614
28199,0,0,0.588553
28200,0,0,0.5888495
28201,0,0,0.60761803
28202,2,0,0.6078244
28203,3,0,0.6096692
28204,0,0,0.61329144
28205,1,0,0.6204868
28206,0,0,0.63502675
28207,0,0,0.64296573
28208,0,0,0.65462524
28209,2,0,0.65696555
28210,0,0,0.6417651
28211,0,0,0.6675006
28212,0,0,0.7024553
28213,0,0,0.7038851
28214,3,0,0.6802539
28215,1,0,0.66768545
28216,0,0,0.6676797
28217,0,0,0.66566503
28218,1,0,0.67708725
28219,0,0,0.7021115
28220,3,0,0.717579
28221,3,0,0.72114027
28222,0,0,0.7164579
28223,2,0,0.7151874
28224,0,0,0.7013673
28225,0,0,0.70716715
28226,0,0,0.7165732
28227,3,0,0.7316461
28228,3,0,0.7164347
28229,0,0,0.7260254
28230,2,0,0.75029415
28231,1,0,0.7628992
28232,0,0,0.7852376
28233,0,0,0.8146471
28234,1,0,0.8178251
28235,1,0,0.85467726
28236,3,0,0.86714727
28237,1,0,0.89090675
28238,0,0,0.8842231
28239,0,0,0.89940214
28240,1,0,0.9216332
28241,1,0,0.91626614
28242,2,0,0.90122586
28243,1,0,0.9077907
28244,1,0,0.9353814
28245,3,0,0.9551382
28246,2,0,0.9750902
28247,0,0,0.9923427
28248,2,0,1.012499
28249,3,0,1.0168208
28250,2,0,1.0152302
28251,0,0,1.0232977
28252,1,0,1.0771018
28253,2,0,1.088615
28254,1,0,1.1069119
28255,0,0,1.164337
28256,0,0,1.2179961
28257,2,0,1.2823905
28258,3,0,1.3054969
28259,0,0,1.3247521
28260,0,0,1.3941563
28261,0,0,1.3881683
28262,1,0,1.3996198
28263,1,0,1.3997629
28264,1,1,0.7951882
28265,1,1,0.7950755
28266,1,1,0.7969518
28267,1,1,0.78445
28268,0,1,0.7650563
28269,0,1,0.78565186
28270,0,1,0.7692926
28271,1,1,0.7503451
28272,3,1,0.7418338
28273,0,1,0.74985623
28274,0,1,0.7640685
28275,0,1,0.7622086
28276,2,1,0.79111624
28277,1,1,0.78760934
28278,2,1,0.7602819
28279,1,1,0.7523538
28280,1,1,0.7309555
28281,3,1,0.71753603
28282,0,1,0.7291034
28283,1,1,0.7543748
28284,0,1,0.7505813
28285,0,1,0.7602224
28286,3,1,0.757457
28287,1,1,0.7739585
28288,2,1,0.7765662
28289,0,1,0.6972978
28290,0,1,0.6320271
28291,1,1,0.62273085
28292,0,1,0.61658806
28293,0,1,0.59790206
28294,2,1,0.59141296
28295,3,1,0.5847306
28296,0,1,0.5747047
28297,1,1,0.5615639
28298,0,1,0.5610159
28299,1,1,0.5469713
28300,0,1,0.55098295
28301,1,1,0.5497771
28302,3,1,0.5866192
28303,3,1,0.60950726
28304,1,1,0.6346587
28305,0,1,0.63402206
28306,0,1,0.615997
28307,3,1,0.69234556
28308,0,1,0.7031161
28309,2,1,0.7318877
28310,2,1,0.7600983
28311,2,1,0.77256334
28312,3,1,0.7457508
28313,1,1,0.726911
28314,0,1,0.7352536
28315,0,1,0.71790165
28316,1,1,0.7172336
28317,1,1,0.7084355
28318,0,1,0.72834766
28319,0,1,0.730597
28320,1,1,0.7217409
28321,0,1,0.7164681
28322,1,1,0.6967327
28323,0,1,0.7054812
28324,1,1,0.70416075
28325,1,1,0.72830594
28326,0,1,0.72577083
28327,0,0,0.723859
28328,3,0,0.7264224
28329,0,0,0.7207281
28330,1,0,0.7437547
28331,2,0,0.7424592
28332,1,0,0.72381085
28333,3,0,0.70566154
28334,0,0,0.677604
28335,2,0,0.6796123
28336,3,0,0.66226447
28337,1,0,0.6117221
28338,0,0,0.5852882
28339,0,0,0.5458127
28340,3,0,0.5242415
28341,0,0,0.53673595
28342,3,0,0.54096764
28343,1,0,0.5389681
28344,1,0,0.53036225
28345,2,0,0.56472915
28346,1,0,0.5572705
28347,0,0,0.570239
28348,0,0,0.5528287
28349,2,0,0.55983424
28350,3,0,0.54902405
28351,1,0,0.5607658
28352,2,0,0.5624603
28353,3,0,0.5590628
28354,1,0,0.58043516
28355,1,0,0.55833584
28356,0,0,0.5591081
28357,0,0,0.55578077
28358,0,0,0.54744
28359,0,0,0.52918565
28360,2,0,0.54030013
28361,1,0,0.5333292
28362,3,0,0.5260758
28363,1,0,0.51971656
28364,3,0,0.5227791
28365,3,0,0.5121954
28366,2,0,0.504938
28367,1,0,0.48454833
28368,0,0,0.4897389
28369,2,0,0.49139035
28370,2,0,0.4746151
28371,0,0,0.4585411
28372,0,0,0.4804638
28373,0,0,0.5165065
28374,1,0,0.51157594
28375,2,0,0.48372257
28376,3,0,0.48139614
28377,0,0,0.45688307
28378,3,0,0.45461604
28379,0,0,0.47449046
28380,0,0,0.47595856
28381,0,0,0.46970206
28382,2,0,0.49842283
28383,3,0,0.51089567
28384,0,0,0.5223691
28385,2,0,0.5267854
28386,1,0,0.5529317
28387,0,0,0.5510884
28388,3,0,0.54376507
28389,2,0,0.5479934
28390,1,0,0.53043234
28391,2,0,0.5342562
28392,0,0,0.5385722
28393,1,0,0.56511843
28394,2,0,0.56354773
28395,2,0,0.5822298
28396,1,0,0.5773831
28397,0,0,0.5935373
28398,0,0,0.6090581
28399,1,0,0.6237635
28400,0,0,0.6338699
28401,0,0,0.62657094
28402,0,0,0.633318
28403,1,0,0.6275582
28404,0,0,0.64088607
28405,2,0,0.65498704
28406,3,0,0.6379384
28407,1,0,0.65859836
28408,2,0,0.6549393
28409,1,0,0.6475457
28410,3,0,0.65682137
28411,1,0,0.67461467
28412,1,0,0.6684176
28413,1,0,0.6558334
28414,1,0,0.63927805
28415,3,0,0.62742966
28416,0,0,0.61501217
28417,0,0,0.6476772
28418,1,0,0.66822034
28419,0,0,0.6659941
28420,3,0,0.6846581
28421,0,0,0.7167893
28422,3,0,0.70664173
28423,0,0,0.7136343
28424,0,0,0.72010386
28425,1,0,0.71283334
28426,0,0,0.70376956
28427,0,0,0.6798741
28428,3,0,0.6717017
28429,2,0,0.66729414
28430,3,0,0.6647641
28431,0,0,0.6836725
28432,1,0,0.66490984
28433,0,0,0.65923136
28434,1,0,0.6462518
28435,0,0,0.6275576
28436,2,0,0.62406963
28437,0,0,0.6021291
28438,1,0,0.59764135
28439,0,0,0.5962414
28440,2,0,0.6061861
28441,0,0,0.59487176
28442,1,0,0.6082912
28443,0,0,0.62455773
28444,1,0,0.68448573
28445,1,0,0.696104
28446,0,0,0.69906354
28447,1,0,0.67776364
28448,3,0,0.6582965
28449,0,0,0.6616255
28450,2,0,0.65290165
28451,3,0,0.646852
28452,3,0,0.6616792
28453,2,0,0.6545218
28454,1,0,0.6579324
28455,0,0,0.637559
28456,0,0,0.63349736
28457,1,0,0.63615096
28458,0,0,0.6353629
28459,0,0,0.631455
28460,0,0,0.61629266
28461,2,0,0.5992508
28462,3,0,0.59364015
28463,0,0,0.5958171
28464,2,0,0.5960899
28465,1,0,0.5967962
28466,0,0,0.6086886
28467,1,0,0.6290096
28468,1,0,0.636812
28469,3,0,0.65257996
28470,2,0,0.65209085
28471,0,0,0.66993517
28472,1,0,0.6701409
28473,1,0,0.66791695
28474,3,0,0.6002313
28475,3,0,0.6181281
28476,2,0,0.6425986
28477,0,0,0.65201426
28478,2,0,0.66875947
28479,0,0,0.69217414
28480,0,0,0.7023919
28481,1,0,0.7078708
28482,3,0,0.69945073
28483,1,0,0.70261884
28484,1,0,0.69025785
28485,0,0,0.6959783
28486,1,0,0.72333044
28487,1,0,0.7254826
28488,2,0,0.7242002
28489,1,0,0.71276414
28490,0,0,0.73246676
28491,1,0,0.7585768
28492,1,0,0.7800589
28493,0,0,0.78536993
28494,0,0,0.7984636
28495,1,0,0.82387704
28496,0,0,0.8427705
28497,3,0,0.84039754
28498,0,0,0.85825527
28499,2,0,0.8669294
28500,1,0,0.8721563
28501,0,0,0.8660241
28502,0,0,0.869126
28503,0,0,0.8654694
28504,2,0,0.89352715
28505,0,0,0.90042126
28506,1,0,0.8925309
28507,0,0,0.9077125
28508,2,0,0.91815436
28509,3,0,0.9305579
28510,1,0,0.95363516
28511,0,0,0.9665139
28512,0,0,0.9871719
28513,0,0,1.0056226
28514,3,0,1.03358
28515,1,0,1.0704881
28516,0,0,1.074926
28517,0,0,1.115815
28518,0,0,1.1377219
28519,1,0,1.1594498
28520,0,0,1.1746281
28521,2,0,1.1649005
28522,1,0,1.1615663
28523,3,0,1.1487147
28524,3,0,1.1510445
28525,0,0,1.1645494
28526,3,0,1.1773841
28527,0,0,1.2041574
28528,3,0,1.2324562
28529,2,0,1.227978
28530,3,0,1.2430104
28531,3,0,1.2425634
28532,0,0,1.2692524
28533,0,0,1.292602
28534,1,0,1.2830943
28535,2,0,1.2803515
28536,0,0,1.2926342
28537,0,0,1.3260263
28538,1,0,1.3398453
28539,0,0,1.3505127
28540,1,0,1.372122
28541,0,0,1.3740098
28542,2,0,1.3919085
28543,0,1,0.60158604
28544,0,1,0.5922505
28545,0,1,0.5929805
28546,0,1,0.6075994
28547,1,1,0.6003322
28548,3,1,0.575426
28549,0,1,0.5765499
28550,1,1,0.57584983
28551,2,1,0.5919064
28552,0,1,0.6017256
28553,0,1,0.6250728
28554,1,1,0.62903726
28555,1,1,0.60857874
28556,1,1,0.62671906
28557,3,1,0.63294804
28558,2,1,0.61578125
28559,0,1,0.6386867
28560,1,1,0.63558
28561,1,1,0.6389779
28562,0,1,0.63256615
28563,2,1,0.632074
28564,3,1,0.6511237
28565,1,1,0.65217996
28566,0,1,0.6256906
28567,1,1,0.64353126
28568,0,1,0.64453465
28569,0,1,0.6360972
28570,0,1,0.6381169
28571,0,1,0.63828623
28572,0,1,0.6237589
28573,0,1,0.6206347
28574,3,1,0.641214
28575,2,1,0.65871346
28576,1,1,0.6511158
28577,1,1,0.6542711
28578,0,1,0.6566203
28579,0,1,0.6371883
28580,2,1,0.6499415
28581,0,1,0.6522038
28582,0,1,0.63461906
28583,3,1,0.63808286
28584,1,1,0.64492136
28585,1,1,0.65731955
28586,3,0,0.6500349
28587,3,0,0.65938854
28588,1,0,0.6839298
28589,0,0,0.66294396
28590,3,0,0.6722954
28591,0,0,0.6798255
28592,0,0,0.68658435
28593,3,0,0.662116
28594,1,0,0.6405979
28595,0,0,0.6648589
28596,0,0,0.6726823
28597,1,0,0.6631033
28598,0,0,0.69207674
28599,1,0,0.6948745
28600,1,0,0.6805829
28601,1,0,0.6674721
28602,0,0,0.66518855
28603,0,0,0.6622184
28604,2,0,0.6462339
28605,1,0,0.62353706
28606,1,0,0.6246747
28607,2,0,0.5989311
28608,3,0,0.5939862
28609,0,0,0.5969788
28610,0,0,0.57435447
28611,1,0,0.5597463
28612,0,0,0.55977917
28613,2,0,0.548158
28614,2,0,0.5750598
28615,0,0,0.56305224
28616,0,0,0.55173236
28617,0,0,0.5459593
28618,2,0,0.5472314
28619,0,0,0.5509786
28620,1,0,0.5453574
28621,0,0,0.5394669
28622,2,0,0.5439012
28623,0,0,0.54789865
28624,0,0,0.5460478
28625,2,0,0.52243674
28626,3,0,0.5242024
28627,0,0,0.5255497
28628,1,0,0.4959751
28629,3,0,0.5036969
28630,0,0,0.5120059
28631,0,0,0.52144134
28632,1,0,0.5538714
28633,0,0,0.56752867
28634,0,0,0.55968904
28635,1,0,0.5578281
28636,1,0,0.54215086
28637,3,0,0.56269765
28638,3,0,0.5788458
28639,0,0,0.57900476
28640,3,0,0.603591
28641,1,0,0.623579
28642,1,0,0.644107
28643,3,0,0.65955424
28644,1,0,0.6454968
28645,3,0,0.66641355
28646,1,0,0.6797423
28647,1,0,0.66969645
28648,0,0,0.65657973
28649,2,0,0.6657672
28650,0,0,0.6749031
28651,1,0,0.6758582
28652,1,0,0.66029704
28653,0,0,0.6761922
28654,0,0,0.69792163
28655,0,0,0.714079
28656,1,0,0.7281162
28657,1,0,0.73304534
28658,2,0,0.7308669
28659,1,0,0.731204
28660,1,0,0.71634287
28661,0,0,0.7144187
28662,3,0,0.701223
28663,1,0,0.7062718
28664,1,0,0.72585
28665,0,0,0.73630875
28666,0,0,0.7295994
28667,0,0,0.7218085
28668,1,0,0.7165601
28669,0,0,0.71515805
28670,3,0,0.7199886
28671,0,0,0.7012884
28672,1,0,0.6992918
28673,0,0,0.68723696
28674,3,0,0.7069488
28675,3,0,0.7149333
28676,3,0,0.69962406
28677,1,0,0.7078453
28678,1,0,0.7087156
28679,0,0,0.6967178
28680,3,0,0.6904446
28681,0,0,0.6761723
28682,1,0,0.69208604
28683,0,0,0.6912991
28684,0,0,0.7022026
28685,2,0,0.68090266
28686,1,0,0.6795447
28687,3,0,0.6710284
28688,1,0,0.67453754
28689,1,0,0.6852488
28690,2,0,0.6976966
28691,3,0,0.71654326
28692,3,0,0.7202246
28693,2,0,0.70860606
28694,0,0,0.7035168
28695,0,0,0.7167753
28696,1,0,0.73583347
28697,1,0,0.750974
28698,0,0,0.7672054
28699,0,0,0.7852464
28700,0,0,0.7855011
28701,0,0,0.79856855
28702,1,0,0.8002635
28703,0,0,0.8050882
28704,1,0,0.8079813
28705,1,0,0.8185572
28706,0,0,0.83599293
28707,2,0,0.8545467
28708,0,0,0.89216006
28709,2,0,0.93309605
28710,1,0,0.9477911
28711,3,0,0.9769539
28712,0,0,0.9760019
28713,1,0,0.99157774
28714,0,0,0.9940209
28715,3,0,1.0538949
28716,1,0,1.067369
28717,2,0,1.0735524
28718,0,0,1.0948483
28719,2,0,1.1105919
28720,0,0,1.1411446
28721,3,0,1.1501201
28722,0,0,1.1701957
28723,3,0,1.2176735
28724,0,0,1.2921233
28725,3,0,1.3076131
28726,0,0,1.3154852
28727,1,0,1.3380353
28728,2,0,1.3625774
28729,0,0,1.3672924
28730,2,0,1.425377
28731,1,0,1.4511914
28732,2,0,1.4573165
28733,0,0,1.4732337
28734,0,0,1.5183797
28735,0,0,1.7741535
28736,0,0,1.8162417
28737,0,0,1.8827536
28738,3,0,1.9016442
28739,1,0,1.9515836
28740,0,0,2.0136929
28741,2,0,2.0344052
28742,2,0,2.0952652
28743,1,0,2.208616
28744,3,0,2.2982564
28745,0,0,2.279316
28746,1,0,2.4293778
28747,1,0,2.5577185
28748,0,0,2.5581982
28749,2,0,2.6752076
28750,0,0,2.8096485
28751,2,0,2.92538
28752,0,0,2.951401
28753,0,0,2.9493637
28754,0,0,3.0148704
28755,0,1,0.6671782
28756,0,1,0.6884389
28757,2,1,0.7167137
28758,1,1,0.70661646
28759,0,1,0.70350856
28760,0,1,0.71200895
28761,2,1,0.7053384
28762,1,1,0.6978419
28763,3,1,0.69732076
28764,0,1,0.701662
28765,0,1,0.70084625
28766,0,1,0.71031773
28767,0,1,0.7035575
28768,0,1,0.70386237
28769,0,1,0.7062348
28770,0,1,0.68938136
28771,0,1,0.7034727
28772,2,1,0.7106159
28773,2,1,0.7133789
28774,2,1,0.70286727
28775,2,1,0.7031057
28776,0,1,0.7717402
28777,3,1,0.77795684
28778,0,1,0.7605615
28779,1,1,0.75069
28780,2,1,0.73206913
28781,1,1,0.75114256
28782,2,1,0.74446404
28783,3,1,0.72513884
28784,2,1,0.7233714
28785,1,1,0.66683793
28786,1,1,0.6621261
28787,1,1,0.6305603
28788,0,1,0.63593835
28789,0,0,0.6426192
28790,0,0,0.64062095
28791,0,0,0.6736797
28792,2,0,0.6701259
28793,0,0,0.67390853
28794,0,0,0.6765161
28795,0,0,0.6816626
28796,0,0,0.68147796
28797,3,0,0.6758596
28798,3,0,0.6949681
28799,1,0,0.6907649
28800,1,0,0.71016204
28801,2,0,0.71320134
28802,3,0,0.70294183
28803,0,0,0.7007497
28804,0,0,0.7184519
28805,0,0,0.73502606
28806,2,0,0.68017334
28807,1,0,0.6809458
28808,3,0,0.6873326
28809,1,0,0.68087393
28810,1,0,0.68551725
28811,1,0,0.68694776
28812,1,0,0.66805136
28813,1,0,0.66107494
28814,0,0,0.65705734
28815,1,0,0.64070326
28816,0,0,0.65875614
28817,1,0,0.6802054
28818,1,0,0.67831165
28819,1,0,0.686989
28820,1,0,0.68045956
28821,0,0,0.6632081
28822,3,0,0.6796282
28823,3,0,0.6771484
28824,0,0,0.6931811
28825,1,0,0.68165797
28826,0,0,0.6823837
28827,3,0,0.6873437
28828,3,0,0.67175484
28829,1,0,0.6563921
28830,0,0,0.6378775
28831,1,0,0.63300925
28832,0,0,0.64773655
28833,1,0,0.65088767
28834,2,0,0.6296283
28835,0,0,0.6333305
28836,1,0,0.62135506
28837,1,0,0.6364922
28838,0,0,0.63477165
28839,0,0,0.6365328
28840,1,0,0.63457197
28841,0,0,0.62235826
28842,3,0,0.61441624
28843,2,0,0.6280647
28844,0,0,0.63554186
28845,2,0,0.62808526
28846,0,0,0.62559706
28847,0,0,0.613732
28848,2,0,0.6295457
28849,0,0,0.6323647
28850,0,0,0.63218355
28851,1,0,0.64289546
28852,0,0,0.6472842
28853,2,0,0.65380883
28854,2,0,0.6322014
28855,3,0,0.6436249
28856,3,0,0.63160735
28857,0,0,0.6273113
28858,2,0,0.63429475
28859,0,0,0.63595545
28860,1,0,0.65843266
28861,0,0,0.64694214
28862,0,0,0.6419417
28863,2,0,0.6113802
28864,3,0,0.6138571
28865,0,0,0.6114418
28866,0,0,0.6161764
28867,1,0,0.60017323
28868,0,0,0.61268795
28869,1,0,0.63076925
28870,0,0,0.6945367
28871,1,0,0.7114777
28872,0,0,0.71726364
28873,3,0,0.69562244
28874,0,0,0.69272965
28875,2,0,0.6952858
28876,1,0,0.68700796
28877,2,0,0.6952282
28878,2,0,0.6873978
28879,1,0,0.69222665
28880,0,0,0.71462214
28881,2,0,0.6997414
28882,0,0,0.682163
28883,1,0,0.6736891
28884,0,0,0.7011438
28885,1,0,0.7136098
28886,2,0,0.7197057
28887,2,0,0.72089183
28888,2,0,0.7284605
28889,0,0,0.7377338
28890,0,0,0.72767067
28891,0,0,0.7318888
28892,3,0,0.7272788
28893,2,0,0.7519355
28894,0,0,0.7731823
28895,0,0,0.7751055
28896,3,0,0.78703284
28897,3,0,0.7995478
28898,0,0,0.8032199
28899,0,0,0.8033824
28900,3,0,0.765326
28901,2,0,0.7828087
28902,2,0,0.80260366
28903,0,0,0.8212945
28904,1,0,0.8329579
28905,2,0,0.8507503
28906,2,0,0.88538265
28907,1,0,0.92191297
28908,1,0,0.9343962
28909,0,0,0.9409572
28910,0,0,0.9401953
28911,2,0,0.96666056
28912,0,0,0.9913925
28913,1,0,1.041965
28914,0,0,1.0609206
28915,0,0,1.0584763
28916,0,0,1.0747238
28917,1,0,1.0825595
28918,0,0,1.0987163
28919,1,0,1.1347766
28920,0,0,1.1913998
28921,0,0,1.2196643
28922,0,0,1.2456391
28923,0,0,1.3173581
28924,0,0,1.3710468
28925,1,0,1.4383825
28926,1,0,1.467057
28927,3,0,1.5116493
28928,0,0,1.5384558
28929,1,0,1.5606014
28930,1,0,1.6769071
28931,1,0,1.6876616
28932,1,0,1.8668226
28933,0,0,1.9881616
28934,3,0,2.3209653
28935,1,0,2.4450123
28936,1,0,2.442601
28937,3,0,2.5129051
28938,2,1,0.772894
28939,1,1,0.76077753
28940,0,1,0.7620696
28941,0,1,0.7480873
28942,1,1,0.7322706
28943,0,1,0.7288549
28944,0,1,0.71112484
28945,0,1,0.70508915
28946,1,1,0.7061929
28947,0,1,0.7309336
28948,1,1,0.7407944
28949,0,1,0.7777363
28950,3,1,0.8062996
28951,0,1,0.83705395
28952,0,1,0.8195056
28953,0,1,0.8158639
28954,0,1,0.8007581
28955,0,1,0.7886126
28956,0,1,0.7742959
28957,1,1,0.7807835
28958,0,1,0.7693977
28959,3,1,0.7835242
28960,0,1,0.76760083
28961,0,1,0.7716547
28962,0,1,0.7605478
28963,0,1,0.7527343
28964,0,1,0.72943914
28965,0,1,0.6955952
28966,3,1,0.7058539
28967,0,1,0.6847929
28968,2,1,0.71047366
28969,3,1,0.73465306
28970,1,1,0.73352265
28971,1,1,0.7314918
28972,0,1,0.74257845
28973,1,1,0.7367085
28974,1,1,0.7635819
28975,0,1,0.7804507
28976,3,0,0.7861578
28977,0,0,0.75883937
28978,0,0,0.72918135
28979,0,0,0.69886404
28980,1,0,0.6714608
28981,0,0,0.64320767
28982,1,0,0.64959264
28983,1,0,0.6477644
28984,0,0,0.65053624
28985,2,0,0.6707724
28986,2,0,0.66139734
28987,2,0,0.66663617
28988,0,0,0.6893703
28989,0,0,0.6835425
28990,1,0,0.68293935
28991,2,0,0.6899261
28992,0,0,0.68997765
28993,0,0,0.70319283
28994,0,0,0.7189291
28995,2,0,0.7245289
28996,3,0,0.70608175
28997,2,0,0.69966537
28998,3,0,0.67492455
28999,0,0,0.68623555
29000,1,0,0.71205646
29001,0,0,0.7286098
29002,0,0,0.73997575
29003,1,0,0.7420172
29004,1,0,0.72883564
29005,1,0,0.70606416
29006,0,0,0.70362186
29007,1,0,0.7031789
29008,2,0,0.7020749
29009,2,0,0.7026071
29010,2,0,0.7060958
29011,0,0,0.70630634
29012,0,0,0.7073456
29013,0,0,0.7078696
29014,1,0,0.7081688
29015,3,0,0.7158306
29016,1,0,0.7241528
29017,1,0,0.7272101
29018,1,0,0.7328656
29019,0,0,0.75042737
29020,1,0,0.76579416
29021,0,0,0.7692335
29022,3,0,0.77653867
29023,0,0,0.7698549
29024,0,0,0.7617232
29025,3,0,0.75897944
29026,0,0,0.77036077
29027,2,0,0.77952284
29028,2,0,0.8092314
29029,1,0,0.79730433
29030,1,0,0.7858975
29031,1,0,0.7920634
29032,0,0,0.79887414
29033,0,0,0.7831817
29034,0,0,0.7664106
29035,0,0,0.829875
29036,1,0,0.8215222
29037,1,0,0.82876337
29038,2,0,0.8437528
29039,3,0,0.8413679
29040,0,0,0.8517103
29041,0,0,0.8642804
29042,0,0,0.8764289
29043,3,0,0.8894134
29044,2,0,0.89684194
29045,0,0,0.89277565
29046,1,0,0.90227014
29047,2,0,0.9061969
29048,2,0,0.91248566
29049,0,0,0.90265113
29050,2,0,0.90279406
29051,0,0,0.90429735
29052,1,0,0.88624895
29053,0,0,0.897175
29054,0,0,0.9104626
29055,1,0,0.9320328
29056,1,0,0.936257
29057,0,0,0.9104428
29058,0,0,0.8906608
29059,1,0,0.89140904
29060,1,0,0.90659577
29061,0,0,0.8887752
29062,1,0,0.88087165
29063,1,0,0.899167
29064,2,0,0.91046286
29065,0,0,0.851503
29066,2,0,0.8608883
29067,1,0,0.8707254
29068,0,0,0.8695642
29069,1,0,0.88494253
29070,2,0,0.86565775
29071,3,0,0.86456007
29072,1,0,0.85987586
29073,2,0,0.8747187
29074,1,0,0.87629986
29075,3,0,0.88200855
29076,0,0,0.87839454
29077,1,0,0.87716675
29078,1,0,0.87678
29079,1,0,0.8859244
29080,1,0,0.8683305
29081,1,0,0.8713785
29082,3,0,0.9032116
29083,1,0,0.90950716
29084,0,0,0.9189957
29085,3,0,0.91497046
29086,0,0,0.93681407
29087,0,0,0.9586268
29088,2,0,0.9521139
29089,1,0,0.9568491
29090,1,0,0.96120006
29091,1,0,0.9760411
29092,1,0,0.9914892
29093,3,0,0.9941933
29094,0,0,0.99179
29095,0,0,1.0052918
29096,0,0,1.0459858
29097,0,0,1.0432631
29098,3,0,1.0426341
29099,0,0,1.0356662
29100,0,0,1.0662125
29101,0,0,1.0870696
29102,2,0,1.0942893
29103,1,0,1.090577
29104,1,0,1.1256106
29105,2,0,1.1568643
29106,0,0,1.1718886
29107,0,0,1.1692249
29108,0,0,1.171148
29109,3,0,1.1723237
29110,3,0,1.1894642
29111,0,0,1.181579
29112,1,0,1.1843041
29113,1,0,1.1661379
29114,3,0,1.1739163
29115,3,0,1.1916773
29116,1,0,1.1992667
29117,2,0,1.2310587
29118,3,0,1.2481732
29119,2,0,1.2444676
29120,0,0,1.2496914
29121,1,0,1.2561105
29122,1,0,1.2824748
29123,0,0,1.3080268
29124,0,0,1.3514272
29125,0,0,1.3436385
29126,0,0,1.3096647
29127,0,0,1.322324
29128,2,0,1.3384275
29129,0,0,1.4030854
29130,3,0,1.429595
29131,2,0,1.4139805
29132,0,0,1.4132106
29133,1,1,0.6277905
29134,1,1,0.6261276
29135,0,1,0.60648876
29136,2,1,0.62223434
29137,0,1,0.63140327
29138,1,1,0.6399618
29139,2,1,0.58263654
29140,0,1,0.57239133
29141,3,1,0.56981736
29142,0,1,0.58801633
29143,3,1,0.5876664
29144,0,1,0.60176307
29145,1,1,0.60208654
29146,3,1,0.6132827
29147,0,1,0.6261711
29148,0,1,0.60382557
29149,3,1,0.58900774
29150,1,1,0.5869676
29151,0,1,0.6044201
29152,0,1,0.60823625
29153,1,1,0.61331373
29154,2,1,0.60324985
29155,3,1,0.6015913
29156,0,1,0.61938405
29157,0,1,0.63369805
29158,1,1,0.6378434
29159,0,1,0.6495924
29160,1,1,0.62955546
29161,1,1,0.6278742
29162,3,0,0.6209572
29163,3,0,0.60653377
29164,1,0,0.6022351
29165,0,0,0.6077808
29166,2,0,0.5931025
29167,0,0,0.6105071
29168,0,0,0.6265432
29169,3,0,0.6102738
29170,0,0,0.62877935
29171,0,0,0.64882135
29172,0,0,0.62980187
29173,1,0,0.6031118
29174,2,0,0.591637
29175,1,0,0.5931169
29176,3,0,0.5842776
29177,0,0,0.5854179
29178,3,0,0.60638136
29179,0,0,0.60476685
29180,3,0,0.6017678
29181,1,0,0.59972924
29182,0,0,0.6166509
29183,3,0,0.6138987
29184,0,0,0.60277325
29185,0,0,0.5980317
29186,3,0,0.59718484
29187,2,0,0.5737692
29188,0,0,0.57019186
29189,0,0,0.54868734
29190,2,0,0.56191564
29191,1,0,0.5621491
29192,1,0,0.5725867
29193,2,0,0.57035583
29194,2,0,0.5890055
29195,0,0,0.60299075
29196,0,0,0.6075958
29197,2,0,0.6089724
29198,2,0,0.60431314
29199,3,0,0.6092849
29200,0,0,0.6042402
29201,2,0,0.5957182
29202,2,0,0.61228997
29203,3,0,0.6160584
29204,0,0,0.6257725
29205,1,0,0.62602556
29206,0,0,0.62686276
29207,3,0,0.61034167
29208,1,0,0.618331
29209,1,0,0.6398222
29210,3,0,0.6504642
29211,0,0,0.6378812
29212,1,0,0.62209606
29213,2,0,0.6352935
29214,1,0,0.65008336
29215,1,0,0.6541856
29216,1,0,0.63437986
29217,0,0,0.6576955
29218,1,0,0.6723988
29219,0,0,0.69236857
29220,0,0,0.6763717
29221,3,0,0.6622375
29222,0,0,0.6736127
29223,0,0,0.6731612
29224,1,0,0.6548233
29225,0,0,0.6592502
29226,0,0,0.6592044
29227,1,0,0.63872856
29228,3,0,0.6354927
29229,3,0,0.62790656
29230,3,0,0.62968355
29231,0,0,0.6102104
29232,1,0,0.6048607
29233,1,0,0.6156276
29234,0,0,0.6046454
29235,3,0,0.61812645
29236,1,0,0.6185294
29237,3,0,0.6392478
29238,3,0,0.63329154
29239,1,0,0.6080437
29240,0,0,0.61236656
29241,2,0,0.6182618
29242,1,0,0.62947124
29243,2,0,0.6358128
29244,1,0,0.64931667
29245,2,0,0.6751491
29246,0,0,0.67931724
29247,1,0,0.659462
29248,2,0,0.663736
29249,1,0,0.6568385
29250,0,0,0.6725417
29251,0,0,0.6775423
29252,1,0,0.66760314
29253,2,0,0.6793622
29254,0,0,0.68673384
29255,3,0,0.6803347
29256,1,0,0.6953961
29257,0,0,0.7180963
29258,1,0,0.70594436
29259,0,0,0.732647
29260,3,0,0.73008305
29261,3,0,0.7412154
29262,0,0,0.7456853
29263,2,0,0.74285513
29264,2,0,0.7544053
29265,3,0,0.7613953
29266,0,0,0.7726165
29267,3,0,0.78284883
29268,2,0,0.79062104
29269,3,0,0.80447185
29270,3,0,0.79146034
29271,3,0,0.80919784
29272,2,0,0.8153657
29273,1,0,0.8420202
29274,0,0,0.8409935
29275,0,0,0.8352546
29276,0,0,0.85131973
29277,1,0,0.87054163
29278,0,0,0.8649356
29279,3,0,0.8868069
29280,0,0,0.9139234
29281,0,0,0.9329851
29282,1,0,0.97316605
29283,2,0,1.015411
29284,0,0,1.0380032
29285,0,0,1.0658035
29286,1,0,1.083006
29287,3,0,1.1421763
29288,0,0,1.1581584
29289,1,0,1.1900139
29290,1,0,1.2358079
29291,1,0,1.5074646
29292,0,0,1.5344106
29293,0,0,1.537155
29294,0,0,1.6250325
29295,0,0,1.662132
29296,0,0,1.6795171
29297,0,0,1.683765
29298,3,1,0.73376286
29299,3,1,0.74278855
29300,0,1,0.74154174
29301,2,1,0.73123723
29302,1,1,0.7280657
29303,0,1,0.74467856
29304,0,1,0.6985943
29305,0,1,0.6954798
29306,0,1,0.7014896
29307,1,1,0.6977845
29308,1,1,0.70914847
29309,1,1,0.7168023
29310,1,1,0.72021157
29311,0,1,0.7455995
29312,2,1,0.7373461
29313,1,1,0.7559481
29314,1,1,0.7615616
29315,0,1,0.78130573
29316,1,1,0.7752079
29317,1,1,0.79118127
29318,0,1,0.7946683
29319,0,1,0.77451384
29320,1,1,0.7580588
29321,0,1,0.75123745
29322,1,1,0.75407773
29323,1,1,0.736509
29324,3,1,0.75196606
29325,0,1,0.7566109
29326,2,1,0.7436238
29327,0,1,0.71801883
29328,0,1,0.72397345
29329,0,0,0.7166545
29330,1,0,0.7023833
29331,1,0,0.70958453
29332,0,0,0.6956028
29333,3,0,0.6919506
29334,0,0,0.70029604
29335,1,0,0.6986634
29336,3,0,0.6847432
29337,0,0,0.68804514
29338,1,0,0.6973624
29339,1,0,0.7008901
29340,0,0,0.70541424
29341,3,0,0.6863405
29342,1,0,0.69238895
29343,0,0,0.682962
29344,3,0,0.6912544
29345,1,0,0.68640894
29346,3,0,0.67768574
29347,1,0,0.66272026
29348,1,0,0.6605836
29349,2,0,0.7173274
29350,0,0,0.71425474
29351,2,0,0.71793985
29352,0,0,0.7334536
29353,1,0,0.7283796
29354,1,0,0.7330862
29355,0,0,0.7302371
29356,2,0,0.7218569
29357,0,0,0.72387296
29358,1,0,0.7141724
29359,0,0,0.7261083
29360,0,0,0.72715825
29361,0,0,0.72386354
29362,1,0,0.73787904
29363,0,0,0.73921895
29364,0,0,0.7291217
29365,1,0,0.7406034
29366,0,0,0.7557696
29367,2,0,0.7570763
29368,1,0,0.731912
29369,1,0,0.73628336
29370,2,0,0.73799324
29371,0,0,0.72973514
29372,0,0,0.7259814
29373,1,0,0.72329015
29374,3,0,0.7110178
29375,0,0,0.6913832
29376,1,0,0.6900789
29377,1,0,0.6959416
29378,0,0,0.6813151
29379,1,0,0.60418856
29380,1,0,0.61332095
29381,0,0,0.6066605
29382,3,0,0.57778054
29383,0,0,0.5926779
29384,1,0,0.60180587
29385,3,0,0.6070124
29386,2,0,0.6294851
29387,1,0,0.62467355
29388,2,0,0.63839394
29389,3,0,0.6408905
29390,0,0,0.63755244
29391,0,0,0.65019137
29392,0,0,0.6499919
29393,3,0,0.6322217
29394,1,0,0.62789154
29395,1,0,0.61580074
29396,3,0,0.62399244
29397,1,0,0.62303245
29398,0,0,0.6223979
29399,1,0,0.6023165
29400,0,0,0.6049647
29401,2,0,0.6042519
29402,1,0,0.6020125
29403,1,0,0.57814485
29404,0,0,0.59029675
29405,0,0,0.599799
29406,1,0,0.595584
29407,2,0,0.607034
29408,0,0,0.61444944
29409,0,0,0.6194182
29410,0,0,0.6190202
29411,0,0,0.5991329
29412,2,0,0.60589224
29413,2,0,0.58983076
29414,1,0,0.57233816
29415,2,0,0.5707581
29416,0,0,0.57380015
29417,3,0,0.5685126
29418,1,0,0.5535735
29419,1,0,0.54209924
29420,3,0,0.55963695
29421,0,0,0.53606796
29422,2,0,0.53820735
29423,3,0,0.5370747
29424,1,0,0.557543
29425,2,0,0.5546646
29426,3,0,0.54929674
29427,2,0,0.549677
29428,0,0,0.563456
29429,1,0,0.5617857
29430,0,0,0.56415737
29431,3,0,0.5750765
29432,3,0,0.5820371
29433,0,0,0.61137784
29434,1,0,0.61524296
29435,2,0,0.6105723
29436,1,0,0.6338373
29437,2,0,0.6461397
29438,1,0,0.64444226
29439,2,0,0.66045725
29440,1,0,0.65478665
29441,3,0,0.68322414
29442,1,0,0.70180154
29443,2,0,0.7089579
29444,1,0,0.7324707
29445,0,0,0.74920934
29446,0,0,0.7305823
29447,0,0,0.75421864
29448,1,0,0.77246237
29449,0,0,0.7935827
29450,0,0,0.80446315
29451,0,0,0.8251247
29452,0,0,0.836474
29453,1,0,0.8549328
29454,2,0,0.848549
29455,1,0,0.8853537
29456,1,0,0.89442974
29457,0,0,0.9514084
29458,3,0,0.95528495
29459,2,0,0.99892735
29460,2,0,1.0151991
29461,0,0,1.0376867
29462,2,0,1.062164
29463,1,0,1.0673394
29464,3,0,1.0951076
29465,3,0,1.112456
29466,2,0,1.110077
29467,0,0,1.115861
29468,0,0,1.1486754
29469,0,0,1.1667633
29470,1,0,1.2057629
29471,3,0,1.2330179
29472,0,1,0.617395
29473,1,1,0.61469704
29474,0,1,0.63576823
29475,0,1,0.64295244
29476,1,1,0.6674643
29477,1,1,0.6782376
29478,3,1,0.6821413
29479,1,1,0.67065483
29480,3,1,0.6749006
29481,1,1,0.6855373
29482,2,1,0.6998069
29483,3,1,0.7169308
29484,0,1,0.7190241
29485,3,1,0.7264367
29486,2,1,0.71874076
29487,1,1,0.70418835
29488,0,1,0.68849915
29489,1,1,0.69581974
29490,1,1,0.7182658
29491,1,1,0.69962776
29492,1,1,0.678897
29493,0,1,0.676734
29494,1,1,0.690098
29495,1,1,0.6775573
29496,0,1,0.70035666
29497,0,1,0.70354486
29498,0,1,0.7078496
29499,0,1,0.72434306
29500,1,1,0.7196755
29501,2,1,0.7374923
29502,2,1,0.73578954
29503,1,1,0.7305435
29504,0,1,0.7250186
29505,3,1,0.72268045
29506,2,1,0.7142204
29507,1,1,0.7167248
29508,0,1,0.7140109
29509,2,1,0.7115242
29510,0,1,0.71095455
29511,1,1,0.69505554
29512,0,1,0.688703
29513,1,1,0.68761295
29514,3,1,0.7027472
29515,0,1,0.70497555
29516,0,1,0.693107
29517,2,0,0.6975751
29518,0,0,0.6962108
29519,1,0,0.69674
29520,0,0,0.6838825
29521,2,0,0.69837
29522,1,0,0.7078191
29523,0,0,0.6938999
29524,0,0,0.70518225
29525,2,0,0.70741105
29526,1,0,0.6862747
29527,1,0,0.6996812
29528,1,0,0.69467074
29529,0,0,0.694336
29530,2,0,0.6949539
29531,0,0,0.7003271
29532,3,0,0.69669104
29533,1,0,0.7671937
29534,1,0,0.74086404
29535,1,0,0.72909284
29536,3,0,0.7540132
29537,0,0,0.7419181
29538,1,0,0.7250336
29539,0,0,0.70329833
29540,3,0,0.6749363
29541,0,0,0.67637926
29542,3,0,0.6651411
29543,1,0,0.68260396
29544,3,0,0.67102295
29545,0,0,0.682632
29546,0,0,0.6849163
29547,0,0,0.70653456
29548,0,0,0.70865566
29549,0,0,0.69458675
29550,0,0,0.68548703
29551,0,0,0.6738894
29552,0,0,0.67022276
29553,2,0,0.67870563
29554,2,0,0.6590229
29555,3,0,0.6556545
29556,0,0,0.6741132
29557,0,0,0.67487854
29558,0,0,0.67448366
29559,1,0,0.6610596
29560,2,0,0.66557455
29561,1,0,0.6426339
29562,2,0,0.63856876
29563,2,0,0.58007646
29564,3,0,0.5950619
29565,2,0,0.58654904
29566,3,0,0.58079827
29567,3,0,0.5918669
29568,3,0,0.5850725
29569,3,0,0.5859983
29570,1,0,0.58437175
29571,1,0,0.59055036
29572,2,0,0.6004175
29573,0,0,0.5862486
29574,0,0,0.59342295
29575,0,0,0.57876647
29576,0,0,0.57828707
29577,0,0,0.5773995
29578,0,0,0.5858395
29579,2,0,0.5822421
29580,0,0,0.60102016
29581,1,0,0.60525364
29582,2,0,0.6128865
29583,2,0,0.619629
29584,3,0,0.6277561
29585,0,0,0.65019643
29586,1,0,0.65420634
29587,2,0,0.64235723
29588,3,0,0.6492205
29589,2,0,0.6667368
29590,0,0,0.6773538
29591,1,0,0.67710423
29592,3,0,0.69375235
29593,3,0,0.6894338
29594,0,0,0.6880189
29595,2,0,0.6869769
29596,0,0,0.66652036
29597,1,0,0.65836036
29598,0,0,0.67347807
29599,1,0,0.68213755
29600,1,0,0.7076565
29601,0,0,0.71544427
29602,0,0,0.69881594
29603,0,0,0.7000113
29604,1,0,0.7004963
29605,0,0,0.7138306
29606,0,0,0.7201842
29607,1,0,0.707505
29608,1,0,0.7171037
29609,2,0,0.74165964
29610,3,0,0.75241643
29611,0,0,0.75676477
29612,1,0,0.76042485
29613,0,0,0.7700304
29614,1,0,0.78017324
29615,0,0,0.7693903
29616,3,0,0.75727963
29617,2,0,0.77492464
29618,0,0,0.7946753
29619,3,0,0.7949031
29620,3,0,0.8015209
29621,0,0,0.8077462
29622,1,0,0.79802066
29623,1,0,0.7935022
29624,0,0,0.80564326
29625,1,0,0.8188026
29626,0,0,0.8513692
29627,0,0,0.8588564
29628,1,0,0.8551902
29629,3,0,0.8624385
29630,2,0,0.8548359
29631,0,0,0.85870034
29632,0,0,0.8810549
29633,0,0,0.8846614
29634,1,0,0.89217895
29635,3,0,0.8897849
29636,3,0,0.8943173
29637,0,0,0.9097688
29638,3,0,0.89404464
29639,0,0,0.8937
29640,3,0,0.87564164
29641,3,0,0.87060744
29642,1,0,0.8726302
29643,3,0,0.8616743
29644,1,0,0.85816014
29645,1,0,0.87583315
29646,1,0,0.90064484
29647,0,0,0.89798176
29648,0,0,0.9020229
29649,0,0,0.9164238
29650,1,0,0.91062146
29651,0,0,0.9318281
29652,2,0,0.9462542
29653,1,0,0.9621433
29654,3,0,0.9553893
29655,1,0,0.9672652
29656,0,0,0.9611088
29657,0,0,0.98007214
29658,1,0,0.98784685
29659,1,0,0.9891307
29660,1,0,0.98438835
29661,0,0,0.9817621
29662,0,0,1.0157864
29663,3,0,1.0447247
29664,1,0,1.0616146
29665,0,0,1.0824735
29666,0,0,1.0765612
29667,1,0,1.0892724
29668,1,0,1.1004918
29669,1,0,1.1175596
29670,0,0,1.1395463
29671,3,0,1.1648268
29672,2,0,1.1735547
29673,0,0,1.1910843
29674,0,0,1.1912881
29675,0,0,1.1887703
29676,3,0,1.194691
29677,2,0,1.2209015
29678,1,0,1.2152756
29679,0,0,1.2181637
29680,2,0,1.2223451
29681,2,0,1.2463671
29682,1,0,1.277476
29683,2,0,1.3008019
29684,0,0,1.3530239
29685,3,0,1.3608762
29686,1,0,1.382482
29687,1,0,1.3872318
29688,1,0,1.394022
29689,0,0,1.4252679
29690,2,0,1.4898958
29691,0,0,1.5049788
29692,2,1,0.6345483
29693,0,1,0.6112646
29694,0,1,0.6261476
29695,0,1,0.592465
29696,3,1,0.5678344
29697,1,1,0.59694123
29698,0,1,0.6069073
29699,1,1,0.60254204
29700,1,1,0.6008119
29701,1,1,0.59781086
29702,1,1,0.575823
29703,0,1,0.5734528
29704,1,1,0.57322055
29705,0,1,0.5731542
29706,1,1,0.5595652
29707,0,1,0.55012107
29708,1,1,0.5880849
29709,0,1,0.5929419
29710,0,1,0.5924644
29711,0,1,0.62387925
29712,0,0,0.65242666
29713,3,0,0.6679628
29714,0,0,0.6633116
29715,3,0,0.6730274
29716,3,0,0.6718974
29717,2,0,0.66099787
29718,3,0,0.66363204
29719,2,0,0.67018706
29720,0,0,0.6830438
29721,1,0,0.6768715
29722,0,0,0.6932365
29723,0,0,0.6827283
29724,0,0,0.68191206
29725,0,0,0.7037026
29726,0,0,0.72859323
29727,1,0,0.71289384
29728,2,0,0.68698597
29729,0,0,0.6952274
29730,1,0,0.68529415
29731,2,0,0.68515855
29732,1,0,0.7140203
29733,1,0,0.734087
29734,0,0,0.7543247
29735,0,0,0.76945335
29736,0,0,0.7672869
29737,3,0,0.769631
29738,1,0,0.7499514
29739,1,0,0.7671994
29740,0,0,0.7861951
29741,1,0,0.7793943
29742,3,0,0.7701212
29743,0,0,0.7519444
29744,3,0,0.77666134
29745,0,0,0.78139645
29746,0,0,0.78907645
29747,1,0,0.80313504
29748,1,0,0.8153471
29749,1,0,0.8200104
29750,2,0,0.8062553
29751,1,0,0.8205198
29752,0,0,0.80843407
29753,0,0,0.80587196
29754,0,0,0.78839487
29755,1,0,0.77764696
29756,1,0,0.7490312
29757,3,0,0.7433245
29758,0,0,0.76260805
29759,1,0,0.7729964
29760,1,0,0.7885578
29761,1,0,0.8045564
29762,0,0,0.77790254
29763,1,0,0.7642577
29764,0,0,0.76497364
29765,0,0,0.7538211
29766,1,0,0.7591271
29767,3,0,0.74026763
29768,0,0,0.75176305
29769,3,0,0.74808943
29770,2,0,0.7292076
29771,3,0,0.72165686
29772,1,0,0.71223366
29773,1,0,0.7238135
29774,1,0,0.70780647
29775,1,0,0.6891556
29776,3,0,0.684823
29777,0,0,0.67289716
29778,1,0,0.65147823
29779,3,0,0.6491013
29780,3,0,0.65125024
29781,3,0,0.6365039
29782,1,0,0.6429279
29783,1,0,0.6715139
29784,0,0,0.6790943
29785,2,0,0.6766248
29786,0,0,0.68708116
29787,1,0,0.68420964
29788,1,0,0.6679541
29789,3,0,0.65924084
29790,1,0,0.6524251
29791,0,0,0.6751059
29792,0,0,0.71867675
29793,3,0,0.74101305
29794,1,0,0.7425419
29795,1,0,0.7512742
29796,1,0,0.7784622
29797,1,0,0.7962862
29798,0,0,0.8004866
29799,0,0,0.7969536
29800,0,0,0.81087506
29801,0,0,0.8336162
29802,2,0,0.84723055
29803,1,0,0.84234244
29804,2,0,0.82956725
29805,0,0,0.8450017
29806,0,0,0.8362146
29807,2,0,0.85979867
29808,1,0,0.8675215
29809,0,0,0.8952403
29810,1,0,0.8957487
29811,2,0,0.8990213
29812,1,0,0.92504746
29813,0,0,0.92498344
29814,0,0,0.98057735
29815,0,0,0.99494785
29816,0,0,1.0161885
29817,0,0,1.0405875
29818,2,0,1.064581
29819,1,0,1.101968
29820,0,0,1.175137
29821,2,0,1.1891809
29822,0,0,1.1914619
29823,3,0,1.2169162
29824,1,0,1.2661097
29825,1,0,1.3003738
29826,2,0,1.381091
29827,1,0,1.4323323
29828,1,1,0.7091871
29829,3,1,0.7135953
29830,1,1,0.71862185
29831,2,1,0.71677655
29832,0,1,0.7203225
29833,0,1,0.7092695
29834,2,1,0.72854584
29835,0,1,0.721185
29836,1,1,0.7135862
29837,0,1,0.7061222
29838,0,1,0.69478077
29839,0,1,0.675242
29840,3,1,0.67751265
29841,0,1,0.67250824
29842,0,1,0.64936274
29843,0,1,0.67179734
29844,0,1,0.66039103
29845,1,1,0.6562096
29846,1,1,0.6625207
29847,3,1,0.67148924
29848,0,1,0.6763739
29849,0,1,0.69327193
29850,1,1,0.70243186
29851,0,1,0.70568556
29852,0,1,0.691816
29853,2,1,0.67787087
29854,3,1,0.66732174
29855,2,1,0.63923323
29856,2,1,0.6440627
29857,0,1,0.6405366
29858,0,1,0.64319694
29859,3,1,0.6587323
29860,1,0,0.63029337
29861,0,0,0.60942066
29862,0,0,0.6172185
29863,0,0,0.6207188
29864,3,0,0.5930118
29865,0,0,0.6041316
29866,0,0,0.6063086
29867,1,0,0.61556864
29868,2,0,0.62597024
29869,3,0,0.65385336
29870,1,0,0.6710307
29871,0,0,0.66481745
29872,0,0,0.68514335
29873,0,0,0.67145437
29874,2,0,0.6873095
29875,2,0,0.6838491
29876,0,0,0.66733164
29877,1,0,0.68603146
29878,3,0,0.68785685
29879,1,0,0.66013193
29880,1,0,0.6704938
29881,1,0,0.68878925
29882,1,0,0.68965006
29883,0,0,0.67735845
29884,1,0,0.68586284
29885,0,0,0.6998874
29886,0,0,0.6870095
29887,3,0,0.68743235
29888,1,0,0.6884007
29889,0,0,0.6894996
29890,0,0,0.6921856
29891,1,0,0.71213245
29892,2,0,0.70121866
29893,3,0,0.6933903
29894,1,0,0.7091234
29895,0,0,0.7047774
29896,0,0,0.7080617
29897,3,0,0.7032149
29898,0,0,0.69803774
29899,1,0,0.6845867
29900,3,0,0.67871666
29901,2,0,0.68137944
29902,3,0,0.67197174
29903,0,0,0.6771752
29904,3,0,0.67919445
29905,0,0,0.69539225
29906,0,0,0.70434695
29907,0,0,0.70812386
29908,1,0,0.7273533
29909,1,0,0.7401961
29910,1,0,0.73716784
29911,0,0,0.75226146
29912,1,0,0.7631119
29913,0,0,0.7709362
29914,2,0,0.7680195
29915,3,0,0.7780569
29916,1,0,0.8008013
29917,1,0,0.82197845
29918,1,0,0.8311129
29919,0,0,0.8275785
29920,1,0,0.8336716
29921,0,0,0.83397156
29922,1,0,0.826796
29923,0,0,0.82870823
29924,1,0,0.8227968
29925,0,0,0.81463486
29926,1,0,0.80953884
29927,0,0,0.7966059
29928,2,0,0.8001892
29929,1,0,0.80071694
29930,0,0,0.81102026
29931,0,0,0.8125955
29932,0,0,0.8164978
29933,1,0,0.8219829
29934,2,0,0.829964
29935,3,0,0.8109828
29936,3,0,0.8234978
29937,0,0,0.8220622
29938,1,0,0.83373
29939,0,0,0.83135086
29940,1,0,0.8160049
29941,2,0,0.7810176
29942,1,0,0.7775329
29943,0,0,0.79235804
29944,0,0,0.8335294
29945,2,0,0.82898945
29946,1,0,0.808973
29947,1,0,0.80967134
29948,1,0,0.81028605
29949,0,0,0.8367173
29950,3,0,0.85175985
29951,3,0,0.8513297
29952,0,0,0.866619
29953,2,0,0.8762435
29954,2,0,0.8628201
29955,0,0,0.8686063
29956,3,0,0.87687814
29957,1,0,0.90002483
29958,0,0,0.9013224
29959,1,0,0.9568246
29960,1,0,0.97432065
29961,0,0,0.9911281
29962,0,0,0.9977919
29963,3,0,0.9959912
29964,1,0,1.0008622
29965,0,0,1.0314267
29966,1,0,1.0487392
29967,1,0,1.0479116
29968,2,0,1.0371677
29969,3,0,1.0471112
29970,1,0,1.065307
29971,0,0,1.1004246
29972,0,0,1.1027125
29973,0,0,1.1170168
29974,1,0,1.1026267
29975,2,0,1.098381
29976,2,0,1.104494
29977,2,0,1.0984544
29978,1,0,1.1062485
29979,3,0,1.100087
29980,0,0,1.1173996
29981,1,0,1.1319107
29982,0,0,1.1527686
29983,2,0,1.1807989
29984,0,0,1.2014881
29985,0,0,1.2198063
29986,0,0,1.2315843
29987,3,0,1.2720612
29988,1,0,1.3097309
29989,1,0,1.3082713
29990,1,0,1.3257273
29991,0,0,1.3486296
29992,2,0,1.3717933
29993,1,0,1.3884145
29994,3,0,1.3896884
29995,1,0,1.3722091
29996,0,0,1.3585069
29997,3,0,1.3645643
29998,0,0,1.3852847
29999,0,0,1.3943751
30000,0,0,1.4130204
30001,2,0,1.4151146
30002,3,0,1.4369869
30003,2,1,0.68892384
30004,2,1,0.70607847
30005,3,1,0.6984934
30006,1,1,0.7178614
30007,1,1,0.72987074
30008,2,1,0.71885985
30009,0,1,0.71375394
30010,2,1,0.7100866
30011,3,1,0.70978415
30012,2,1,0.7118952
30013,0,1,0.7054298
30014,1,1,0.6819278
30015,0,1,0.67584085
30016,0,1,0.65893626
30017,1,1,0.64431906
30018,0,1,0.6364273
30019,3,1,0.64106756
30020,0,1,0.663575
30021,3,1,0.66919553
30022,1,1,0.6750882
30023,2,1,0.66774815
30024,0,1,0.69648254
30025,1,1,0.6887005
30026,2,1,0.69895
30027,2,1,0.6937726
30028,3,1,0.69142795
30029,0,1,0.7028181
30030,1,1,0.70176667
30031,3,1,0.6987377
30032,0,1,0.69216913
30033,3,1,0.68432325
30034,0,1,0.6589187
30035,0,1,0.6487857
30036,1,1,0.6201047
30037,0,1,0.6279668
30038,0,1,0.63383114
30039,0,1,0.6283852
30040,0,1,0.6375403
30041,3,1,0.6329724
30042,3,1,0.63030267
30043,0,0,0.6523321
30044,1,0,0.65214807
30045,2,0,0.6647855
30046,1,0,0.66708744
30047,0,0,0.65902805
30048,3,0,0.67215884
30049,3,0,0.67194694
30050,3,0,0.65224403
30051,1,0,0.6649896
30052,1,0,0.64681435
30053,0,0,0.6426898
30054,1,0,0.6173226
30055,0,0,0.62282956
30056,0,0,0.6200174
30057,0,0,0.6408531
30058,0,0,0.63165945
30059,1,0,0.62143326
30060,1,0,0.6225616
30061,2,0,0.61531556
30062,1,0,0.6170185
30063,0,0,0.6360697
30064,0,0,0.64186656
30065,0,0,0.6620366
30066,2,0,0.6615179
30067,3,0,0.66183686
30068,3,0,0.64281553
30069,0,0,0.6582883
30070,1,0,0.64642525
30071,0,0,0.6592424
30072,3,0,0.67465985
30073,2,0,0.6617844
30074,1,0,0.6601163
30075,2,0,0.6662534
30076,1,0,0.66626686
30077,0,0,0.66161233
30078,0,0,0.64357966
30079,1,0,0.65723443
30080,3,0,0.66827226
30081,0,0,0.6499251
30082,3,0,0.65242934
30083,1,0,0.66641873
30084,2,0,0.6776556
30085,1,0,0.68784034
30086,0,0,0.6843938
30087,1,0,0.6583287
30088,0,0,0.6794226
30089,0,0,0.6718847
30090,1,0,0.67621654
30091,3,0,0.6980502
30092,0,0,0.686509
30093,1,0,0.664111
30094,1,0,0.6625959
30095,0,0,0.64910257
30096,0,0,0.6671047
30097,1,0,0.6625904
30098,1,0,0.65893996
30099,1,0,0.6473956
30100,1,0,0.6480921
30101,2,0,0.6510485
30102,1,0,0.64578825
30103,0,0,0.64674455
30104,1,0,0.64991194
30105,0,0,0.63192296
30106,2,0,0.63434803
30107,3,0,0.635394
30108,0,0,0.6290041
30109,3,0,0.61121863
30110,0,0,0.5982848
30111,1,0,0.5989332
30112,3,0,0.607134
30113,2,0,0.6093933
30114,0,0,0.5924882
30115,1,0,0.58298224
30116,1,0,0.5613227
30117,1,0,0.56766474
30118,0,0,0.5529
30119,3,0,0.5709799
30120,1,0,0.5729517
30121,0,0,0.5510436
30122,3,0,0.5671729
30123,3,0,0.5891911
30124,2,0,0.60551685
30125,3,0,0.6288177
30126,0,0,0.60336417
30127,0,0,0.58392787
30128,2,0,0.60220116
30129,0,0,0.6102263
30130,3,0,0.62324053
30131,0,0,0.6259133
30132,3,0,0.6164634
30133,1,0,0.6206815
30134,1,0,0.62499964
30135,3,0,0.6300077
30136,1,0,0.6274363
30137,0,0,0.6199574
30138,1,0,0.63563704
30139,0,0,0.6413084
30140,3,0,0.6455611
30141,3,0,0.6452059
30142,1,0,0.6463068
30143,1,0,0.63791776
30144,0,0,0.65660316
30145,1,0,0.6688608
30146,0,0,0.67730755
30147,0,0,0.6754405
30148,0,0,0.69395924
30149,2,0,0.6794574
30150,1,0,0.68613386
30151,2,0,0.6966481
30152,1,0,0.70391583
30153,0,0,0.70351547
30154,0,0,0.70705456
30155,3,0,0.6840055
30156,0,0,0.6993785
30157,1,0,0.721891
30158,1,0,0.7203547
30159,1,0,0.72247726
30160,0,0,0.72180086
30161,3,0,0.71255296
30162,0,0,0.72614837
30163,3,0,0.70719033
30164,1,0,0.7103602
30165,3,0,0.72013646
30166,1,0,0.73823583
30167,0,0,0.76569885
30168,1,0,0.7642111
30169,0,0,0.78301406
30170,1,0,0.7956071
30171,0,0,0.80518925
30172,3,0,0.81969374
30173,3,0,0.81532574
30174,0,0,0.82061243
30175,0,0,0.82836616
30176,1,0,0.8540321
30177,0,0,0.87897813
30178,0,0,0.87034816
30179,0,0,0.8809173
30180,0,0,0.89539516
30181,3,0,0.92864
30182,1,0,0.92963886
30183,1,0,0.9411384
30184,2,0,0.9503186
30185,0,0,0.96240854
30186,3,0,0.9696913
30187,0,0,0.9717226
30188,0,0,0.98447293
30189,1,0,0.9869715
30190,3,0,0.99337584
30191,2,0,1.0146003
30192,1,0,1.0282289
30193,1,0,1.0421528
30194,3,0,1.0559517
30195,3,0,1.0876331
30196,1,0,1.086916
30197,0,0,1.1384394
30198,1,0,1.1737609
30199,2,0,1.2126126
30200,1,0,1.2217351
30201,0,0,1.2667699
30202,1,0,1.2869656
30203,0,0,1.3020772
30204,1,0,1.3586987
30205,2,0,1.3774353
30206,0,1,0.6137504
30207,0,1,0.6440382
30208,2,1,0.62594205
30209,2,1,0.6300598
30210,0,1,0.6114443
30211,2,1,0.6354214
30212,0,1,0.64166486
30213,0,1,0.63839656
30214,2,1,0.6169737
30215,0,1,0.6143835
30216,1,1,0.61462253
30217,0,1,0.621113
30218,2,1,0.6206179
30219,0,1,0.6238042
30220,2,1,0.6184558
30221,0,1,0.6091561
30222,3,1,0.60510164
30223,0,1,0.60649663
30224,3,1,0.6027993
30225,1,1,0.6166747
30226,1,1,0.6298912
30227,0,1,0.64175963
30228,2,1,0.6421825
30229,0,1,0.6206808
30230,2,1,0.6386324
30231,0,1,0.6386646
30232,1,1,0.6279047
30233,1,1,0.62725264
30234,3,1,0.64855844
30235,3,1,0.6361052
30236,0,1,0.66367894
30237,2,1,0.64281774
30238,3,1,0.6486248
30239,0,1,0.62740487
30240,0,1,0.64611846
30241,3,1,0.64695394
30242,2,0,0.6480972
30243,0,0,0.658556
30244,1,0,0.6683993
30245,0,0,0.68482864
30246,0,0,0.70233864
30247,0,0,0.6948469
30248,1,0,0.68626803
30249,1,0,0.6923425
30250,0,0,0.70495725
30251,0,0,0.7163369
30252,0,0,0.72473675
30253,2,0,0.72573376
30254,0,0,0.72557807
30255,1,0,0.71947527
30256,1,0,0.7106039
30257,1,0,0.7174976
30258,3,0,0.7163858
30259,0,0,0.7265159
30260,1,0,0.71235204
30261,1,0,0.7027987
30262,0,0,0.7177809
30263,1,0,0.6984562
30264,1,0,0.6823862
30265,1,0,0.6741986
30266,3,0,0.6678397
30267,0,0,0.67366254
30268,0,0,0.67289776
30269,1,0,0.6790041
30270,0,0,0.6555358
30271,1,0,0.6557824
30272,0,0,0.6470581
30273,1,0,0.6463526
30274,3,0,0.64087266
30275,2,0,0.6386207
30276,1,0,0.6282241
30277,0,0,0.6294057
30278,3,0,0.62815136
30279,0,0,0.61457115
30280,0,0,0.6170841
30281,0,0,0.62084645
30282,0,0,0.60910755
30283,0,0,0.6097721
30284,3,0,0.6196748
30285,0,0,0.612187
30286,0,0,0.6038205
30287,1,0,0.5868005
30288,2,0,0.58391136
30289,0,0,0.56476635
30290,0,0,0.56943625
30291,1,0,0.57720256
30292,0,0,0.58717674
30293,0,0,0.5940931
30294,0,0,0.60237354
30295,1,0,0.6262298
30296,0,0,0.61396027
30297,2,0,0.6125818
30298,1,0,0.61577994
30299,2,0,0.6205022
30300,0,0,0.6245832
30301,3,0,0.60911906
30302,0,0,0.6355876
30303,0,0,0.61815
30304,1,0,0.637932
30305,1,0,0.61724794
30306,0,0,0.61174697
30307,1,0,0.62101656
30308,1,0,0.65138954
30309,1,0,0.649426
30310,1,0,0.66550505
30311,0,0,0.656786
30312,0,0,0.6616347
30313,1,0,0.65650743
30314,1,0,0.6506768
30315,1,0,0.6434818
30316,0,0,0.6522424
30317,1,0,0.6505418
30318,1,0,0.6669173
30319,1,0,0.6644195
30320,0,0,0.6541424
30321,1,0,0.64424706
30322,0,0,0.6235379
30323,2,0,0.6217384
30324,0,0,0.6242193
30325,0,0,0.621899
30326,2,0,0.6087179
30327,2,0,0.6060853
30328,2,0,0.6107128
30329,2,0,0.6097204
30330,2,0,0.61035836
30331,3,0,0.5929329
30332,1,0,0.57454985
30333,2,0,0.58069235
30334,0,0,0.58466274
30335,0,0,0.56584233
30336,3,0,0.5578852
30337,1,0,0.54017764
30338,1,0,0.52958095
30339,0,0,0.53166795
30340,0,0,0.51024216
30341,3,0,0.5242384
30342,0,0,0.5392124
30343,1,0,0.5691721
30344,0,0,0.5821312
30345,2,0,0.6013247
30346,0,0,0.6065383
30347,0,0,0.62461793
30348,1,0,0.627725
30349,2,0,0.62707865
30350,2,0,0.6379512
30351,3,0,0.6592296
30352,0,0,0.66807735
30353,2,0,0.6560982
30354,0,0,0.6489035
30355,1,0,0.6544535
30356,1,0,0.66290164
30357,1,0,0.67316246
30358,1,0,0.68555474
30359,0,0,0.68399215
30360,2,0,0.67922544
30361,0,0,0.71173793
30362,0,0,0.7491623
30363,3,0,0.7640248
30364,1,0,0.7703572
30365,0,0,0.7881986
30366,3,0,0.82295775
30367,0,0,0.82763964
30368,0,0,0.8376742
30369,1,0,0.84967524
30370,3,0,0.87416685
30371,0,0,0.8686561
30372,1,0,0.8907372
30373,1,0,0.90653986
30374,1,0,0.924752
30375,3,0,0.9628638
30376,0,0,0.969856
30377,0,0,0.9866229
30378,1,0,1.0049419
30379,2,0,1.0553094
30380,3,0,1.0687181
30381,2,0,1.0681367
30382,1,0,1.1038698
30383,0,0,1.1209414
30384,1,0,1.1789755
30385,2,0,1.1911215
30386,0,0,1.22678
30387,3,0,1.2915895
30388,0,0,1.3020248
30389,3,0,1.3211547
30390,1,0,1.3816549
30391,1,0,1.4518915
30392,0,0,1.5240089
30393,0,0,1.5267229
30394,2,1,0.65482664
30395,1,1,0.6596492
30396,2,1,0.6579529
30397,3,1,0.64058536
30398,1,1,0.6138362
30399,0,1,0.5814962
30400,2,1,0.55529046
30401,2,1,0.5869649
30402,0,1,0.6103857
30403,2,1,0.63586795
30404,2,1,0.6384901
30405,0,1,0.62843007
30406,1,1,0.6240438
30407,2,1,0.60878444
30408,3,1,0.58588743
30409,2,1,0.56909525
30410,0,1,0.59799474
30411,3,1,0.58351976
30412,0,1,0.5765669
30413,2,1,0.5924329
30414,0,1,0.57737297
30415,0,1,0.59553725
30416,0,1,0.6089983
30417,1,1,0.6124463
30418,0,1,0.6141881
30419,0,1,0.61753124
30420,0,0,0.6140013
30421,2,0,0.58645415
30422,1,0,0.60101676
30423,3,0,0.5969291
30424,1,0,0.60207343
30425,3,0,0.5901287
30426,0,0,0.6118184
30427,1,0,0.6062168
30428,0,0,0.60873556
30429,1,0,0.61479306
30430,0,0,0.61630887
30431,0,0,0.5908748
30432,0,0,0.5663276
30433,2,0,0.5516115
30434,3,0,0.57453966
30435,2,0,0.5814002
30436,0,0,0.58700943
30437,3,0,0.6086929
30438,3,0,0.59778357
30439,0,0,0.59429836
30440,0,0,0.5743227
30441,3,0,0.57088834
30442,2,0,0.5843869
30443,0,0,0.5703822
30444,0,0,0.5787531
30445,3,0,0.58503807
30446,3,0,0.58134466
30447,0,0,0.59608257
30448,0,0,0.5992125
30449,1,0,0.60076034
30450,0,0,0.60188967
30451,0,0,0.6225596
30452,3,0,0.5938254
30453,0,0,0.59764206
30454,3,0,0.61284304
30455,3,0,0.6094365
30456,0,0,0.58287305
30457,0,0,0.60403365
30458,1,0,0.6259781
30459,0,0,0.6233349
30460,1,0,0.6332563
30461,1,0,0.65783817
30462,0,0,0.66307855
30463,0,0,0.6724895
30464,0,0,0.6536357
30465,1,0,0.6382977
30466,2,0,0.6166722
30467,2,0,0.6006374
30468,1,0,0.6151085
30469,2,0,0.6054999
30470,0,0,0.6831636
30471,1,0,0.69983995
30472,0,0,0.69957876
30473,2,0,0.7013821
30474,1,0,0.70109504
30475,1,0,0.68098706
30476,3,0,0.6898898
30477,1,0,0.69048357
30478,0,0,0.6885697
30479,2,0,0.6895579
30480,3,0,0.698975
30481,0,0,0.6959213
30482,1,0,0.69701564
30483,3,0,0.7011715
30484,0,0,0.6992579
30485,3,0,0.70725703
30486,0,0,0.72518134
30487,0,0,0.7128287
30488,1,0,0.70839214
30489,0,0,0.71467733
30490,0,0,0.71279985
30491,1,0,0.7139752
30492,0,0,0.73389035
30493,0,0,0.74082315
30494,1,0,0.7525975
30495,1,0,0.7499352
30496,3,0,0.7675989
30497,2,0,0.7614504
30498,1,0,0.7445525
30499,2,0,0.7719316
30500,1,0,0.7093748
30501,0,0,0.72394866
30502,1,0,0.7104906
30503,0,0,0.713993
30504,1,0,0.708191
30505,1,0,0.7290467
30506,0,0,0.73178494
30507,0,0,0.7296529
30508,1,0,0.7428492
30509,2,0,0.7455321
30510,1,0,0.74132794
30511,3,0,0.7347802
30512,3,0,0.7441834
30513,1,0,0.7531598
30514,0,0,0.763774
30515,1,0,0.78076476
30516,0,0,0.7977952
30517,0,0,0.8118391
30518,0,0,0.80759895
30519,0,0,0.8332097
30520,0,0,0.8369176
30521,1,0,0.8338346
30522,1,0,0.8255474
30523,0,0,0.8238448
30524,2,0,0.82832015
30525,0,0,0.86725616
30526,2,0,0.86828524
30527,0,0,0.8894481
30528,0,0,0.91433454
30529,1,0,0.91990453
30530,3,0,0.94001716
30531,1,0,0.93824446
30532,0,0,0.9698093
30533,0,0,1.003591
30534,2,0,1.021006
30535,0,0,1.049225
30536,1,0,1.03914
30537,1,0,1.0479679
30538,0,0,1.0648576
30539,0,0,1.1473138
30540,1,0,1.1826113
30541,1,0,1.1990788
30542,0,0,1.242391
30543,1,0,1.2569562
30544,0,0,1.2628961
30545,1,0,1.2960964
30546,0,0,1.3050133
30547,2,0,1.4167918
30548,1,0,1.4472853
30549,2,0,1.4675682
30550,2,1,0.656922
30551,3,1,0.6606177
30552,1,1,0.6441562
30553,1,1,0.6499627
30554,0,1,0.7219282
30555,3,1,0.74523646
30556,0,1,0.72565806
30557,0,1,0.72966045
30558,1,1,0.71154577
30559,1,1,0.6843144
30560,2,1,0.6973698
30561,1,1,0.6707923
30562,1,1,0.6813004
30563,3,1,0.66500425
30564,1,1,0.6658774
30565,2,1,0.6788144
30566,0,1,0.6995331
30567,1,1,0.707754
30568,0,1,0.71123326
30569,1,1,0.68973786
30570,0,1,0.7060062
30571,1,1,0.7069679
30572,3,1,0.7115136
30573,2,1,0.6934825
30574,0,0,0.692766
30575,3,0,0.6931491
30576,0,0,0.6895739
30577,0,0,0.69433475
30578,0,0,0.6765161
30579,1,0,0.68152523
30580,1,0,0.6790438
30581,0,0,0.6910125
30582,1,0,0.7016409
30583,2,0,0.70670104
30584,1,0,0.64157397
30585,3,0,0.6438422
30586,0,0,0.65074646
30587,0,0,0.6402804
30588,1,0,0.6475051
30589,1,0,0.6560942
30590,2,0,0.65356445
30591,0,0,0.65047807
30592,2,0,0.6280023
30593,0,0,0.641833
30594,1,0,0.65865266
30595,1,0,0.6469834
30596,0,0,0.65074366
30597,1,0,0.641704
30598,0,0,0.6188144
30599,1,0,0.6356238
30600,1,0,0.63661295
30601,0,0,0.6372118
30602,2,0,0.6500619
30603,0,0,0.6496261
30604,1,0,0.6402986
30605,2,0,0.6209041
30606,2,0,0.6395803
30607,1,0,0.6241546
30608,1,0,0.6410038
30609,0,0,0.65548104
30610,1,0,0.6406377
30611,0,0,0.6182019
30612,3,0,0.6001114
30613,1,0,0.6000778
30614,1,0,0.6033143
30615,3,0,0.59881914
30616,1,0,0.610457
30617,0,0,0.60525376
30618,3,0,0.60770416
30619,3,0,0.62800956
30620,2,0,0.61093694
30621,2,0,0.62183076
30622,1,0,0.62899953
30623,1,0,0.6144601
30624,0,0,0.6024744
30625,3,0,0.60818565
30626,2,0,0.6153558
30627,1,0,0.62938714
30628,2,0,0.62813324
30629,1,0,0.6228682
30630,0,0,0.6179115
30631,2,0,0.64629245
30632,0,0,0.62602484
30633,0,0,0.6237515
30634,2,0,0.6176894
30635,2,0,0.64612937
30636,2,0,0.65218717
30637,0,0,0.668327
30638,2,0,0.67114174
30639,1,0,0.6714468
30640,0,0,0.6860449
30641,1,0,0.7043908
30642,2,0,0.7146828
30643,1,0,0.7052304
30644,1,0,0.7062855
30645,0,0,0.6951386
30646,0,0,0.66911274
30647,0,0,0.692203
30648,2,0,0.7094146
30649,1,0,0.7026448
30650,1,0,0.7135497
30651,0,0,0.7108466
30652,0,0,0.7041036
30653,1,0,0.7038877
30654,1,0,0.7096528
30655,1,0,0.7113157
30656,1,0,0.70948184
30657,0,0,0.708224
30658,3,0,0.72473216
30659,0,0,0.7307772
30660,2,0,0.7197756
30661,1,0,0.68957746
30662,1,0,0.69869196
30663,3,0,0.71218264
30664,0,0,0.7266038
30665,2,0,0.72213477
30666,2,0,0.71322155
30667,0,0,0.7023467
30668,0,0,0.6932538
30669,1,0,0.6984869
30670,1,0,0.7075279
30671,1,0,0.71547264
30672,3,0,0.73348415
30673,0,0,0.75838387
30674,0,0,0.7598152
30675,2,0,0.7644232
30676,3,0,0.7764247
30677,3,0,0.776454
30678,2,0,0.7920714
30679,0,0,0.7976818
30680,0,0,0.81418175
30681,0,0,0.8508047
30682,0,0,0.86889184
30683,3,0,0.9126703
30684,1,0,0.9307124
30685,2,0,0.9343736
30686,0,0,0.9338226
30687,0,0,0.93337655
30688,0,0,0.94202244
30689,0,0,0.9617706
30690,0,0,0.9768551
30691,0,0,1.0309303
30692,0,0,1.0533748
30693,0,0,1.092778
30694,1,0,1.1058565
30695,0,0,1.1184548
30696,0,0,1.133466
30697,3,0,1.1452601
30698,1,0,1.1831937
30699,0,0,1.1973517
30700,3,1,0.6577553
30701,1,1,0.62596315
30702,0,1,0.59917194
30703,0,1,0.6093003
30704,2,1,0.64412636
30705,2,1,0.6413684
30706,1,1,0.6751393
30707,3,1,0.67438865
30708,2,1,0.6676936
30709,1,1,0.6649861
30710,1,1,0.670844
30711,2,1,0.7022086
30712,1,1,0.7238456
30713,0,1,0.7069227
30714,1,1,0.70105875
30715,0,1,0.7213075
30716,1,1,0.78129435
30717,0,1,0.78963023
30718,1,1,0.7959489
30719,0,1,0.8038947
30720,0,1,0.81188333
30721,0,1,0.8174434
30722,0,1,0.83256507
30723,0,1,0.8420977
30724,1,1,0.8461965
30725,0,1,0.8243755
30726,0,1,0.82498497
30727,0,1,0.8206541
30728,0,1,0.8198718
30729,0,1,0.8272913
30730,0,1,0.8144674
30731,0,1,1.0151192
30732,0,1,1.0117291
30733,3,1,1.0040534
30734,2,1,1.0042324
30735,0,1,1.0051495
30736,0,1,0.9919423
30737,1,1,1.0070531
30738,0,1,1.00361
30739,0,1,1.0127143
30740,0,1,1.0129507
30741,1,1,1.0126461
30742,1,1,1.0007855
30743,1,1,0.9952754
30744,3,1,0.9965579
30745,2,1,0.99170125
30746,2,1,0.9237393
30747,1,1,0.918242
30748,3,0,0.90912426
30749,2,0,0.89024484
30750,0,0,0.8956325
30751,0,0,0.91507745
30752,2,0,0.8923408
30753,1,0,0.89303684
30754,1,0,0.9142491
30755,1,0,0.9275175
30756,2,0,0.9256875
30757,3,0,0.91795266
30758,0,0,0.90856284
30759,1,0,0.8946764
30760,2,0,0.96920997
30761,1,0,0.77989876
30762,1,0,0.7778847
30763,2,0,0.7885123
30764,3,0,0.77551854
30765,0,0,0.79335827
30766,0,0,0.7965813
30767,1,0,0.7725816
30768,0,0,0.7787499
30769,1,0,0.7813064
30770,0,0,0.760642
30771,2,0,0.7867211
30772,3,0,0.78909576
30773,3,0,0.79188406
30774,0,0,0.80134284
30775,0,0,0.821284
30776,1,0,0.82740206
30777,0,0,0.83583695
30778,0,0,0.8221323
30779,0,0,0.84005827
30780,1,0,0.81414187
30781,0,0,0.7797333
30782,2,0,0.7755684
30783,0,0,0.77821285
30784,0,0,0.74716663
30785,0,0,0.7671896
30786,2,0,0.769828
30787,0,0,0.7875651
30788,1,0,0.7819283
30789,0,0,0.7750649
30790,1,0,0.69491047
30791,0,0,0.7084601
30792,0,0,0.70759124
30793,2,0,0.699621
30794,0,0,0.69875085
30795,0,0,0.6824777
30796,3,0,0.6796722
30797,1,0,0.6864445
30798,0,0,0.667621
30799,1,0,0.64878947
30800,3,0,0.6419174
30801,0,0,0.6178568
30802,0,0,0.64225143
30803,0,0,0.63911915
30804,0,0,0.62888175
30805,1,0,0.6257587
30806,1,0,0.63279885
30807,1,0,0.63036174
30808,0,0,0.6255238
30809,0,0,0.62747765
30810,1,0,0.6382615
30811,1,0,0.63404834
30812,0,0,0.63288206
30813,3,0,0.620485
30814,2,0,0.62732613
30815,0,0,0.61546564
30816,1,0,0.617973
30817,0,0,0.6031503
30818,0,0,0.60876346
30819,1,0,0.613741
30820,1,0,0.6095543
30821,1,0,0.5811958
30822,0,0,0.5953507
30823,1,0,0.63171214
30824,1,0,0.6425268
30825,0,0,0.65402544
30826,0,0,0.6519526
30827,1,0,0.6405527
30828,3,0,0.6681077
30829,1,0,0.6809664
30830,3,0,0.67997396
30831,1,0,0.673098
30832,3,0,0.65109044
30833,1,0,0.66584826
30834,1,0,0.6828509
30835,2,0,0.6697823
30836,1,0,0.6682329
30837,0,0,0.6561331
30838,1,0,0.6666261
30839,2,0,0.6667503
30840,3,0,0.65906405
30841,2,0,0.67503846
30842,0,0,0.68320465
30843,1,0,0.66593534
30844,3,0,0.68731314
30845,2,0,0.6677549
30846,2,0,0.682519
30847,1,0,0.6774896
30848,0,0,0.6763035
30849,0,0,0.6652959
30850,2,0,0.6688998
30851,0,0,0.67291015
30852,1,0,0.68082094
30853,1,0,0.64373547
30854,0,0,0.6295498
30855,1,0,0.6432811
30856,0,0,0.6493713
30857,3,0,0.65455014
30858,0,0,0.6471906
30859,3,0,0.6492028
30860,1,0,0.66668046
30861,0,0,0.6785748
30862,3,0,0.6921048
30863,0,0,0.6906566
30864,1,0,0.6775171
30865,2,0,0.67723405
30866,0,0,0.67814445
30867,3,0,0.6916463
30868,2,0,0.7021261
30869,1,0,0.7053913
30870,0,0,0.7099672
30871,3,0,0.7556612
30872,2,0,0.7624472
30873,1,0,0.78987896
30874,1,0,0.77188563
30875,0,0,0.79204285
30876,2,0,0.7799883
30877,1,0,0.8055477
30878,0,0,0.81810564
30879,2,0,0.82990605
30880,1,0,0.84042746
30881,1,0,0.86645925
30882,0,0,0.86118686
30883,1,0,0.8879351
30884,0,0,0.9020413
30885,0,0,0.9088733
30886,2,0,0.9194023
30887,0,0,0.94106114
30888,2,0,0.94680077
30889,1,0,0.9617389
30890,3,0,0.9645105
30891,0,0,0.9825252
30892,0,0,0.99994653
30893,0,0,1.0055852
30894,1,0,1.0403997
30895,1,0,1.0668653
30896,2,0,1.1199312
30897,2,0,1.1259272
30898,0,0,1.1393516
30899,3,0,1.1737704
30900,0,0,1.2181467
30901,1,0,1.1899011
30902,1,0,1.2516655
30903,3,0,1.2817422
30904,0,0,1.3335967
30905,0,0,1.3560958
30906,2,0,1.3850292
30907,0,0,1.4425611
30908,0,0,1.5008795
30909,1,0,1.5626158
30910,3,0,1.6341897
30911,1,0,1.6657064
30912,2,0,1.6777523
30913,3,0,1.7448108
30914,2,0,1.7684772
30915,0,0,1.8521183
30916,3,0,1.9280103
30917,3,0,1.9490912
30918,3,0,2.0422745
30919,0,0,2.1095438
30920,1,0,2.2185998
30921,3,0,2.3043447
30922,2,0,2.3214126
30923,0,0,2.4104764
30924,2,0,2.506732
30925,0,0,2.5963452
30926,1,0,2.6414514
30927,0,0,2.760055
30928,1,0,2.8114507
30929,2,1,0.6328176
30930,2,1,0.63383234
30931,0,1,0.6326227
30932,3,1,0.6434001
30933,0,1,0.60996205
30934,0,1,0.618998
30935,1,1,0.61614615
30936,1,1,0.6474266
30937,1,1,0.680958
30938,0,1,0.6930262
30939,0,1,0.69806695
30940,3,1,0.6977656
30941,0,1,0.708688
30942,0,1,0.71120405
30943,3,1,0.7085683
30944,1,1,0.69550025
30945,2,1,0.70669466
30946,0,1,0.7288423
30947,0,1,0.73780537
30948,0,1,0.7450515
30949,0,1,0.74431765
30950,0,1,0.75040895
30951,1,1,0.7385612
30952,1,0,0.74321455
30953,1,0,0.7309869
30954,1,0,0.7391017
30955,1,0,0.7442
30956,0,0,0.7444983
30957,1,0,0.73057
30958,0,0,0.7097602
30959,0,0,0.71031386
30960,1,0,0.7090738
30961,1,0,0.70644385
30962,0,0,0.69659984
30963,2,0,0.717436
30964,0,0,0.72077763
30965,3,0,0.729001
30966,0,0,0.71869516
30967,0,0,0.7230887
30968,1,0,0.72338057
30969,0,0,0.7107386
30970,2,0,0.69389737
30971,0,0,0.68146896
30972,2,0,0.6724133
30973,0,0,0.65407604
30974,1,0,0.6661123
30975,2,0,0.64471877
30976,3,0,0.64588046
30977,0,0,0.651605
30978,0,0,0.65861875
30979,1,0,0.6601493
30980,1,0,0.6587955
30981,1,0,0.6562215
30982,0,0,0.6404757
30983,3,0,0.64537907
30984,2,0,0.635836
30985,0,0,0.63153064
30986,2,0,0.64326817
30987,2,0,0.6604901
30988,1,0,0.67759085
30989,2,0,0.6775954
30990,1,0,0.66664994
30991,0,0,0.6789486
30992,0,0,0.6873857
30993,2,0,0.67587835
30994,0,0,0.65679497
30995,2,0,0.6558745
30996,0,0,0.6544079
30997,0,0,0.6360389
30998,0,0,0.64518476
30999,3,0,0.6580254
31000,3,0,0.67524976
31001,0,0,0.67899555
31002,0,0,0.68456787
31003,0,0,0.6937014
31004,0,0,0.68148285
31005,1,0,0.6796026
31006,1,0,0.66737485
31007,1,0,0.65307266
31008,2,0,0.66644794
31009,1,0,0.66954875
31010,1,0,0.6742581
31011,2,0,0.6973534
31012,0,0,0.7181834
31013,0,0,0.7156307
31014,1,0,0.72589403
31015,0,0,0.7263738
31016,3,0,0.73949456
31017,0,0,0.72473043
31018,0,0,0.7051928
31019,3,0,0.7283588
31020,3,0,0.75091124
31021,1,0,0.75694454
31022,1,0,0.73549163
31023,0,0,0.70978564
31024,2,0,0.71644324
31025,1,0,0.7182912
31026,0,0,0.7290907
31027,0,0,0.7458779
31028,0,0,0.7434698
31029,0,0,0.7378615
31030,1,0,0.7323024
31031,2,0,0.74976027
31032,0,0,0.7725599
31033,1,0,0.7911273
31034,2,0,0.7977785
31035,1,0,0.8163334
31036,3,0,0.825553
31037,2,0,0.83649814
31038,1,0,0.83454263
31039,0,0,0.867985
31040,0,0,0.9009169
31041,1,0,0.9027933
31042,0,0,0.8957682
31043,1,0,0.9112936
31044,0,0,0.92406046
31045,1,0,0.95587623
31046,0,0,0.9610224
31047,1,0,0.9747065
31048,3,0,1.000185
31049,3,0,0.9895157
31050,1,0,1.0217202
31051,0,0,1.0326174
31052,3,0,1.0818925
31053,3,0,1.1165644
31054,0,0,1.1698884
31055,1,0,1.1672224
31056,3,0,1.1638527
31057,0,0,1.204022
31058,0,0,1.1980398
31059,3,0,1.2326957
31060,1,0,1.3011286
31061,0,0,1.32473
31062,0,0,1.3231006
31063,2,0,1.3673882
31064,2,0,1.3995296
31065,1,0,1.423313
31066,0,0,1.4568619
31067,1,0,1.517063
31068,3,0,1.5319874
31069,1,0,1.5625933
31070,0,0,1.5612589
31071,2,0,1.6741134
31072,1,0,1.7533422
31073,0,0,1.8174235
31074,1,1,0.71362036
31075,2,1,0.6924454
31076,1,1,0.68087715
31077,1,1,0.65602344
31078,0,1,0.67551917
31079,3,1,0.6812092
31080,3,1,0.7030051
31081,1,1,0.6797762
31082,0,1,0.67964524
31083,1,1,0.6653024
31084,3,1,0.66763604
31085,3,1,0.67114913
31086,0,1,0.653622
31087,0,1,0.6716829
31088,1,1,0.677616
31089,0,1,0.68943655
31090,0,0,0.6706426
31091,0,0,0.68827224
31092,1,0,0.6874777
31093,3,0,0.67445534
31094,0,0,0.6682044
31095,2,0,0.680661
31096,0,0,0.69755083
31097,2,0,0.68175477
31098,1,0,0.69350874
31099,1,0,0.69829375
31100,3,0,0.7108274
31101,0,0,0.7113935
31102,0,0,0.7176003
31103,0,0,0.69755346
31104,2,0,0.6960301
31105,0,0,0.7108841
31106,0,0,0.7020863
31107,2,0,0.7044255
31108,0,0,0.69171464
31109,1,0,0.6779215
31110,0,0,0.6595302
31111,3,0,0.6571422
31112,1,0,0.65134805
31113,1,0,0.6667911
31114,2,0,0.65734714
31115,1,0,0.6452577
31116,3,0,0.6527537
31117,0,0,0.6586359
31118,1,0,0.653349
31119,1,0,0.6331997
31120,0,0,0.65701604
31121,0,0,0.6281873
31122,2,0,0.61292803
31123,3,0,0.61105025
31124,0,0,0.61924726
31125,0,0,0.60138184
31126,0,0,0.60562164
31127,0,0,0.6284511
31128,3,0,0.6396105
31129,0,0,0.6473144
31130,3,0,0.64914155
31131,0,0,0.65507555
31132,0,0,0.65224123
31133,3,0,0.66395545
31134,1,0,0.65646404
31135,2,0,0.63398975
31136,3,0,0.63028747
31137,0,0,0.64211714
31138,1,0,0.6393151
31139,0,0,0.6633866
31140,0,0,0.67336684
31141,1,0,0.6676599
31142,1,0,0.6597285
31143,0,0,0.64167804
31144,0,0,0.6634809
31145,1,0,0.66408694
31146,1,0,0.67611146
31147,0,0,0.6581388
31148,0,0,0.6527551
31149,2,0,0.6697283
31150,3,0,0.65200406
31151,1,0,0.6977899
31152,0,0,0.69531435
31153,1,0,0.72342074
31154,1,0,0.71066916
31155,0,0,0.7144033
31156,1,0,0.6859823
31157,0,0,0.6648272
31158,0,0,0.6721675
31159,2,0,0.6414944
31160,1,0,0.6172313
31161,1,0,0.6098318
31162,2,0,0.59767854
31163,0,0,0.6045384
31164,0,0,0.60303134
31165,0,0,0.6382435
31166,0,0,0.655481
31167,0,0,0.6592073
31168,0,0,0.6811254
31169,2,0,0.6960836
31170,0,0,0.70423204
31171,2,0,0.7146433
31172,0,0,0.7126759
31173,3,0,0.7146332
31174,0,0,0.70222914
31175,3,0,0.72295487
31176,0,0,0.74420166
31177,1,0,0.7680217
31178,0,0,0.795476
31179,0,0,0.79743713
31180,2,0,0.8175332
31181,1,0,0.8044683
31182,1,0,0.8287253
31183,0,0,0.8344438
31184,2,0,0.8579926
31185,0,0,0.8925454
31186,0,0,0.92033994
31187,0,0,0.9894126
31188,2,0,1.0047563
31189,3,0,1.0636878
31190,0,0,1.1098508
31191,3,0,1.1592255
31192,1,0,1.2512835
31193,0,0,1.2873341
31194,3,0,1.3303167
31195,1,0,1.3425704
31196,1,1,0.7369761
31197,0,1,0.75057954
31198,3,1,0.75210166
31199,1,1,0.7437572
31200,2,1,0.76083547
31201,1,1,0.77577436
31202,0,1,0.7766562
31203,0,1,0.7800774
31204,0,1,0.79831904
31205,1,1,0.7915254
31206,1,1,0.7891309
31207,1,1,0.7941349
31208,3,1,0.79369897
31209,0,1,0.7782472
31210,1,1,0.792212
31211,1,1,0.8022555
31212,1,1,0.80566835
31213,2,1,0.8004866
31214,1,1,0.8124996
31215,1,1,0.7893704
31216,0,1,0.80329347
31217,3,1,0.8107993
31218,1,1,0.7866317
31219,1,1,0.76892203
31220,0,1,0.7605531
31221,0,1,0.7631872
31222,1,1,0.75617313
31223,2,1,0.7417624
31224,0,0,0.7330417
31225,1,0,0.7386688
31226,1,0,0.7365348
31227,3,0,0.7352118
31228,2,0,0.72271174
31229,2,0,0.72711194
31230,1,0,0.72534895
31231,0,0,0.72980267
31232,3,0,0.73961276
31233,3,0,0.75087917
31234,1,0,0.7311933
31235,1,0,0.7102547
31236,2,0,0.68678856
31237,2,0,0.68523276
31238,3,0,0.69627136
31239,3,0,0.7007719
31240,1,0,0.689383
31241,1,0,0.66588724
31242,2,0,0.65428233
31243,0,0,0.66275007
31244,1,0,0.6665306
31245,1,0,0.6698158
31246,1,0,0.6753144
31247,0,0,0.6599505
31248,0,0,0.66283315
31249,0,0,0.6527945
31250,0,0,0.6369875
31251,3,0,0.62606156
31252,0,0,0.6317425
31253,2,0,0.66058177
31254,1,0,0.66322255
31255,2,0,0.6777799
31256,2,0,0.6577002
31257,0,0,0.6708564
31258,1,0,0.69383836
31259,2,0,0.6876615
31260,1,0,0.68296283
31261,1,0,0.68644613
31262,3,0,0.69965726
31263,0,0,0.69177544
31264,0,0,0.7099674
31265,0,0,0.70861906
31266,1,0,0.7089147
31267,0,0,0.71191883
31268,1,0,0.70035464
31269,0,0,0.6860725
31270,2,0,0.6900116
31271,1,0,0.7102305
31272,1,0,0.7096945
31273,3,0,0.7315299
31274,1,0,0.7188559
31275,1,0,0.7236549
31276,0,0,0.7256927
31277,3,0,0.72694695
31278,1,0,0.7459519
31279,3,0,0.7389392
31280,0,0,0.73475933
31281,2,0,0.73026925
31282,1,0,0.7275018
31283,2,0,0.7087117
31284,1,0,0.70284843
31285,1,0,0.69477487
31286,0,0,0.6922107
31287,0,0,0.69399375
31288,0,0,0.69169927
31289,0,0,0.7015921
31290,1,0,0.69045234
31291,1,0,0.67688
31292,0,0,0.6655476
31293,3,0,0.67098737
31294,2,0,0.66284764
31295,2,0,0.6769804
31296,2,0,0.6911902
31297,0,0,0.6881746
31298,0,0,0.6845775
31299,1,0,0.7008784
31300,2,0,0.70083475
31301,0,0,0.7051047
31302,1,0,0.7168861
31303,0,0,0.68966734
31304,0,0,0.6960488
31305,0,0,0.70157105
31306,1,0,0.6909645
31307,1,0,0.6843349
31308,0,0,0.676721
31309,1,0,0.71055615
31310,0,0,0.7198863
31311,3,0,0.72857136
31312,1,0,0.7222042
31313,0,0,0.7415681
31314,1,0,0.7426803
31315,0,0,0.73783696
31316,1,0,0.76457554
31317,3,0,0.76389724
31318,0,0,0.7618722
31319,2,0,0.77070963
31320,0,0,0.77897763
31321,0,0,0.80973727
31322,1,0,0.8084348
31323,0,0,0.8061465
31324,3,0,0.82529706
31325,2,0,0.8195078
31326,2,0,0.8072953
31327,1,0,0.83260816
31328,0,0,0.84098494
31329,0,0,0.8500975
31330,3,0,0.86076814
31331,1,0,0.87504643
31332,0,0,0.875136
31333,1,0,0.9240636
31334,0,0,0.93392414
31335,0,0,0.9461664
31336,0,0,0.96121246
31337,0,0,1.0024385
31338,3,0,1.0509801
31339,0,0,1.0805197
31340,0,0,1.1073484
31341,3,0,1.1814779
31342,1,0,1.2045377
31343,0,0,1.2480514
31344,3,0,1.277626
31345,3,0,1.2972071
31346,1,0,1.3499001
31347,2,0,1.3613603
31348,0,0,1.4547932
31349,1,0,1.4668192
31350,1,0,1.5047048
31351,0,0,1.556583
31352,3,0,1.6510596
31353,3,0,1.6802262
31354,0,0,1.7523302
31355,3,0,1.8122921
31356,1,0,1.9134701
31357,2,0,2.0155115
31358,0,0,2.1064565
31359,1,0,2.2270813
31360,2,1,0.7532764
31361,0,1,0.7572658
31362,0,1,0.762795
31363,2,1,0.7598452
31364,2,1,0.7623452
31365,1,1,0.75558674
31366,3,1,0.74152195
31367,1,1,0.72537845
31368,1,1,0.7082303
31369,2,1,0.6948744
31370,3,1,0.7117784
31371,2,1,0.68690735
31372,2,1,0.6755063
31373,2,1,0.69982755
31374,0,1,0.7110243
31375,1,1,0.7255562
31376,0,1,0.7331347
31377,1,1,0.7384049
31378,1,1,0.72324973
31379,0,1,0.73601294
31380,0,1,0.74779385
31381,1,1,0.7504332
31382,0,1,0.7475999
31383,0,1,0.7310248
31384,1,1,0.72099787
31385,2,1,0.72629976
31386,0,1,0.73075366
31387,0,1,0.73577774
31388,0,1,0.7929892
31389,1,1,0.79318583
31390,0,1,0.78937376
31391,1,0,0.78358614
31392,0,0,0.79048723
31393,1,0,0.7920341
31394,3,0,0.78033537
31395,1,0,0.778376
31396,0,0,0.7852344
31397,2,0,0.77543265
31398,0,0,0.79296845
31399,2,0,0.80969626
31400,1,0,0.81247896
31401,2,0,0.8302236
31402,0,0,0.8493323
31403,1,0,0.83506554
31404,0,0,0.8138419
31405,1,0,0.80393815
31406,1,0,0.7944922
31407,1,0,0.7991232
31408,0,0,0.79992026
31409,0,0,0.80013233
31410,0,0,0.7846911
31411,0,0,0.77577835
31412,0,0,0.777175
31413,1,0,0.7940584
31414,1,0,0.8062349
31415,2,0,0.80905914
31416,0,0,0.81039333
31417,3,0,0.8196193
31418,3,0,0.76731044
31419,0,0,0.7679786
31420,1,0,0.74466425
31421,3,0,0.72019607
31422,2,0,0.7155757
31423,1,0,0.70043844
31424,3,0,0.69096476
31425,3,0,0.6996812
31426,2,0,0.7079337
31427,1,0,0.72155607
31428,3,0,0.699669
31429,0,0,0.70514476
31430,1,0,0.70112795
31431,1,0,0.67897767
31432,1,0,0.6577067
31433,1,0,0.6682153
31434,0,0,0.6717401
31435,0,0,0.6832375
31436,3,0,0.67962134
31437,3,0,0.66690934
31438,3,0,0.66378707
31439,1,0,0.66009784
31440,1,0,0.6919688
31441,1,0,0.7142763
31442,0,0,0.7303171
31443,0,0,0.7192939
31444,2,0,0.7338797
31445,2,0,0.7395921
31446,0,0,0.74568886
31447,0,0,0.7638083
31448,0,0,0.7570704
31449,1,0,0.7407191
31450,1,0,0.7504588
31451,1,0,0.76843435
31452,0,0,0.77560073
31453,1,0,0.7894823
31454,0,0,0.7992444
31455,0,0,0.8015967
31456,0,0,0.80158013
31457,2,0,0.80198
31458,0,0,0.805399
31459,0,0,0.7796433
31460,0,0,0.77863055
31461,0,0,0.7968436
31462,3,0,0.8016783
31463,2,0,0.7776258
31464,1,0,0.7750988
31465,1,0,0.77705187
31466,3,0,0.7809134
31467,1,0,0.7795465
31468,0,0,0.78592783
31469,1,0,0.77843267
31470,1,0,0.76496583
31471,1,0,0.74094474
31472,0,0,0.731304
31473,3,0,0.76087964
31474,3,0,0.74497014
31475,0,0,0.7325111
31476,0,0,0.7168097
31477,2,0,0.6840881
31478,0,0,0.6808384
31479,1,0,0.68488306
31480,0,0,0.6713227
31481,3,0,0.6662589
31482,0,0,0.6595762
31483,3,0,0.6445857
31484,0,0,0.6587266
31485,3,0,0.65971565
31486,2,0,0.6612148
31487,0,0,0.71090007
31488,0,0,0.73853755
31489,0,0,0.7532874
31490,2,0,0.7602466
31491,2,0,0.7598327
31492,0,0,0.7696623
31493,3,0,0.79489595
31494,3,0,0.80989885
31495,2,0,0.8196289
31496,3,0,0.81460756
31497,3,0,0.8213631
31498,1,0,0.8585289
31499,1,0,0.87358934
31500,0,0,0.8933796
31501,0,0,0.917627
31502,0,0,0.9630088
31503,3,0,0.969672
31504,1,0,0.99213153
31505,1,0,1.0114411
31506,0,0,1.0856857
31507,1,0,1.1426073
31508,3,0,1.1991198
31509,3,0,1.2490308
31510,3,0,1.3155351
31511,0,0,1.3714879
31512,0,0,1.3941048
31513,0,0,1.516903
31514,1,0,1.5673609
31515,1,0,1.6444727
31516,0,0,1.7494107
31517,0,0,1.7781506
31518,1,0,1.829991
31519,1,0,1.9004534
31520,0,0,1.9271206
31521,0,0,1.954826
31522,3,0,2.0617383
31523,0,0,2.078579
31524,3,0,2.210574
31525,2,0,2.3424633
31526,1,0,2.4469693
31527,0,0,2.631223
31528,0,0,2.7882571
31529,3,0,2.9898932
31530,3,0,3.1469529
31531,0,0,3.1921582
31532,0,0,3.204372
31533,0,1,0.62904596
31534,0,1,0.63465893
31535,2,1,0.61887664
31536,1,1,0.63784486
31537,0,1,0.6358794
31538,0,1,0.5522531
31539,0,1,0.54182476
31540,2,1,0.5403124
31541,1,1,0.5297136
31542,0,1,0.5307047
31543,2,1,0.5357447
31544,0,1,0.52970284
31545,0,1,0.5146431
31546,0,1,0.543256
31547,3,1,0.53633153
31548,1,1,0.5261156
31549,2,1,0.5273861
31550,0,1,0.5532908
31551,3,1,0.5638379
31552,0,1,0.5468511
31553,1,0,0.5458903
31554,1,0,0.52155304
31555,1,0,0.5149526
31556,3,0,0.54115695
31557,2,0,0.5280684
31558,0,0,0.5604826
31559,0,0,0.5583099
31560,1,0,0.5883121
31561,1,0,0.6127082
31562,0,0,0.6336129
31563,0,0,0.6408893
31564,1,0,0.6282646
31565,1,0,0.6478088
31566,0,0,0.64593285
31567,0,0,0.64469576
31568,2,0,0.64395684
31569,0,0,0.6438125
31570,0,0,0.6278574
31571,1,0,0.6127324
31572,1,0,0.6119727
31573,3,0,0.6283557
31574,1,0,0.6317845
31575,0,0,0.63531435
31576,0,0,0.6345611
31577,0,0,0.61657983
31578,0,0,0.624163
31579,0,0,0.63796085
31580,1,0,0.6222079
31581,2,0,0.60290253
31582,0,0,0.60593015
31583,1,0,0.60526866
31584,0,0,0.60448045
31585,0,0,0.6227091
31586,3,0,0.5991162
31587,0,0,0.5876776
31588,0,0,0.59069407
31589,0,0,0.6114274
31590,1,0,0.6003414
31591,2,0,0.5989006
31592,0,0,0.58325416
31593,1,0,0.59844685
31594,2,0,0.60542655
31595,3,0,0.6005438
31596,0,0,0.5997122
31597,1,0,0.59715647
31598,2,0,0.6184922
31599,1,0,0.60357577
31600,3,0,0.60968775
31601,0,0,0.6115785
31602,0,0,0.6399778
31603,0,0,0.6423583
31604,0,0,0.6562721
31605,1,0,0.64777833
31606,0,0,0.650528
31607,0,0,0.6543526
31608,2,0,0.65485096
31609,1,0,0.6427282
31610,1,0,0.6484194
31611,2,0,0.650704
31612,1,0,0.66430074
31613,3,0,0.65840757
31614,0,0,0.65998936
31615,0,0,0.6410775
31616,0,0,0.65870905
31617,0,0,0.6790793
31618,0,0,0.67474335
31619,2,0,0.6609511
31620,1,0,0.6771312
31621,0,0,0.6695498
31622,0,0,0.68389213
31623,3,0,0.66825026
31624,0,0,0.67149264
31625,2,0,0.65634334
31626,0,0,0.65582794
31627,0,0,0.6827906
31628,3,0,0.6863221
31629,2,0,0.70179296
31630,1,0,0.7026225
31631,1,0,0.7068973
31632,1,0,0.70334166
31633,3,0,0.6961691
31634,0,0,0.68444073
31635,2,0,0.6944886
31636,1,0,0.69721377
31637,2,0,0.702694
31638,0,0,0.7317845
31639,3,0,0.7582019
31640,1,0,0.7671605
31641,1,0,0.7880215
31642,1,0,0.7916714
31643,1,0,0.79918295
31644,0,0,0.82922643
31645,0,0,0.8607629
31646,1,0,0.88540787
31647,1,0,0.9016986
31648,3,0,0.8941158
31649,0,0,0.93082273
31650,3,0,0.93376184
31651,0,0,0.9490213
31652,0,0,0.9949681
31653,0,0,1.0122925
31654,0,0,1.0265718
31655,1,0,1.065923
31656,0,0,1.106653
31657,0,0,1.1592078
31658,0,0,1.1708521
31659,0,0,1.2353188
31660,3,0,1.2737912
31661,3,0,1.308903
31662,2,0,1.3315867
31663,3,0,1.3571056
31664,1,0,1.385527
31665,1,0,1.4191287
31666,3,0,1.4441822
31667,1,0,1.522322
31668,1,1,0.7063538
31669,0,1,0.70159715
31670,1,1,0.6959094
31671,3,1,0.678738
31672,0,1,0.6801461
31673,0,1,0.6829523
31674,0,1,0.66068715
31675,3,1,0.6402114
31676,1,1,0.6458699
31677,1,1,0.6381101
31678,0,1,0.6304886
31679,0,1,0.6063906
31680,3,1,0.5913606
31681,1,1,0.5979097
31682,3,1,0.6266295
31683,3,1,0.61569226
31684,2,1,0.62815005
31685,3,1,0.62807465
31686,2,1,0.6383795
31687,1,1,0.66393566
31688,2,1,0.64177084
31689,0,1,0.6612021
31690,3,1,0.64221084
31691,0,1,0.6550102
31692,1,1,0.6473094
31693,3,0,0.63732564
31694,0,0,0.61350435
31695,1,0,0.6166029
31696,1,0,0.6360591
31697,2,0,0.64192444
31698,0,0,0.66606206
31699,0,0,0.6537417
31700,1,0,0.6722017
31701,1,0,0.66460836
31702,0,0,0.6771165
31703,1,0,0.6672399
31704,3,0,0.6691312
31705,2,0,0.68344027
31706,0,0,0.6943408
31707,0,0,0.6826811
31708,2,0,0.68358654
31709,0,0,0.6896442
31710,0,0,0.68483883
31711,0,0,0.68606603
31712,0,0,0.6947817
31713,3,0,0.6920314
31714,1,0,0.67634076
31715,2,0,0.67932415
31716,1,0,0.68325996
31717,0,0,0.65889055
31718,3,0,0.67483944
31719,1,0,0.66694033
31720,2,0,0.6709371
31721,3,0,0.69238913
31722,1,0,0.7109627
31723,3,0,0.7028338
31724,0,0,0.71492857
31725,1,0,0.7221904
31726,0,0,0.7105034
31727,0,0,0.6816966
31728,0,0,0.6598021
31729,1,0,0.68444663
31730,0,0,0.699441
31731,2,0,0.71633184
31732,1,0,0.7118049
31733,1,0,0.7287971
31734,2,0,0.7338576
31735,0,0,0.7249661
31736,1,0,0.72964334
31737,3,0,0.7383517
31738,1,0,0.72401285
31739,1,0,0.71432674
31740,2,0,0.71687824
31741,0,0,0.7198379
31742,1,0,0.7168684
31743,1,0,0.7201624
31744,0,0,0.73227155
31745,2,0,0.72317046
31746,3,0,0.7119676
31747,1,0,0.7285072
31748,3,0,0.7261262
31749,0,0,0.7119559
31750,1,0,0.7377618
31751,0,0,0.7292274
31752,3,0,0.7097658
31753,2,0,0.71828246
31754,0,0,0.7190324
31755,0,0,0.7168602
31756,1,0,0.7339326
31757,0,0,0.74230593
31758,1,0,0.75410914
31759,0,0,0.7560677
31760,0,0,0.7422513
31761,1,0,0.73575556
31762,1,0,0.7380714
31763,0,0,0.7491492
31764,0,0,0.7645389
31765,1,0,0.77614874
31766,3,0,0.77493507
31767,0,0,0.77334195
31768,1,0,0.7800272
31769,1,0,0.7942582
31770,3,0,0.81059766
31771,3,0,0.8039582
31772,0,0,0.79827356
31773,1,0,0.80197614
31774,1,0,0.79073864
31775,3,0,0.8003084
31776,0,0,0.79427
31777,0,0,0.79213357
31778,0,0,0.7897602
31779,0,0,0.80930513
31780,1,0,0.79701936
31781,2,0,0.77875084
31782,0,0,0.8017286
31783,0,0,0.8219739
31784,1,0,0.84155786
31785,3,0,0.838112
31786,1,0,0.84181666
31787,0,0,0.864155
31788,0,0,0.8588313
31789,1,0,0.8583029
31790,3,0,0.8510439
31791,1,0,0.87281
31792,0,0,0.8881043
31793,1,0,0.8759783
31794,1,0,0.86736286
31795,2,0,0.8799143
31796,1,0,0.901043
31797,1,0,0.9433499
31798,0,0,0.97336155
31799,3,0,0.9872918
31800,0,0,0.98608816
31801,0,0,1.024413
31802,2,0,1.0558076
31803,0,0,1.0773879
31804,0,0,1.1023275
31805,1,0,1.1551017
31806,0,0,1.2058802
31807,3,0,1.2127448
31808,0,0,1.2669176
31809,2,0,1.3251402
31810,0,0,1.3835212
31811,2,0,1.4169244
31812,0,0,1.4290698
31813,1,0,1.4405577
31814,0,0,1.4413775
31815,0,0,1.5286537
31816,0,0,1.5389391
31817,1,0,1.5849465
31818,1,0,1.6108991
31819,0,0,1.663515
31820,3,1,0.5822092
31821,1,1,0.5832639
31822,0,1,0.6153739
31823,3,1,0.61428577
31824,3,1,0.6383552
31825,1,1,0.6437953
31826,3,1,0.61370325
31827,1,1,0.62424123
31828,2,1,0.653429
31829,0,1,0.673683
31830,3,1,0.6920984
31831,1,1,0.6974311
31832,1,1,0.6292115
31833,2,1,0.6443625
31834,3,1,0.64140797
31835,3,0,0.6227899
31836,0,0,0.6363817
31837,0,0,0.63649774
31838,0,0,0.6349101
31839,1,0,0.64114434
31840,0,0,0.6587902
31841,0,0,0.6594978
31842,1,0,0.66329163
31843,0,0,0.64786106
31844,0,0,0.6492874
31845,2,0,0.65014964
31846,2,0,0.65253705
31847,2,0,0.66005
31848,2,0,0.64322156
31849,2,0,0.62894547
31850,1,0,0.63116676
31851,2,0,0.66048324
31852,0,0,0.64024717
31853,3,0,0.66065705
31854,0,0,0.6486644
31855,1,0,0.65760607
31856,0,0,0.64981437
31857,3,0,0.64799726
31858,0,0,0.64811075
31859,0,0,0.64933646
31860,3,0,0.62805635
31861,1,0,0.63005733
31862,0,0,0.6345932
31863,2,0,0.64985675
31864,3,0,0.65287465
31865,0,0,0.65750724
31866,0,0,0.6343588
31867,1,0,0.6215762
31868,1,0,0.6230237
31869,1,0,0.6209877
31870,0,0,0.6088637
31871,0,0,0.60185456
31872,1,0,0.62937135
31873,1,0,0.6371901
31874,0,0,0.63496697
31875,1,0,0.6339113
31876,0,0,0.6569254
31877,0,0,0.6659273
31878,3,0,0.6643364
31879,1,0,0.66199934
31880,3,0,0.68616545
31881,0,0,0.6661591
31882,0,0,0.6560607
31883,0,0,0.6413599
31884,1,0,0.6354148
31885,3,0,0.6321
31886,0,0,0.6297756
31887,2,0,0.6071909
31888,3,0,0.5932741
31889,0,0,0.57480174
31890,1,0,0.60899884
31891,0,0,0.6305764
31892,0,0,0.6241257
31893,3,0,0.6037278
31894,1,0,0.63816184
31895,1,0,0.64203674
31896,2,0,0.65808636
31897,3,0,0.6560322
31898,1,0,0.68795246
31899,2,0,0.6969188
31900,0,0,0.6848551
31901,1,0,0.68693984
31902,1,0,0.6763666
31903,0,0,0.7037722
31904,0,0,0.717044
31905,0,0,0.7177612
31906,0,0,0.7239287
31907,0,0,0.7282269
31908,0,0,0.73748416
31909,1,0,0.7723778
31910,3,0,0.7733873
31911,2,0,0.80169785
31912,0,0,0.8216018
31913,1,0,0.83690506
31914,2,0,0.8456881
31915,0,0,0.87167746
31916,1,0,0.8860433
31917,1,0,0.8967561
31918,1,0,0.9080305
31919,3,0,0.9221424
31920,1,0,0.9247246
31921,1,0,0.934208
31922,1,0,0.96584034
31923,0,0,0.9962699
31924,3,0,0.9976195
31925,0,0,1.0340977
31926,2,0,1.0934168
31927,1,0,1.128542
31928,2,0,1.1486481
31929,0,0,1.1762674
31930,0,0,1.2048676
31931,1,0,1.2449036
31932,1,0,1.285259
31933,0,0,1.3050473
31934,0,0,1.3357065
31935,0,0,1.3617362
31936,0,0,1.4516068
31937,3,0,1.520725
31938,0,0,1.540167
31939,3,1,0.76592267
31940,0,1,0.71277183
31941,0,1,0.7172607
31942,1,1,0.7136925
31943,1,1,0.727118
31944,1,1,0.743025
31945,0,1,0.7277676
31946,1,1,0.73635197
31947,0,1,0.7604022
31948,0,1,0.7708899
31949,2,1,0.7825245
31950,0,1,0.7841132
31951,0,1,0.7915935
31952,0,1,0.77004135
31953,0,1,0.74762386
31954,1,1,0.7497829
31955,3,1,0.75870943
31956,1,1,0.7684647
31957,1,1,0.7699154
31958,1,1,0.7794196
31959,0,1,0.76850075
31960,1,1,0.76973385
31961,0,1,0.7770317
31962,0,1,0.76147836
31963,1,1,0.7804714
31964,0,0,0.77202964
31965,1,0,0.7692952
31966,3,0,0.77796966
31967,2,0,0.7832029
31968,0,0,0.7934957
31969,1,0,0.79031897
31970,1,0,0.77768004
31971,2,0,0.78727555
31972,1,0,0.76998216
31973,3,0,0.7521785
31974,0,0,0.73250395
31975,0,0,0.7347761
31976,3,0,0.7064671
31977,1,0,0.68975407
31978,2,0,0.6558239
31979,3,0,0.6540694
31980,2,0,0.6488805
31981,1,0,0.6362636
31982,0,0,0.63884455
31983,1,0,0.64230466
31984,2,0,0.6185758
31985,1,0,0.603467
31986,0,0,0.5864281
31987,3,0,0.60951585
31988,0,0,0.5908786
31989,1,0,0.59026647
31990,0,0,0.57214075
31991,1,0,0.5754502
31992,0,0,0.5871436
31993,1,0,0.57610315
31994,0,0,0.6031726
31995,1,0,0.63490504
31996,0,0,0.6399475
31997,3,0,0.8247669
31998,0,0,0.8539229
31999,0,0,0.8522864
32000,2,0,0.8562941
32001,1,0,0.8780154
32002,0,0,0.8770758
32003,0,0,0.9045187
32004,2,0,0.910313
32005,1,0,0.90305275
32006,1,0,0.90207946
32007,3,0,0.885637
32008,1,0,0.89306456
32009,1,0,0.8771516
32010,0,0,0.8578837
32011,2,0,0.8505929
32012,1,0,0.8486203
32013,1,0,0.86228144
32014,2,0,0.89035237
32015,0,0,0.896538
32016,0,0,0.9013323
32017,0,0,0.8857428
32018,2,0,0.90127057
32019,3,0,0.910408
32020,3,0,0.9154747
32021,0,0,0.92008424
32022,1,0,0.9202381
32023,0,0,0.95365137
32024,0,0,0.9310309
32025,0,0,0.9171079
32026,0,0,0.943349
32027,1,0,0.77364844
32028,1,0,0.7692838
32029,1,0,0.7740568
32030,1,0,0.7812177
32031,2,0,0.7920077
32032,1,0,0.7913806
32033,3,0,0.792812
32034,0,0,0.804369
32035,2,0,0.82821536
32036,2,0,0.8383197
32037,0,0,0.8521329
32038,0,0,0.83833975
32039,0,0,0.84906685
32040,1,0,0.8554637
32041,1,0,0.860543
32042,3,0,0.86967397
32043,3,0,0.875419
32044,3,0,0.875305
32045,0,0,0.8788609
32046,0,0,0.87234247
32047,1,0,0.9061956
32048,1,0,0.9032314
32049,0,0,0.9174698
32050,3,0,0.92704624
32051,1,0,0.9396123
32052,0,0,0.9334424
32053,1,0,0.9138229
32054,0,0,0.9278989
32055,1,0,0.95384616
32056,0,0,0.9577652
32057,1,0,0.96761477
32058,1,0,0.97822964
32059,2,0,0.9867216
32060,0,0,1.005001
32061,0,0,1.0134808
32062,0,0,1.0396177
32063,1,0,1.0430509
32064,1,0,1.0660133
32065,0,0,1.0729247
32066,0,0,1.1034274
32067,1,0,1.1135002
32068,1,0,1.1331791
32069,0,0,1.1411632
32070,1,0,1.1646593
32071,0,0,1.1791964
32072,0,0,1.2024875
32073,1,0,1.2176334
32074,0,0,1.2315768
32075,3,0,1.2569386
32076,0,0,1.300472
32077,1,0,1.2963156
32078,0,0,1.3185953
32079,0,0,1.3270689
32080,0,0,1.3614917
32081,1,0,1.4022158
32082,0,0,1.4131023
32083,2,0,1.4274657
32084,0,0,1.4502746
32085,1,0,1.5132952
32086,1,0,1.5364724
32087,3,0,1.5390724
32088,0,0,1.5529704
32089,1,0,1.5702776
32090,2,0,1.5837866
32091,0,1,0.653891
32092,1,1,0.67585665
32093,3,1,0.6716962
32094,1,1,0.67416
32095,0,1,0.7154565
32096,2,1,0.7068172
32097,0,1,0.74338156
32098,0,1,0.74456805
32099,2,1,0.7320272
32100,0,1,0.72947377
32101,0,1,0.7649818
32102,0,1,0.75938094
32103,3,1,0.74279153
32104,1,1,0.73697305
32105,2,1,0.7268288
32106,0,1,0.7174268
32107,0,1,0.7215388
32108,2,1,0.7315458
32109,0,1,0.7156267
32110,1,1,0.699598
32111,1,1,0.69267297
32112,3,1,0.72484356
32113,2,1,0.7643344
32114,0,1,0.7878867
32115,1,1,0.7985116
32116,0,1,0.8223042
32117,3,1,0.82322407
32118,3,1,0.803335
32119,1,1,0.79270405
32120,0,1,0.79896855
32121,3,1,0.80360496
32122,1,1,0.86125344
32123,0,1,0.85948324
32124,1,1,0.87424064
32125,0,1,0.8698895
32126,1,1,0.84852564
32127,0,1,0.83391625
32128,0,1,0.8278404
32129,3,1,0.8196603
32130,1,1,0.8395407
32131,2,1,0.8447546
32132,1,1,0.8721576
32133,2,1,0.86488813
32134,0,1,0.84628654
32135,2,1,0.8639683
32136,0,1,0.8546441
32137,0,1,0.85128736
32138,1,1,0.85529894
32139,1,1,0.87261206
32140,0,1,0.87767273
32141,0,1,0.87436813
32142,0,1,0.86467147
32143,0,1,0.83533347
32144,2,1,0.8248021
32145,0,1,0.8304073
32146,1,1,0.9029351
32147,0,1,0.9003998
32148,0,1,0.8881218
32149,0,1,0.90960294
32150,2,1,0.89356846
32151,1,0,0.893906
32152,3,0,0.8235488
32153,0,0,0.8325982
32154,1,0,0.8286216
32155,1,0,0.80343103
32156,0,0,0.8230935
32157,0,0,0.82785374
32158,1,0,0.8257768
32159,0,0,0.8469767
32160,0,0,0.8347693
32161,0,0,0.83283585
32162,0,0,0.84017605
32163,0,0,0.83714306
32164,0,0,0.8379656
32165,1,0,0.8117123
32166,0,0,0.82009953
32167,1,0,0.814631
32168,2,0,0.80521524
32169,2,0,0.7727453
32170,3,0,0.7551023
32171,2,0,0.7564419
32172,3,0,0.76641625
32173,2,0,0.7891125
32174,0,0,0.77809453
32175,0,0,0.7517012
32176,2,0,0.6824692
32177,3,0,0.67659456
32178,0,0,0.6609091
32179,0,0,0.63844573
32180,1,0,0.6288169
32181,0,0,0.61456555
32182,2,0,0.6026936
32183,0,0,0.58066636
32184,2,0,0.57000715
32185,2,0,0.6166368
32186,2,0,0.59950155
32187,2,0,0.63667464
32188,3,0,0.67228764
32189,1,0,0.67956656
32190,3,0,0.64869416
32191,0,0,0.6619708
32192,2,0,0.6489722
32193,2,0,0.67794514
32194,3,0,0.68922955
32195,2,0,0.7698282
32196,2,0,0.779502
32197,0,0,0.7747922
32198,1,0,0.7655217
32199,0,0,0.779265
32200,0,0,0.7774981
32201,1,0,0.78266454
32202,1,0,0.766512
32203,1,0,0.7542621
32204,0,0,0.760868
32205,0,0,0.76297975
32206,2,0,0.75105137
32207,1,0,0.7629807
32208,3,0,0.78216976
32209,0,0,0.78502256
32210,0,0,0.78971595
32211,2,0,0.7924603
32212,1,0,0.81509566
32213,1,0,0.8066551
32214,2,0,0.8083212
32215,1,0,0.8168947
32216,2,0,0.831582
32217,3,0,0.82499737
32218,1,0,0.81816775
32219,1,0,0.80781335
32220,0,0,0.80792093
32221,1,0,0.7945022
32222,0,0,0.8127039
32223,3,0,0.81085926
32224,0,0,0.80330503
32225,1,0,0.74311996
32226,0,0,0.7419127
32227,3,0,0.74241644
32228,1,0,0.7432652
32229,0,0,0.75040865
32230,1,0,0.7514497
32231,0,0,0.7517607
32232,0,0,0.76620036
32233,0,0,0.7491285
32234,0,0,0.75441015
32235,0,0,0.7488503
32236,3,0,0.74049336
32237,0,0,0.7380163
32238,0,0,0.72151005
32239,1,0,0.70798844
32240,1,0,0.6870758
32241,3,0,0.6717997
32242,1,0,0.65647304
32243,0,0,0.6974497
32244,0,0,0.7115317
32245,1,0,0.68248296
32246,1,0,0.66803366
32247,3,0,0.6999573
32248,0,0,0.70697993
32249,0,0,0.71156913
32250,3,0,0.73464704
32251,1,0,0.7553991
32252,1,0,0.74759287
32253,0,0,0.74192166
32254,1,0,0.76703197
32255,0,0,0.76907986
32256,3,0,0.7791233
32257,0,0,0.8464524
32258,1,0,0.84011364
32259,0,0,0.83303183
32260,1,0,0.84288186
32261,0,0,0.83924735
32262,2,0,0.8322219
32263,0,0,0.82955253
32264,1,0,0.8170423
32265,1,0,0.81968045
32266,0,0,0.83187246
32267,3,0,0.8246829
32268,0,0,0.81352955
32269,1,0,0.8088308
32270,3,0,0.81207687
32271,0,0,0.8353299
32272,0,0,0.83367205
32273,1,0,0.81618345
32274,1,0,0.8146369
32275,1,0,0.8341957
32276,0,0,0.8212499
32277,3,0,0.82581294
32278,0,0,0.8395917
32279,0,0,0.85378283
32280,1,0,0.8622508
32281,3,0,0.8518102
32282,3,0,0.86152285
32283,3,0,0.8796033
32284,1,0,0.8710825
32285,0,0,0.86921316
32286,2,0,0.85511976
32287,0,0,0.79452986
32288,1,0,0.8034074
32289,0,0,0.8101124
32290,3,0,0.80550647
32291,0,0,0.81386644
32292,1,0,0.84396636
32293,1,0,0.88000566
32294,0,0,0.8876516
32295,3,0,0.9054954
32296,1,0,0.9146919
32297,1,0,0.95346904
32298,1,0,0.976799
32299,3,0,0.99790454
32300,2,0,1.0501213
32301,1,0,1.0464252
32302,2,0,1.0625727
32303,1,0,1.0856919
32304,3,0,1.10274
32305,1,0,1.1144636
32306,0,0,1.149383
32307,0,0,1.1732568
32308,3,0,1.1865195
32309,2,0,1.2705551
32310,1,0,1.2936025
32311,0,0,1.3405694
32312,3,0,1.3596106
32313,0,0,1.3995891
32314,0,0,1.4679462
32315,3,0,1.5455644
32316,3,0,1.5907252
32317,1,0,1.6677816
32318,3,0,1.7204057
32319,3,0,1.7283043
32320,3,0,1.8167399
32321,2,0,1.8757373
32322,1,0,1.8706514
32323,0,0,1.924591
32324,0,0,1.9924483
32325,0,0,2.071459
32326,3,0,2.1607258
32327,0,0,2.1984391
32328,0,0,2.288493
32329,0,0,2.3537028
32330,0,0,2.3288884
32331,0,0,2.4050722
32332,2,0,2.5148876
32333,1,0,2.6337233
32334,0,0,2.646719
32335,2,0,2.737917
32336,1,0,2.8200061
32337,3,0,2.8265195
32338,2,0,2.852746
32339,0,0,2.8989794
32340,0,0,2.8997104
32341,0,0,2.9779658
32342,3,0,3.0654452
32343,0,0,3.1709955
32344,1,0,3.235693
32345,0,0,3.3217623
32346,3,0,3.4433954
32347,3,0,3.4164624
32348,1,0,3.526141
32349,0,0,3.7702456
32350,0,0,3.752036
32351,1,0,3.877675
32352,1,0,4.0398126
32353,0,0,4.034571
32354,1,0,4.2339435
32355,0,0,4.2226057
32356,0,0,4.3454685
32357,0,0,4.4936547
32358,0,0,4.6242375
32359,2,1,0.7098964
32360,2,1,0.7265067
32361,2,1,0.71572244
32362,2,1,0.7006976
32363,0,1,0.7101967
32364,3,1,0.7190059
32365,3,1,0.72087175
32366,3,1,0.7160012
32367,0,1,0.707784
32368,1,1,0.7030814
32369,0,1,0.7223481
32370,0,1,0.73099905
32371,3,1,0.71203744
32372,1,1,0.7174632
32373,0,1,0.719885
32374,0,1,0.7228438
32375,3,1,0.73201025
32376,2,1,0.7481118
32377,3,1,0.75538516
32378,0,1,0.73515266
32379,0,1,0.7119051
32380,0,1,0.7125264
32381,0,1,0.7188485
32382,1,1,0.73061067
32383,0,1,0.7361535
32384,2,1,0.7395525
32385,3,1,0.7549065
32386,1,1,0.74421877
32387,1,1,0.7454668
32388,0,1,0.74807
32389,1,1,0.7443633
32390,1,1,0.7331397
32391,0,1,0.7409629
32392,0,1,0.760244
32393,2,1,0.7605269
32394,0,1,0.7395678
32395,1,1,0.7420363
32396,1,1,0.7231893
32397,0,1,0.7336557
32398,0,1,0.7248702
32399,0,1,0.71294045
32400,0,1,0.7693191
32401,2,1,0.7823472
32402,1,1,0.7799322
32403,0,1,0.7660956
32404,1,1,0.77407104
32405,2,1,0.7723291
32406,0,0,0.7722705
32407,0,0,0.78293973
32408,3,0,0.79656655
32409,3,0,0.8170481
32410,3,0,0.8140262
32411,1,0,0.80460614
32412,3,0,0.81059873
32413,1,0,0.81954414
32414,0,0,0.82345146
32415,1,0,0.81905055
32416,1,0,0.8063989
32417,0,0,0.79182357
32418,1,0,0.7877962
32419,0,0,0.7945041
32420,0,0,0.78294927
32421,1,0,0.7870157
32422,1,0,0.80006075
32423,1,0,0.8670876
32424,3,0,0.8707948
32425,3,0,0.8787564
32426,1,0,0.88246846
32427,1,0,0.84972435
32428,2,0,0.85289687
32429,1,0,0.83630866
32430,0,0,0.77049375
32431,3,0,0.7715708
32432,0,0,0.76172364
32433,0,0,0.77147704
32434,2,0,0.77070713
32435,1,0,0.7724003
32436,0,0,0.77031416
32437,0,0,0.75178546
32438,0,0,0.7668585
32439,0,0,0.74954337
32440,1,0,0.767503
32441,2,0,0.76674056
32442,1,0,0.75342226
32443,2,0,0.7434492
32444,1,0,0.7393397
32445,1,0,0.7265228
32446,0,0,0.7245253
32447,1,0,0.7447352
32448,1,0,0.7594293
32449,1,0,0.7728945
32450,2,0,0.7654088
32451,2,0,0.7621499
32452,0,0,0.7508533
32453,2,0,0.6785909
32454,1,0,0.67155343
32455,2,0,0.65913224
32456,0,0,0.6632077
32457,0,0,0.6755439
32458,0,0,0.6609509
32459,3,0,0.6662667
32460,0,0,0.66819465
32461,0,0,0.6693923
32462,1,0,0.67627645
32463,0,0,0.66190416
32464,2,0,0.65279716
32465,3,0,0.6500628
32466,1,0,0.63478076
32467,2,0,0.662483
32468,2,0,0.64025813
32469,0,0,0.65822643
32470,0,0,0.648714
32471,0,0,0.6582925
32472,3,0,0.665893
32473,0,0,0.6762099
32474,1,0,0.66145194
32475,0,0,0.6770532
32476,0,0,0.6799415
32477,2,0,0.6595387
32478,2,0,0.6445693
32479,1,0,0.6230314
32480,2,0,0.63062316
32481,0,0,0.63404095
32482,3,0,0.6182972
32483,1,0,0.6235379
32484,0,0,0.6382668
32485,1,0,0.6380457
32486,0,0,0.6184823
32487,0,0,0.62999797
32488,0,0,0.6314768
32489,1,0,0.62443966
32490,0,0,0.607466
32491,3,0,0.6067074
32492,3,0,0.5896985
32493,2,0,0.59188443
32494,0,0,0.61033946
32495,1,0,0.6123555
32496,0,0,0.61839604
32497,3,0,0.5895501
32498,1,0,0.5786482
32499,2,0,0.560389
32500,0,0,0.57268965
32501,1,0,0.5734093
32502,0,0,0.5676204
32503,3,0,0.5711154
32504,2,0,0.5658128
32505,0,0,0.55464756
32506,0,0,0.5734293
32507,0,0,0.57690823
32508,0,0,0.57831186
32509,1,0,0.59504557
32510,0,0,0.5959461
32511,2,0,0.605102
32512,2,0,0.60892105
32513,3,0,0.59513855
32514,1,0,0.577513
32515,1,0,0.5727994
32516,3,0,0.5903099
32517,0,0,0.59805256
32518,2,0,0.6006355
32519,0,0,0.6058634
32520,1,0,0.625226
32521,0,0,0.6050236
32522,0,0,0.60860467
32523,1,0,0.62385714
32524,0,0,0.60019845
32525,0,0,0.5943944
32526,0,0,0.60932213
32527,2,0,0.61953336
32528,0,0,0.6410138
32529,0,0,0.66074616
32530,1,0,0.6632976
32531,0,0,0.66540855
32532,0,0,0.6856078
32533,0,0,0.675903
32534,0,0,0.6841936
32535,0,0,0.684787
32536,2,0,0.671273
32537,1,0,0.69098276
32538,0,0,0.69948834
32539,1,0,0.6807202
32540,1,0,0.69766885
32541,0,0,0.6980843
32542,1,0,0.69514275
32543,1,0,0.7137178
32544,1,0,0.7261724
32545,1,0,0.7419952
32546,1,0,0.73297036
32547,1,0,0.73252827
32548,1,0,0.748557
32549,3,0,0.77263504
32550,3,0,0.7571904
32551,3,0,0.7816843
32552,0,0,0.7835023
32553,2,0,0.7743662
32554,1,0,0.7941139
32555,0,0,0.7943911
32556,0,0,0.7935621
32557,0,0,0.8135788
32558,1,0,0.8193865
32559,1,0,0.82466197
32560,0,0,0.84591657
32561,3,0,0.8472883
32562,1,0,0.8436725
32563,0,0,0.85134685
32564,2,0,0.85629475
32565,0,0,0.91209215
32566,0,0,0.9244687
32567,0,0,0.936373
32568,1,0,0.9622942
32569,2,0,1.0206076
32570,0,0,1.0311048
32571,2,0,1.0274059
32572,1,0,1.0722264
32573,2,0,1.0802392
32574,0,0,1.0817997
32575,0,0,1.1010547
32576,1,0,1.139468
32577,1,0,1.154608
32578,0,0,1.1541783
32579,3,0,1.1478134
32580,0,0,1.1782708
32581,1,0,1.2203436
32582,0,0,1.2678583
32583,3,0,1.3540367
32584,2,0,1.3537828
32585,0,1,0.67181796
32586,0,1,0.6866824
32587,1,1,0.7023707
32588,3,1,0.71729463
32589,2,1,0.7027343
32590,0,1,0.70969343
32591,1,1,0.71007794
32592,0,1,0.71229684
32593,2,1,0.7240198
32594,0,1,0.71977884
32595,1,1,0.70549154
32596,2,1,0.70231235
32597,1,1,0.70187104
32598,0,1,0.7244814
32599,3,1,0.7248185
32600,1,1,0.7119121
32601,0,1,0.71852654
32602,0,1,0.716814
32603,2,1,0.6981901
32604,0,1,0.71263844
32605,0,1,0.72054094
32606,1,1,0.71236366
32607,1,1,0.7016044
32608,2,1,0.69783026
32609,3,1,0.70841116
32610,0,1,0.68575513
32611,0,1,0.68236184
32612,0,1,0.68836886
32613,1,1,0.6802636
32614,2,1,0.6752029
32615,1,1,0.671639
32616,3,0,0.672981
32617,3,0,0.6656215
32618,0,0,0.64542896
32619,1,0,0.64516574
32620,1,0,0.65900934
32621,3,0,0.6350059
32622,1,0,0.6311339
32623,3,0,0.6295551
32624,0,0,0.6341983
32625,1,0,0.65281564
32626,0,0,0.669869
32627,0,0,0.649459
32628,0,0,0.63633513
32629,2,0,0.62614185
32630,0,0,0.63254315
32631,1,0,0.6311008
32632,2,0,0.6320963
32633,2,0,0.6494817
32634,0,0,0.64035386
32635,0,0,0.6305883
32636,0,0,0.6309589
32637,1,0,0.64069474
32638,0,0,0.6413123
32639,0,0,0.6438109
32640,1,0,0.64098305
32641,3,0,0.6426001
32642,1,0,0.6424742
32643,0,0,0.6409753
32644,0,0,0.63891125
32645,1,0,0.65231544
32646,3,0,0.6334024
32647,1,0,0.63568234
32648,1,0,0.65403664
32649,3,0,0.66854066
32650,0,0,0.667371
32651,1,0,0.67907125
32652,1,0,0.6828931
32653,0,0,0.6811727
32654,0,0,0.6970596
32655,1,0,0.69030535
32656,0,0,0.6800611
32657,3,0,0.6941848
32658,2,0,0.6905545
32659,1,0,0.6952444
32660,0,0,0.7166444
32661,0,0,0.7245152
32662,1,0,0.7447439
32663,1,0,0.73042864
32664,0,0,0.71704936
32665,1,0,0.71293414
32666,0,0,0.6865387
32667,1,0,0.6878504
32668,1,0,0.6716157
32669,1,0,0.6826505
32670,0,0,0.67697746
32671,1,0,0.6568435
32672,1,0,0.6508966
32673,3,0,0.6523111
32674,1,0,0.67523545
32675,0,0,0.67700475
32676,0,0,0.67278564
32677,0,0,0.67006767
32678,3,0,0.66975015
32679,0,0,0.65622413
32680,3,0,0.6339372
32681,0,0,0.63461787
32682,0,0,0.6353542
32683,1,0,0.6349007
32684,3,0,0.62323326
32685,3,0,0.62252367
32686,3,0,0.6232532
32687,3,0,0.6142276
32688,1,0,0.5948657
32689,1,0,0.6134932
32690,2,0,0.61249614
32691,1,0,0.59311223
32692,1,0,0.56751543
32693,0,0,0.58112776
32694,0,0,0.5837901
32695,1,0,0.58357775
32696,0,0,0.60409
32697,1,0,0.5867214
32698,0,0,0.58708066
32699,1,0,0.58868647
32700,0,0,0.59152585
32701,0,0,0.6135185
32702,3,0,0.6061855
32703,0,0,0.6073404
32704,1,0,0.59099513
32705,0,0,0.58424807
32706,3,0,0.589287
32707,1,0,0.5757305
32708,0,0,0.58152395
32709,0,0,0.5829961
32710,1,0,0.5843894
32711,0,0,0.58876497
32712,0,0,0.5656367
32713,1,0,0.5530098
32714,3,0,0.5568461
32715,1,0,0.5505577
32716,2,0,0.55130744
32717,0,0,0.5528207
32718,3,0,0.55747426
32719,3,0,0.534822
32720,0,0,0.5373379
32721,0,0,0.55238146
32722,0,0,0.57083666
32723,0,0,0.57373375
32724,0,0,0.5791784
32725,0,0,0.5987276
32726,2,0,0.5980731
32727,2,0,0.62481785
32728,0,0,0.63058126
32729,3,0,0.63271815
32730,2,0,0.6474649
32731,2,0,0.66281074
32732,2,0,0.6952594
32733,0,0,0.7092439
32734,1,0,0.73008794
32735,1,0,0.74957985
32736,1,0,0.7681127
32737,1,0,0.78440756
32738,0,0,0.80644006
32739,1,0,1.020679
32740,1,0,1.0527347
32741,0,0,1.0544398
32742,0,0,1.0737668
32743,1,0,1.0915122
32744,0,0,1.1087387
32745,0,0,1.1428075
32746,1,0,1.1870081
32747,1,0,1.241674
32748,1,0,1.2816608
32749,1,0,1.301674
32750,1,0,1.3561176
32751,1,0,1.3919828
32752,2,0,1.4051036
32753,2,0,1.4702461
32754,3,0,1.5415165
32755,0,0,1.5702747
