candidate_id,detector_id,threshold_context,threshold_rule_id,ewma_id,ewma_alpha,persistence,minimum_engine_detection_coverage,mean_engine_detection_coverage,worst_false_positive_alerted_endpoints_per_1000,worst_false_alert_events_per_1000,worst_percent_engines_with_healthy_false_alert,median_policy_median_detection_delay,median_policy_median_lead_cycles,feasible
lof__global__quantile_0.900__ewma_off__persistence_1,lof,global,quantile_0.900,off,,1,0.0,11.538461538461538,702.0477402156791,143.04526748971193,100.0,,,False
lof__global__quantile_0.900__ewma_off__persistence_3,lof,global,quantile_0.900,off,,3,0.0,14.743589743589745,536.411002059857,48.724279835390945,100.0,,,False
lof__global__quantile_0.900__ewma_off__persistence_5,lof,global,quantile_0.900,off,,5,0.0,16.666666666666668,469.5262328850115,27.325102880658438,100.0,,,False
lof__global__quantile_0.900__ewma_off__persistence_8,lof,global,quantile_0.900,off,,8,0.0,20.512820512820515,408.21519447473645,17.15481171548117,100.0,,,False
lof__global__quantile_0.900__ewma_alpha_0.20__persistence_1,lof,global,quantile_0.900,alpha_0.20,0.2,1,0.0,8.333333333333334,594.4505028474495,33.08641975308642,100.0,,,False
lof__global__quantile_0.900__ewma_alpha_0.20__persistence_3,lof,global,quantile_0.900,alpha_0.20,0.2,3,0.0,10.256410256410257,546.589119108203,23.374485596707817,100.0,,,False
lof__global__quantile_0.900__ewma_alpha_0.20__persistence_5,lof,global,quantile_0.900,alpha_0.20,0.2,5,0.0,11.538461538461538,509.99636495819703,19.91769547325103,100.0,,,False
lof__global__quantile_0.900__ewma_alpha_0.20__persistence_8,lof,global,quantile_0.900,alpha_0.20,0.2,8,0.0,13.461538461538462,463.71016600024234,15.96707818930041,100.0,,,False
lof__global__quantile_0.900__ewma_alpha_0.50__persistence_1,lof,global,quantile_0.900,alpha_0.50,0.5,1,0.0,8.974358974358974,642.9177268871925,67.48971193415638,100.0,,,False
lof__global__quantile_0.900__ewma_alpha_0.50__persistence_3,lof,global,quantile_0.900,alpha_0.50,0.5,3,0.0,10.256410256410257,555.676723615655,35.22633744855967,100.0,,,False
lof__global__quantile_0.900__ewma_alpha_0.50__persistence_5,lof,global,quantile_0.900,alpha_0.50,0.5,5,0.0,11.538461538461538,503.93796195322915,25.020576131687243,100.0,,,False
lof__global__quantile_0.900__ewma_alpha_0.50__persistence_8,lof,global,quantile_0.900,alpha_0.50,0.5,8,0.0,15.384615384615385,445.77729310553735,18.106995884773664,100.0,,,False
lof__global__quantile_0.900__ewma_alpha_0.80__persistence_1,lof,global,quantile_0.900,alpha_0.80,0.8,1,0.0,8.974358974358974,676.3601114746153,108.47736625514403,100.0,,,False
lof__global__quantile_0.900__ewma_alpha_0.80__persistence_3,lof,global,quantile_0.900,alpha_0.80,0.8,3,0.0,10.897435897435898,545.862110747607,43.95061728395062,100.0,,,False
lof__global__quantile_0.900__ewma_alpha_0.80__persistence_5,lof,global,quantile_0.900,alpha_0.80,0.8,5,0.0,12.82051282051282,484.7934084575306,27.818930041152264,100.0,,,False
lof__global__quantile_0.900__ewma_alpha_0.80__persistence_8,lof,global,quantile_0.900,alpha_0.80,0.8,8,0.0,17.307692307692307,424.330546467951,17.448559670781894,100.0,,,False
lof__global__quantile_0.950__ewma_off__persistence_1,lof,global,quantile_0.950,off,,1,0.0,15.384615384615385,619.1687871077185,137.119341563786,100.0,,,False
lof__global__quantile_0.950__ewma_off__persistence_3,lof,global,quantile_0.950,off,,3,0.0,18.58974358974359,461.7714770386526,38.18930041152263,100.0,,,False
lof__global__quantile_0.950__ewma_off__persistence_5,lof,global,quantile_0.950,off,,5,0.0,19.871794871794872,404.9436568520538,21.478382147838214,100.0,,,False
lof__global__quantile_0.950__ewma_off__persistence_8,lof,global,quantile_0.950,off,,8,0.0,23.076923076923077,353.5683993699261,14.923291492329149,100.0,,,False
lof__global__quantile_0.950__ewma_alpha_0.20__persistence_1,lof,global,quantile_0.950,alpha_0.20,0.2,1,0.0,13.461538461538462,456.44008239428086,24.526748971193417,100.0,,,False
lof__global__quantile_0.950__ewma_alpha_0.20__persistence_3,lof,global,quantile_0.950,alpha_0.20,0.2,3,0.0,15.384615384615385,418.27214346298314,16.790123456790123,100.0,,,False
lof__global__quantile_0.950__ewma_alpha_0.20__persistence_5,lof,global,quantile_0.950,alpha_0.20,0.2,5,0.0,19.23076923076923,390.4034896401309,14.08647140864714,100.0,,,False
lof__global__quantile_0.950__ewma_alpha_0.20__persistence_8,lof,global,quantile_0.950,alpha_0.20,0.2,8,1.9230769230769231,20.512820512820515,354.1742396704229,11.436541143654114,98.07692307692308,7.5,22.0,False
lof__global__quantile_0.950__ewma_alpha_0.50__persistence_1,lof,global,quantile_0.950,alpha_0.50,0.5,1,0.0,14.102564102564102,524.6577002302193,51.193415637860085,100.0,,,False
lof__global__quantile_0.950__ewma_alpha_0.50__persistence_3,lof,global,quantile_0.950,alpha_0.50,0.5,3,0.0,17.30769230769231,454.0167211922937,26.17283950617284,100.0,,,False
lof__global__quantile_0.950__ewma_alpha_0.50__persistence_5,lof,global,quantile_0.950,alpha_0.50,0.5,5,0.0,18.589743589743588,412.3349085181146,18.828451882845187,100.0,,,False
lof__global__quantile_0.950__ewma_alpha_0.50__persistence_8,lof,global,quantile_0.950,alpha_0.50,0.5,8,1.9230769230769231,22.435897435897434,365.5640373197625,13.807531380753138,100.0,4.0,28.0,False
lof__global__quantile_0.950__ewma_alpha_0.80__persistence_1,lof,global,quantile_0.950,alpha_0.80,0.8,1,0.0,15.384615384615385,574.9424451714528,90.04115226337449,100.0,,,False
lof__global__quantile_0.950__ewma_alpha_0.80__persistence_3,lof,global,quantile_0.950,alpha_0.80,0.8,3,0.0,19.23076923076923,462.49848539924875,32.26337448559671,100.0,,,False
lof__global__quantile_0.950__ewma_alpha_0.80__persistence_5,lof,global,quantile_0.950,alpha_0.80,0.8,5,0.0,19.871794871794872,412.0925723979159,20.502092050209207,100.0,,,False
lof__global__quantile_0.950__ewma_alpha_0.80__persistence_8,lof,global,quantile_0.950,alpha_0.80,0.8,8,0.0,22.435897435897434,362.65600387737794,14.504881450488146,100.0,,,False
lof__global__quantile_0.975__ewma_off__persistence_1,lof,global,quantile_0.975,off,,1,0.0,19.23076923076923,529.2620865139949,124.2798353909465,100.0,,,False
lof__global__quantile_0.975__ewma_off__persistence_3,lof,global,quantile_0.975,off,,3,0.0,21.794871794871796,386.041439476554,30.404463040446306,100.0,,,False
lof__global__quantile_0.975__ewma_off__persistence_5,lof,global,quantile_0.975,off,,5,0.0,24.358974358974354,337.4530473767115,18.828451882845187,100.0,,,False
lof__global__quantile_0.975__ewma_off__persistence_8,lof,global,quantile_0.975,off,,8,0.0,28.205128205128204,290.56100811826,13.110181311018131,100.0,,,False
lof__global__quantile_0.975__ewma_alpha_0.20__persistence_1,lof,global,quantile_0.975,alpha_0.20,0.2,1,0.0,23.717948717948715,357.8092814734036,15.06276150627615,100.0,,,False
lof__global__quantile_0.975__ewma_alpha_0.20__persistence_3,lof,global,quantile_0.975,alpha_0.20,0.2,3,0.0,25.0,330.5464679510481,12.552301255230125,100.0,,,False
lof__global__quantile_0.975__ewma_alpha_0.20__persistence_5,lof,global,quantile_0.975,alpha_0.20,0.2,5,3.8461538461538463,28.846153846153843,307.16103235187205,11.436541143654114,98.07692307692308,7.5,24.5,False
lof__global__quantile_0.975__ewma_alpha_0.20__persistence_8,lof,global,quantile_0.975,alpha_0.20,0.2,8,3.8461538461538463,32.05128205128205,276.86901732703257,8.966436447352478,98.07692307692308,8.0,27.5,False
lof__global__quantile_0.975__ewma_alpha_0.50__persistence_1,lof,global,quantile_0.975,alpha_0.50,0.5,1,0.0,18.58974358974359,430.38894947291897,34.23868312757202,100.0,,,False
lof__global__quantile_0.975__ewma_alpha_0.50__persistence_3,lof,global,quantile_0.975,alpha_0.50,0.5,3,0.0,21.794871794871796,377.0750030292015,20.502092050209207,100.0,,,False
lof__global__quantile_0.975__ewma_alpha_0.50__persistence_5,lof,global,quantile_0.975,alpha_0.50,0.5,5,0.0,23.076923076923077,340.9669211195929,16.875871687587168,100.0,,,False
lof__global__quantile_0.975__ewma_alpha_0.50__persistence_8,lof,global,quantile_0.975,alpha_0.50,0.5,8,3.8461538461538463,27.564102564102566,298.9216042651157,11.854951185495118,98.07692307692308,5.5,25.0,False
lof__global__quantile_0.975__ewma_alpha_0.80__persistence_1,lof,global,quantile_0.975,alpha_0.80,0.8,1,0.0,17.94871794871795,473.767114988489,68.47736625514403,100.0,,,False
lof__global__quantile_0.975__ewma_alpha_0.80__persistence_3,lof,global,quantile_0.975,alpha_0.80,0.8,3,0.0,21.153846153846153,384.4662546952623,25.662482566248258,100.0,,,False
lof__global__quantile_0.975__ewma_alpha_0.80__persistence_5,lof,global,quantile_0.975,alpha_0.80,0.8,5,0.0,23.71794871794872,341.8150975402884,17.294281729428175,100.0,,,False
lof__global__quantile_0.975__ewma_alpha_0.80__persistence_8,lof,global,quantile_0.975,alpha_0.80,0.8,8,3.8461538461538463,28.84615384615385,297.70992366412213,12.273361227336123,98.07692307692308,5.0,26.0,False
lof__global__quantile_0.990__ewma_off__persistence_1,lof,global,quantile_0.990,off,,1,0.0,24.35897435897436,380.71004483218223,77.86008230452676,100.0,,,False
lof__global__quantile_0.990__ewma_off__persistence_3,lof,global,quantile_0.990,off,,3,0.0,28.205128205128204,283.4120925723979,18.13110181311018,100.0,,,False
lof__global__quantile_0.990__ewma_off__persistence_5,lof,global,quantile_0.990,off,,5,1.9230769230769231,30.128205128205128,251.3025566460681,12.831241283124129,98.07692307692308,4.0,27.0,False
lof__global__quantile_0.990__ewma_off__persistence_8,lof,global,quantile_0.990,off,,8,3.8461538461538463,33.97435897435898,217.86017205864533,8.966436447352478,98.07692307692308,7.0,24.0,False
lof__global__quantile_0.990__ewma_alpha_0.20__persistence_1,lof,global,quantile_0.990,alpha_0.20,0.2,1,3.8461538461538463,32.05128205128205,244.3959772204047,9.93578092814734,100.0,8.0,25.0,False
lof__global__quantile_0.990__ewma_alpha_0.20__persistence_3,lof,global,quantile_0.990,alpha_0.20,0.2,3,3.8461538461538463,32.692307692307686,225.7360959651036,7.9970919665576155,98.07692307692308,10.0,23.0,False
lof__global__quantile_0.990__ewma_alpha_0.20__persistence_5,lof,global,quantile_0.990,alpha_0.20,0.2,5,3.8461538461538463,35.256410256410255,209.9842481521871,7.512419726160184,98.07692307692308,10.0,27.0,False
lof__global__quantile_0.990__ewma_alpha_0.20__persistence_8,lof,global,quantile_0.990,alpha_0.20,0.2,8,13.461538461538462,43.58974358974359,188.77983763479946,6.664243305464679,86.53846153846153,9.0,25.0,False
lof__global__quantile_0.990__ewma_alpha_0.50__persistence_1,lof,global,quantile_0.990,alpha_0.50,0.5,1,0.0,25.0,312.6135950563432,19.525801952580196,100.0,,,False
lof__global__quantile_0.990__ewma_alpha_0.50__persistence_3,lof,global,quantile_0.990,alpha_0.50,0.5,3,0.0,28.205128205128204,279.65588270931784,12.97071129707113,100.0,,,False
lof__global__quantile_0.990__ewma_alpha_0.50__persistence_5,lof,global,quantile_0.990,alpha_0.50,0.5,5,3.8461538461538463,30.76923076923077,255.66460680964497,10.320781032078104,98.07692307692308,6.0,25.0,False
lof__global__quantile_0.990__ewma_alpha_0.50__persistence_8,lof,global,quantile_0.990,alpha_0.50,0.5,8,3.8461538461538463,33.333333333333336,226.5842723857991,8.966436447352478,98.07692307692308,8.0,23.0,False
lof__global__quantile_0.990__ewma_alpha_0.80__persistence_1,lof,global,quantile_0.990,alpha_0.80,0.8,1,0.0,23.076923076923077,343.9961226220768,35.98326359832636,100.0,,,False
lof__global__quantile_0.990__ewma_alpha_0.80__persistence_3,lof,global,quantile_0.990,alpha_0.80,0.8,3,0.0,26.923076923076923,290.0763358778626,16.596931659693166,100.0,,,False
lof__global__quantile_0.990__ewma_alpha_0.80__persistence_5,lof,global,quantile_0.990,alpha_0.80,0.8,5,1.9230769230769231,29.48717948717949,259.66315279292377,12.133891213389122,98.07692307692308,5.0,26.0,False
lof__global__quantile_0.990__ewma_alpha_0.80__persistence_8,lof,global,quantile_0.990,alpha_0.80,0.8,8,3.8461538461538463,33.333333333333336,227.67478492669332,8.966436447352478,98.07692307692308,7.0,23.0,False
lof__global__quantile_0.995__ewma_off__persistence_1,lof,global,quantile_0.995,off,,1,1.9230769230769231,44.87179487179487,205.25869380831213,32.95771234702532,100.0,4.0,33.0,False
lof__global__quantile_0.995__ewma_off__persistence_3,lof,global,quantile_0.995,off,,3,1.9230769230769231,47.43589743589744,159.6995032109536,8.966436447352478,98.07692307692308,7.0,30.0,False
lof__global__quantile_0.995__ewma_off__persistence_5,lof,global,quantile_0.995,off,,5,3.8461538461538463,50.641025641025635,142.97831091724223,7.270083605961468,96.15384615384616,8.0,29.5,False
lof__global__quantile_0.995__ewma_off__persistence_8,lof,global,quantile_0.995,off,,8,17.307692307692307,56.41025641025641,122.74324488064946,5.694898824669817,82.6923076923077,12.0,25.0,False
lof__global__quantile_0.995__ewma_alpha_0.20__persistence_1,lof,global,quantile_0.995,alpha_0.20,0.2,1,5.769230769230769,50.0,144.1899915182358,7.3912516660608265,94.23076923076923,9.0,28.0,False
lof__global__quantile_0.995__ewma_alpha_0.20__persistence_3,lof,global,quantile_0.995,alpha_0.20,0.2,3,13.461538461538462,53.84615384615385,130.25566460680963,5.937234944868533,86.53846153846153,10.0,28.0,False
lof__global__quantile_0.995__ewma_alpha_0.20__persistence_5,lof,global,quantile_0.995,alpha_0.20,0.2,5,19.23076923076923,57.6923076923077,118.86586695747,5.452562704471101,80.76923076923077,10.5,28.0,False
lof__global__quantile_0.995__ewma_alpha_0.20__persistence_8,lof,global,quantile_0.995,alpha_0.20,0.2,8,23.076923076923077,62.82051282051282,102.87168302435478,4.96789046407367,78.84615384615384,12.0,28.0,False
lof__global__quantile_0.995__ewma_alpha_0.50__persistence_1,lof,global,quantile_0.995,alpha_0.50,0.5,1,1.9230769230769231,43.58974358974359,179.32872894704957,13.086150490730644,98.07692307692308,5.0,31.0,False
lof__global__quantile_0.995__ewma_alpha_0.50__persistence_3,lof,global,quantile_0.995,alpha_0.50,0.5,3,3.8461538461538463,47.43589743589744,156.67030170846965,7.512419726160184,96.15384615384616,8.0,29.0,False
lof__global__quantile_0.995__ewma_alpha_0.50__persistence_5,lof,global,quantile_0.995,alpha_0.50,0.5,5,5.769230769230769,50.64102564102564,142.1301344965467,7.027747485762753,94.23076923076923,8.0,29.5,False
lof__global__quantile_0.995__ewma_alpha_0.50__persistence_8,lof,global,quantile_0.995,alpha_0.50,0.5,8,17.307692307692307,55.12820512820513,122.50090876045074,5.573730764570459,84.61538461538461,11.0,25.0,False
lof__global__quantile_0.995__ewma_alpha_0.80__persistence_1,lof,global,quantile_0.995,alpha_0.80,0.8,1,1.9230769230769231,44.230769230769226,194.717072579668,23.021931418877983,100.0,4.0,32.0,False
lof__global__quantile_0.995__ewma_alpha_0.80__persistence_3,lof,global,quantile_0.995,alpha_0.80,0.8,3,1.9230769230769231,46.794871794871796,160.18417545135102,8.602932267054404,98.07692307692308,7.0,30.0,False
lof__global__quantile_0.995__ewma_alpha_0.80__persistence_5,lof,global,quantile_0.995,alpha_0.80,0.8,5,3.8461538461538463,50.0,143.70531927783836,7.148915545862111,96.15384615384616,9.0,29.0,False
lof__global__quantile_0.995__ewma_alpha_0.80__persistence_8,lof,global,quantile_0.995,alpha_0.80,0.8,8,17.307692307692307,55.769230769230774,123.71258936144433,5.573730764570459,82.6923076923077,12.0,25.0,False
lof__global__mean_plus_1.0_std__ewma_off__persistence_1,lof,global,mean_plus_1.0_std,off,,1,0.0,3.8461538461538463,818.8537501514601,121.81069958847736,100.0,,,False
lof__global__mean_plus_1.0_std__ewma_off__persistence_3,lof,global,mean_plus_1.0_std,off,,3,0.0,7.051282051282051,670.5440445898461,56.13168724279836,100.0,,,False
lof__global__mean_plus_1.0_std__ewma_off__persistence_5,lof,global,mean_plus_1.0_std,off,,5,0.0,9.615384615384615,594.2081667272507,34.23868312757202,100.0,,,False
lof__global__mean_plus_1.0_std__ewma_off__persistence_8,lof,global,mean_plus_1.0_std,off,,8,0.0,11.538461538461538,519.5686417060463,24.855967078189302,100.0,,,False
lof__global__mean_plus_1.0_std__ewma_alpha_0.20__persistence_1,lof,global,mean_plus_1.0_std,alpha_0.20,0.2,1,0.0,3.205128205128205,767.9631649097298,35.7201646090535,100.0,,,False
lof__global__mean_plus_1.0_std__ewma_alpha_0.20__persistence_3,lof,global,mean_plus_1.0_std,alpha_0.20,0.2,3,0.0,5.128205128205129,718.4054283290925,26.008230452674898,100.0,,,False
lof__global__mean_plus_1.0_std__ewma_alpha_0.20__persistence_5,lof,global,mean_plus_1.0_std,alpha_0.20,0.2,5,0.0,5.128205128205129,680.1163213376954,21.234567901234566,100.0,,,False
lof__global__mean_plus_1.0_std__ewma_alpha_0.20__persistence_8,lof,global,mean_plus_1.0_std,alpha_0.20,0.2,8,0.0,7.051282051282051,633.1031140191445,17.448559670781894,100.0,,,False
lof__global__mean_plus_1.0_std__ewma_alpha_0.50__persistence_1,lof,global,mean_plus_1.0_std,alpha_0.50,0.5,1,0.0,3.8461538461538463,790.5004240882104,66.83127572016461,100.0,,,False
lof__global__mean_plus_1.0_std__ewma_alpha_0.50__persistence_3,lof,global,mean_plus_1.0_std,alpha_0.50,0.5,3,0.0,5.769230769230769,703.1382527565734,40.49382716049383,100.0,,,False
lof__global__mean_plus_1.0_std__ewma_alpha_0.50__persistence_5,lof,global,mean_plus_1.0_std,alpha_0.50,0.5,5,0.0,7.051282051282051,646.1892645098752,29.79423868312757,100.0,,,False
lof__global__mean_plus_1.0_std__ewma_alpha_0.50__persistence_8,lof,global,mean_plus_1.0_std,alpha_0.50,0.5,8,0.0,9.615384615384615,581.6066884769175,23.045267489711936,100.0,,,False
lof__global__mean_plus_1.0_std__ewma_alpha_0.80__persistence_1,lof,global,mean_plus_1.0_std,alpha_0.80,0.8,1,0.0,3.8461538461538463,810.4931540046044,100.57613168724279,100.0,,,False
lof__global__mean_plus_1.0_std__ewma_alpha_0.80__persistence_3,lof,global,mean_plus_1.0_std,alpha_0.80,0.8,3,0.0,5.769230769230769,685.6900521022659,52.016460905349795,100.0,,,False
lof__global__mean_plus_1.0_std__ewma_alpha_0.80__persistence_5,lof,global,mean_plus_1.0_std,alpha_0.80,0.8,5,0.0,8.333333333333334,614.5644008239428,33.251028806584365,100.0,,,False
lof__global__mean_plus_1.0_std__ewma_alpha_0.80__persistence_8,lof,global,mean_plus_1.0_std,alpha_0.80,0.8,8,0.0,11.538461538461538,542.3482370047255,24.855967078189302,100.0,,,False
lof__global__mean_plus_1.5_std__ewma_off__persistence_1,lof,global,mean_plus_1.5_std,off,,1,0.0,14.743589743589743,653.0958439355386,137.61316872427983,100.0,,,False
lof__global__mean_plus_1.5_std__ewma_off__persistence_3,lof,global,mean_plus_1.5_std,off,,3,0.0,17.94871794871795,493.27517266448564,41.97530864197531,100.0,,,False
lof__global__mean_plus_1.5_std__ewma_off__persistence_5,lof,global,mean_plus_1.5_std,off,,5,0.0,19.23076923076923,432.2064703744093,23.374485596707817,100.0,,,False
lof__global__mean_plus_1.5_std__ewma_off__persistence_8,lof,global,mean_plus_1.5_std,off,,8,0.0,22.435897435897434,377.43850720949956,15.202231520223153,100.0,,,False
lof__global__mean_plus_1.5_std__ewma_alpha_0.20__persistence_1,lof,global,mean_plus_1.5_std,alpha_0.20,0.2,1,0.0,10.897435897435898,509.87519689809767,26.83127572016461,100.0,,,False
lof__global__mean_plus_1.5_std__ewma_alpha_0.20__persistence_3,lof,global,mean_plus_1.5_std,alpha_0.20,0.2,3,0.0,12.17948717948718,469.64740094511086,19.91769547325103,100.0,,,False
lof__global__mean_plus_1.5_std__ewma_alpha_0.20__persistence_5,lof,global,mean_plus_1.5_std,alpha_0.20,0.2,5,0.0,13.46153846153846,438.0225372591785,15.802469135802468,100.0,,,False
lof__global__mean_plus_1.5_std__ewma_alpha_0.20__persistence_8,lof,global,mean_plus_1.5_std,alpha_0.20,0.2,8,0.0,17.94871794871795,397.79474130619167,13.249651324965132,100.0,,,False
lof__global__mean_plus_1.5_std__ewma_alpha_0.50__persistence_1,lof,global,mean_plus_1.5_std,alpha_0.50,0.5,1,0.0,12.17948717948718,570.7015630679753,59.25925925925926,100.0,,,False
lof__global__mean_plus_1.5_std__ewma_alpha_0.50__persistence_3,lof,global,mean_plus_1.5_std,alpha_0.50,0.5,3,0.0,14.102564102564102,491.0941475826972,30.781893004115226,100.0,,,False
lof__global__mean_plus_1.5_std__ewma_alpha_0.50__persistence_5,lof,global,mean_plus_1.5_std,alpha_0.50,0.5,5,0.0,15.384615384615385,444.2021083242457,22.386831275720166,100.0,,,False
lof__global__mean_plus_1.5_std__ewma_alpha_0.50__persistence_8,lof,global,mean_plus_1.5_std,alpha_0.50,0.5,8,0.0,18.58974358974359,393.06918696231673,14.923291492329149,100.0,,,False
lof__global__mean_plus_1.5_std__ewma_alpha_0.80__persistence_1,lof,global,mean_plus_1.5_std,alpha_0.80,0.8,1,0.0,13.461538461538462,618.0782745668242,100.24691358024691,100.0,,,False
lof__global__mean_plus_1.5_std__ewma_alpha_0.80__persistence_3,lof,global,mean_plus_1.5_std,alpha_0.80,0.8,3,0.0,16.025641025641026,494.8503574457773,38.02469135802469,100.0,,,False
lof__global__mean_plus_1.5_std__ewma_alpha_0.80__persistence_5,lof,global,mean_plus_1.5_std,alpha_0.80,0.8,5,0.0,17.30769230769231,439.35538592027143,23.209876543209877,100.0,,,False
lof__global__mean_plus_1.5_std__ewma_alpha_0.80__persistence_8,lof,global,mean_plus_1.5_std,alpha_0.80,0.8,8,0.0,21.153846153846153,385.6779352962559,15.06276150627615,100.0,,,False
lof__global__mean_plus_2.0_std__ewma_off__persistence_1,lof,global,mean_plus_2.0_std,off,,1,0.0,0.0,0.0,0.0,0.0,,,True
lof__global__mean_plus_2.0_std__ewma_off__persistence_3,lof,global,mean_plus_2.0_std,off,,3,0.0,0.0,0.0,0.0,0.0,,,True
lof__global__mean_plus_2.0_std__ewma_off__persistence_5,lof,global,mean_plus_2.0_std,off,,5,0.0,0.0,0.0,0.0,0.0,,,True
lof__global__mean_plus_2.0_std__ewma_off__persistence_8,lof,global,mean_plus_2.0_std,off,,8,0.0,0.0,0.0,0.0,0.0,,,True
lof__global__mean_plus_2.0_std__ewma_alpha_0.20__persistence_1,lof,global,mean_plus_2.0_std,alpha_0.20,0.2,1,0.0,0.0,0.0,0.0,0.0,,,True
lof__global__mean_plus_2.0_std__ewma_alpha_0.20__persistence_3,lof,global,mean_plus_2.0_std,alpha_0.20,0.2,3,0.0,0.0,0.0,0.0,0.0,,,True
lof__global__mean_plus_2.0_std__ewma_alpha_0.20__persistence_5,lof,global,mean_plus_2.0_std,alpha_0.20,0.2,5,0.0,0.0,0.0,0.0,0.0,,,True
lof__global__mean_plus_2.0_std__ewma_alpha_0.20__persistence_8,lof,global,mean_plus_2.0_std,alpha_0.20,0.2,8,0.0,0.0,0.0,0.0,0.0,,,True
lof__global__mean_plus_2.0_std__ewma_alpha_0.50__persistence_1,lof,global,mean_plus_2.0_std,alpha_0.50,0.5,1,0.0,0.0,0.0,0.0,0.0,,,True
lof__global__mean_plus_2.0_std__ewma_alpha_0.50__persistence_3,lof,global,mean_plus_2.0_std,alpha_0.50,0.5,3,0.0,0.0,0.0,0.0,0.0,,,True
lof__global__mean_plus_2.0_std__ewma_alpha_0.50__persistence_5,lof,global,mean_plus_2.0_std,alpha_0.50,0.5,5,0.0,0.0,0.0,0.0,0.0,,,True
lof__global__mean_plus_2.0_std__ewma_alpha_0.50__persistence_8,lof,global,mean_plus_2.0_std,alpha_0.50,0.5,8,0.0,0.0,0.0,0.0,0.0,,,True
lof__global__mean_plus_2.0_std__ewma_alpha_0.80__persistence_1,lof,global,mean_plus_2.0_std,alpha_0.80,0.8,1,0.0,0.0,0.0,0.0,0.0,,,True
lof__global__mean_plus_2.0_std__ewma_alpha_0.80__persistence_3,lof,global,mean_plus_2.0_std,alpha_0.80,0.8,3,0.0,0.0,0.0,0.0,0.0,,,True
lof__global__mean_plus_2.0_std__ewma_alpha_0.80__persistence_5,lof,global,mean_plus_2.0_std,alpha_0.80,0.8,5,0.0,0.0,0.0,0.0,0.0,,,True
lof__global__mean_plus_2.0_std__ewma_alpha_0.80__persistence_8,lof,global,mean_plus_2.0_std,alpha_0.80,0.8,8,0.0,0.0,0.0,0.0,0.0,,,True
lof__per_mode__quantile_0.900__ewma_off__persistence_1,lof,per_mode,quantile_0.900,off,,1,0.0,11.538461538461538,709.9236641221374,140.74074074074073,100.0,,,False
lof__per_mode__quantile_0.900__ewma_off__persistence_3,lof,per_mode,quantile_0.900,off,,3,0.0,13.46153846153846,545.7409426875075,48.888888888888886,100.0,,,False
lof__per_mode__quantile_0.900__ewma_off__persistence_5,lof,per_mode,quantile_0.900,off,,5,0.0,14.743589743589743,478.85617351266205,27.818930041152264,100.0,,,False
lof__per_mode__quantile_0.900__ewma_off__persistence_8,lof,per_mode,quantile_0.900,off,,8,0.0,19.23076923076923,417.9086392826851,17.712691771269178,100.0,,,False
lof__per_mode__quantile_0.900__ewma_alpha_0.20__persistence_1,lof,per_mode,quantile_0.900,alpha_0.20,0.2,1,0.0,9.615384615384615,603.5381073549013,52.510288065843625,100.0,,,False
lof__per_mode__quantile_0.900__ewma_alpha_0.20__persistence_3,lof,per_mode,quantile_0.900,alpha_0.20,0.2,3,0.0,10.256410256410257,536.2898339997577,25.185185185185187,100.0,,,False
lof__per_mode__quantile_0.900__ewma_alpha_0.20__persistence_5,lof,per_mode,quantile_0.900,alpha_0.20,0.2,5,0.0,11.538461538461538,497.87955894826126,18.106995884773664,100.0,,,False
lof__per_mode__quantile_0.900__ewma_alpha_0.20__persistence_8,lof,per_mode,quantile_0.900,alpha_0.20,0.2,8,0.0,14.102564102564102,452.80504059130016,15.802469135802468,100.0,,,False
lof__per_mode__quantile_0.900__ewma_alpha_0.50__persistence_1,lof,per_mode,quantile_0.900,alpha_0.50,0.5,1,0.0,10.256410256410257,646.3104325699745,71.93415637860082,100.0,,,False
lof__per_mode__quantile_0.900__ewma_alpha_0.50__persistence_3,lof,per_mode,quantile_0.900,alpha_0.50,0.5,3,0.0,10.897435897435898,554.4650430146613,36.8724279835391,100.0,,,False
lof__per_mode__quantile_0.900__ewma_alpha_0.50__persistence_5,lof,per_mode,quantile_0.900,alpha_0.50,0.5,5,0.0,12.17948717948718,501.1510965709439,26.666666666666668,100.0,,,False
lof__per_mode__quantile_0.900__ewma_alpha_0.50__persistence_8,lof,per_mode,quantile_0.900,alpha_0.50,0.5,8,0.0,16.666666666666668,441.65757906215924,18.271604938271604,100.0,,,False
lof__per_mode__quantile_0.900__ewma_alpha_0.80__persistence_1,lof,per_mode,quantile_0.900,alpha_0.80,0.8,1,0.0,10.897435897435898,681.691506118987,108.80658436213992,100.0,,,False
lof__per_mode__quantile_0.900__ewma_alpha_0.80__persistence_3,lof,per_mode,quantile_0.900,alpha_0.80,0.8,3,0.0,11.538461538461538,549.2548164303889,43.1275720164609,100.0,,,False
lof__per_mode__quantile_0.900__ewma_alpha_0.80__persistence_5,lof,per_mode,quantile_0.900,alpha_0.80,0.8,5,0.0,12.17948717948718,488.42845026051134,26.666666666666668,100.0,,,False
lof__per_mode__quantile_0.900__ewma_alpha_0.80__persistence_8,lof,per_mode,quantile_0.900,alpha_0.80,0.8,8,0.0,16.666666666666668,430.14661335272024,17.613168724279834,100.0,,,False
lof__per_mode__quantile_0.950__ewma_off__persistence_1,lof,per_mode,quantile_0.950,off,,1,0.0,15.384615384615385,624.1366775717921,134.320987654321,100.0,,,False
lof__per_mode__quantile_0.950__ewma_off__persistence_3,lof,per_mode,quantile_0.950,off,,3,0.0,19.23076923076923,468.07221616381923,39.17695473251029,100.0,,,False
lof__per_mode__quantile_0.950__ewma_off__persistence_5,lof,per_mode,quantile_0.950,off,,5,0.0,20.512820512820515,410.0327153762268,22.454672245467226,100.0,,,False
lof__per_mode__quantile_0.950__ewma_off__persistence_8,lof,per_mode,quantile_0.950,off,,8,0.0,23.076923076923077,356.23409669211196,15.06276150627615,100.0,,,False
lof__per_mode__quantile_0.950__ewma_alpha_0.20__persistence_1,lof,per_mode,quantile_0.950,alpha_0.20,0.2,1,0.0,14.102564102564102,465.40651884163333,37.03703703703704,100.0,,,False
lof__per_mode__quantile_0.950__ewma_alpha_0.20__persistence_3,lof,per_mode,quantile_0.950,alpha_0.20,0.2,3,0.0,15.384615384615385,415.36411002059856,18.106995884773664,100.0,,,False
lof__per_mode__quantile_0.950__ewma_alpha_0.20__persistence_5,lof,per_mode,quantile_0.950,alpha_0.20,0.2,5,0.0,17.94871794871795,385.1932630558585,14.504881450488146,100.0,,,False
lof__per_mode__quantile_0.950__ewma_alpha_0.20__persistence_8,lof,per_mode,quantile_0.950,alpha_0.20,0.2,8,3.8461538461538463,21.153846153846153,347.14649218466013,12.273361227336123,98.07692307692308,5.0,24.0,False
lof__per_mode__quantile_0.950__ewma_alpha_0.50__persistence_1,lof,per_mode,quantile_0.950,alpha_0.50,0.5,1,0.0,14.102564102564102,534.2299769780686,55.96707818930041,100.0,,,False
lof__per_mode__quantile_0.950__ewma_alpha_0.50__persistence_3,lof,per_mode,quantile_0.950,alpha_0.50,0.5,3,0.0,16.666666666666668,459.71162001696354,26.502057613168724,100.0,,,False
lof__per_mode__quantile_0.950__ewma_alpha_0.50__persistence_5,lof,per_mode,quantile_0.950,alpha_0.50,0.5,5,0.0,17.94871794871795,417.545135102387,18.930041152263374,100.0,,,False
lof__per_mode__quantile_0.950__ewma_alpha_0.50__persistence_8,lof,per_mode,quantile_0.950,alpha_0.50,0.5,8,1.9230769230769231,21.153846153846157,371.13776808433295,13.807531380753138,100.0,5.0,27.0,False
lof__per_mode__quantile_0.950__ewma_alpha_0.80__persistence_1,lof,per_mode,quantile_0.950,alpha_0.80,0.8,1,0.0,15.384615384615385,579.062159214831,90.37037037037037,100.0,,,False
lof__per_mode__quantile_0.950__ewma_alpha_0.80__persistence_3,lof,per_mode,quantile_0.950,alpha_0.80,0.8,3,0.0,19.23076923076923,465.28535078153396,33.90946502057613,100.0,,,False
lof__per_mode__quantile_0.950__ewma_alpha_0.80__persistence_5,lof,per_mode,quantile_0.950,alpha_0.80,0.8,5,0.0,19.871794871794872,413.06191687871075,21.478382147838214,100.0,,,False
lof__per_mode__quantile_0.950__ewma_alpha_0.80__persistence_8,lof,per_mode,quantile_0.950,alpha_0.80,0.8,8,1.9230769230769231,23.076923076923077,361.323155216285,15.06276150627615,100.0,5.0,29.0,False
lof__per_mode__quantile_0.975__ewma_off__persistence_1,lof,per_mode,quantile_0.975,off,,1,0.0,17.94871794871795,529.989094874591,121.64609053497942,100.0,,,False
lof__per_mode__quantile_0.975__ewma_off__persistence_3,lof,per_mode,quantile_0.975,off,,3,0.0,20.512820512820515,390.64582576032956,29.428172942817294,100.0,,,False
lof__per_mode__quantile_0.975__ewma_off__persistence_5,lof,per_mode,quantile_0.975,off,,5,0.0,23.076923076923077,343.14794620138133,19.107391910739192,100.0,,,False
lof__per_mode__quantile_0.975__ewma_off__persistence_8,lof,per_mode,quantile_0.975,off,,8,0.0,28.846153846153843,296.01357082273114,12.133891213389122,100.0,,,False
lof__per_mode__quantile_0.975__ewma_alpha_0.20__persistence_1,lof,per_mode,quantile_0.975,alpha_0.20,0.2,1,0.0,24.35897435897436,361.80782745668245,24.96513249651325,100.0,,,False
lof__per_mode__quantile_0.975__ewma_alpha_0.20__persistence_3,lof,per_mode,quantile_0.975,alpha_0.20,0.2,3,1.9230769230769231,27.564102564102566,321.701199563795,14.08647140864714,98.07692307692308,5.5,24.0,False
lof__per_mode__quantile_0.975__ewma_alpha_0.20__persistence_5,lof,per_mode,quantile_0.975,alpha_0.20,0.2,5,1.9230769230769231,28.846153846153843,296.25590694292987,10.783957348842845,98.07692307692308,6.0,28.0,False
lof__per_mode__quantile_0.975__ewma_alpha_0.20__persistence_8,lof,per_mode,quantile_0.975,alpha_0.20,0.2,8,3.8461538461538463,32.05128205128205,265.9638919180904,8.724100327153762,98.07692307692308,7.5,27.0,False
lof__per_mode__quantile_0.975__ewma_alpha_0.50__persistence_1,lof,per_mode,quantile_0.975,alpha_0.50,0.5,1,0.0,18.589743589743588,432.93347873500545,37.53086419753087,100.0,,,False
lof__per_mode__quantile_0.975__ewma_alpha_0.50__persistence_3,lof,per_mode,quantile_0.975,alpha_0.50,0.5,3,0.0,22.435897435897434,376.71149884890343,20.0836820083682,100.0,,,False
lof__per_mode__quantile_0.975__ewma_alpha_0.50__persistence_5,lof,per_mode,quantile_0.975,alpha_0.50,0.5,5,0.0,23.71794871794872,340.9669211195929,15.899581589958158,100.0,,,False
lof__per_mode__quantile_0.975__ewma_alpha_0.50__persistence_8,lof,per_mode,quantile_0.975,alpha_0.50,0.5,8,3.8461538461538463,26.923076923076923,300.7391251666061,11.715481171548117,98.07692307692308,9.0,24.0,False
lof__per_mode__quantile_0.975__ewma_alpha_0.80__persistence_1,lof,per_mode,quantile_0.975,alpha_0.80,0.8,1,0.0,17.94871794871795,475.8269720101781,66.99588477366255,100.0,,,False
lof__per_mode__quantile_0.975__ewma_alpha_0.80__persistence_3,lof,per_mode,quantile_0.975,alpha_0.80,0.8,3,0.0,21.153846153846157,388.3436326184418,27.057182705718272,100.0,,,False
lof__per_mode__quantile_0.975__ewma_alpha_0.80__persistence_5,lof,per_mode,quantile_0.975,alpha_0.80,0.8,5,0.0,23.076923076923077,343.7537865018781,17.99163179916318,100.0,,,False
lof__per_mode__quantile_0.975__ewma_alpha_0.80__persistence_8,lof,per_mode,quantile_0.975,alpha_0.80,0.8,8,1.9230769230769231,28.205128205128204,298.9216042651157,12.273361227336123,100.0,5.0,26.0,False
lof__per_mode__quantile_0.990__ewma_off__persistence_1,lof,per_mode,quantile_0.990,off,,1,0.0,44.23076923076923,354.78007997091964,102.64993026499303,100.0,,,False
lof__per_mode__quantile_0.990__ewma_off__persistence_3,lof,per_mode,quantile_0.990,off,,3,3.8461538461538463,49.35897435897436,217.49666787834727,26.778141281958074,100.0,3.0,34.0,False
lof__per_mode__quantile_0.990__ewma_off__persistence_5,lof,per_mode,quantile_0.990,off,,5,7.6923076923076925,52.56410256410257,170.11995637949838,16.236520053313946,96.15384615384616,5.0,31.5,False
lof__per_mode__quantile_0.990__ewma_off__persistence_8,lof,per_mode,quantile_0.990,off,,8,17.307692307692307,58.333333333333336,129.64982430631287,9.32994062765055,92.3076923076923,7.0,28.5,False
lof__per_mode__quantile_0.990__ewma_alpha_0.20__persistence_1,lof,per_mode,quantile_0.990,alpha_0.20,0.2,1,13.461538461538462,53.84615384615385,223.07039864291772,38.28910699139707,100.0,3.0,35.0,False
lof__per_mode__quantile_0.990__ewma_alpha_0.20__persistence_3,lof,per_mode,quantile_0.990,alpha_0.20,0.2,3,21.153846153846153,58.333333333333336,158.2454864897613,19.144553495698535,94.23076923076923,5.5,31.0,False
lof__per_mode__quantile_0.990__ewma_alpha_0.20__persistence_5,lof,per_mode,quantile_0.990,alpha_0.20,0.2,5,23.076923076923077,63.46153846153846,124.56076578213982,11.389797649339634,86.53846153846153,7.0,31.0,False
lof__per_mode__quantile_0.990__ewma_alpha_0.20__persistence_8,lof,per_mode,quantile_0.990,alpha_0.20,0.2,8,28.846153846153847,67.3076923076923,96.44977583908882,6.4219071852659635,78.84615384615384,13.0,27.0,False
lof__per_mode__quantile_0.990__ewma_alpha_0.50__persistence_1,lof,per_mode,quantile_0.990,alpha_0.50,0.5,1,0.0,46.15384615384615,281.1098994305101,51.88284518828452,100.0,,,False
lof__per_mode__quantile_0.990__ewma_alpha_0.50__persistence_3,lof,per_mode,quantile_0.990,alpha_0.50,0.5,3,7.6923076923076925,50.641025641025635,196.1710893008603,23.87010783957349,98.07692307692308,5.0,32.0,False
lof__per_mode__quantile_0.990__ewma_alpha_0.50__persistence_5,lof,per_mode,quantile_0.990,alpha_0.50,0.5,5,11.538461538461538,53.84615384615385,154.4892766266812,13.81315885132679,94.23076923076923,5.0,30.5,False
lof__per_mode__quantile_0.990__ewma_alpha_0.50__persistence_8,lof,per_mode,quantile_0.990,alpha_0.50,0.5,8,17.307692307692307,56.41025641025641,120.92572397915909,7.875923906458258,90.38461538461539,10.0,27.0,False
lof__per_mode__quantile_0.990__ewma_alpha_0.80__persistence_1,lof,per_mode,quantile_0.990,alpha_0.80,0.8,1,0.0,44.23076923076923,310.5537380346541,64.99302649930264,100.0,,,False
lof__per_mode__quantile_0.990__ewma_alpha_0.80__persistence_3,lof,per_mode,quantile_0.990,alpha_0.80,0.8,3,3.8461538461538463,49.35897435897436,213.3769538349691,25.687628741063854,100.0,4.5,33.0,False
lof__per_mode__quantile_0.990__ewma_alpha_0.80__persistence_5,lof,per_mode,quantile_0.990,alpha_0.80,0.8,5,7.6923076923076925,53.205128205128204,167.6965951775112,15.751847812916516,96.15384615384616,5.0,32.0,False
lof__per_mode__quantile_0.990__ewma_alpha_0.80__persistence_8,lof,per_mode,quantile_0.990,alpha_0.80,0.8,8,17.307692307692307,57.6923076923077,128.680479825518,9.208772567551193,92.3076923076923,7.0,29.0,False
lof__per_mode__quantile_0.995__ewma_off__persistence_1,lof,per_mode,quantile_0.995,off,,1,5.769230769230769,55.12820512820513,243.66896885980856,67.97528171573973,100.0,4.0,34.0,False
lof__per_mode__quantile_0.995__ewma_off__persistence_3,lof,per_mode,quantile_0.995,off,,3,11.538461538461538,57.6923076923077,147.9462013813159,18.6598812553011,96.15384615384616,4.5,30.5,False
lof__per_mode__quantile_0.995__ewma_off__persistence_5,lof,per_mode,quantile_0.995,off,,5,21.153846153846153,63.46153846153846,115.59432933478735,10.056948988246699,92.3076923076923,7.0,31.5,False
lof__per_mode__quantile_0.995__ewma_off__persistence_8,lof,per_mode,quantile_0.995,off,,8,28.846153846153847,66.66666666666667,89.3008602932267,6.785411365564038,84.61538461538461,11.0,27.0,False
lof__per_mode__quantile_0.995__ewma_alpha_0.20__persistence_1,lof,per_mode,quantile_0.995,alpha_0.20,0.2,1,21.153846153846153,64.74358974358974,162.2440324730401,35.38107354901248,98.07692307692308,3.0,33.5,False
lof__per_mode__quantile_0.995__ewma_alpha_0.20__persistence_3,lof,per_mode,quantile_0.995,alpha_0.20,0.2,3,26.923076923076923,68.58974358974359,106.02205258693809,13.934326911426147,90.38461538461539,6.0,31.0,False
lof__per_mode__quantile_0.995__ewma_alpha_0.20__persistence_5,lof,per_mode,quantile_0.995,alpha_0.20,0.2,5,30.76923076923077,72.43589743589745,81.78844056706652,8.36059614685569,76.92307692307692,10.0,29.0,False
lof__per_mode__quantile_0.995__ewma_alpha_0.20__persistence_8,lof,per_mode,quantile_0.995,alpha_0.20,0.2,8,36.53846153846154,73.71794871794872,61.06870229007634,5.210226584272386,67.3076923076923,19.0,25.0,False
lof__per_mode__quantile_0.995__ewma_alpha_0.50__persistence_1,lof,per_mode,quantile_0.995,alpha_0.50,0.5,1,9.615384615384615,57.05128205128205,204.89518962801407,44.95335029686175,100.0,3.0,35.5,False
lof__per_mode__quantile_0.995__ewma_alpha_0.50__persistence_3,lof,per_mode,quantile_0.995,alpha_0.50,0.5,3,17.307692307692307,61.53846153846154,135.5870592511814,16.72119229371138,94.23076923076923,6.0,32.0,False
lof__per_mode__quantile_0.995__ewma_alpha_0.50__persistence_5,lof,per_mode,quantile_0.995,alpha_0.50,0.5,5,23.076923076923077,65.38461538461539,106.14322064703744,10.299285108445414,86.53846153846153,8.0,30.0,False
lof__per_mode__quantile_0.995__ewma_alpha_0.50__persistence_8,lof,per_mode,quantile_0.995,alpha_0.50,0.5,8,28.846153846153847,67.94871794871794,80.57675996607294,6.543075245365322,78.84615384615384,15.0,27.0,False
lof__per_mode__quantile_0.995__ewma_alpha_0.80__persistence_1,lof,per_mode,quantile_0.995,alpha_0.80,0.8,1,5.769230769230769,55.12820512820513,224.52441536411,50.40591300133285,100.0,4.0,34.0,False
lof__per_mode__quantile_0.995__ewma_alpha_0.80__persistence_3,lof,per_mode,quantile_0.995,alpha_0.80,0.8,3,11.538461538461538,57.6923076923077,147.82503332121652,19.144553495698535,98.07692307692308,4.0,30.5,False
lof__per_mode__quantile_0.995__ewma_alpha_0.80__persistence_5,lof,per_mode,quantile_0.995,alpha_0.80,0.8,5,21.153846153846153,63.46153846153846,114.74615291409185,10.056948988246699,88.46153846153847,7.5,30.5,False
lof__per_mode__quantile_0.995__ewma_alpha_0.80__persistence_8,lof,per_mode,quantile_0.995,alpha_0.80,0.8,8,26.923076923076923,66.02564102564104,89.05852417302799,6.664243305464679,82.6923076923077,13.0,25.0,False
lof__per_mode__mean_plus_1.0_std__ewma_off__persistence_1,lof,per_mode,mean_plus_1.0_std,off,,1,0.0,5.769230769230769,816.4303889494729,120.32921810699588,100.0,,,False
lof__per_mode__mean_plus_1.0_std__ewma_off__persistence_3,lof,per_mode,mean_plus_1.0_std,off,,3,0.0,9.615384615384615,669.4535320489518,54.650205761316876,100.0,,,False
lof__per_mode__mean_plus_1.0_std__ewma_off__persistence_5,lof,per_mode,mean_plus_1.0_std,off,,5,0.0,11.538461538461538,594.32933478735,33.251028806584365,100.0,,,False
lof__per_mode__mean_plus_1.0_std__ewma_off__persistence_8,lof,per_mode,mean_plus_1.0_std,off,,8,0.0,13.461538461538462,521.8708348479341,23.53909465020576,100.0,,,False
lof__per_mode__mean_plus_1.0_std__ewma_alpha_0.20__persistence_1,lof,per_mode,mean_plus_1.0_std,alpha_0.20,0.2,1,0.0,4.487179487179487,764.9339634072459,54.32098765432099,100.0,,,False
lof__per_mode__mean_plus_1.0_std__ewma_alpha_0.20__persistence_3,lof,per_mode,mean_plus_1.0_std,alpha_0.20,0.2,3,0.0,5.128205128205129,695.9893372107113,29.958847736625515,100.0,,,False
lof__per_mode__mean_plus_1.0_std__ewma_alpha_0.20__persistence_5,lof,per_mode,mean_plus_1.0_std,alpha_0.20,0.2,5,0.0,5.769230769230769,653.3381800557373,23.045267489711936,100.0,,,False
lof__per_mode__mean_plus_1.0_std__ewma_alpha_0.20__persistence_8,lof,per_mode,mean_plus_1.0_std,alpha_0.20,0.2,8,0.0,7.051282051282051,603.2957712347026,18.43621399176955,100.0,,,False
lof__per_mode__mean_plus_1.0_std__ewma_alpha_0.50__persistence_1,lof,per_mode,mean_plus_1.0_std,alpha_0.50,0.5,1,0.0,3.8461538461538463,789.7734157276142,68.3127572016461,100.0,,,False
lof__per_mode__mean_plus_1.0_std__ewma_alpha_0.50__persistence_3,lof,per_mode,mean_plus_1.0_std,alpha_0.50,0.5,3,0.0,5.128205128205129,702.0477402156791,39.83539094650206,100.0,,,False
lof__per_mode__mean_plus_1.0_std__ewma_alpha_0.50__persistence_5,lof,per_mode,mean_plus_1.0_std,alpha_0.50,0.5,5,0.0,6.41025641025641,646.431600630074,29.62962962962963,100.0,,,False
lof__per_mode__mean_plus_1.0_std__ewma_alpha_0.50__persistence_8,lof,per_mode,mean_plus_1.0_std,alpha_0.50,0.5,8,0.0,8.974358974358974,582.2125287774143,22.88065843621399,100.0,,,False
lof__per_mode__mean_plus_1.0_std__ewma_alpha_0.80__persistence_1,lof,per_mode,mean_plus_1.0_std,alpha_0.80,0.8,1,0.0,5.128205128205129,807.7062886223191,99.09465020576131,100.0,,,False
lof__per_mode__mean_plus_1.0_std__ewma_alpha_0.80__persistence_3,lof,per_mode,mean_plus_1.0_std,alpha_0.80,0.8,3,0.0,7.6923076923076925,684.5995395613717,50.534979423868315,100.0,,,False
lof__per_mode__mean_plus_1.0_std__ewma_alpha_0.80__persistence_5,lof,per_mode,mean_plus_1.0_std,alpha_0.80,0.8,5,0.0,9.615384615384615,615.1702411244396,32.592592592592595,100.0,,,False
lof__per_mode__mean_plus_1.0_std__ewma_alpha_0.80__persistence_8,lof,per_mode,mean_plus_1.0_std,alpha_0.80,0.8,8,0.0,11.538461538461538,544.7715982067127,23.868312757201647,100.0,,,False
lof__per_mode__mean_plus_1.5_std__ewma_off__persistence_1,lof,per_mode,mean_plus_1.5_std,off,,1,5.769230769230769,51.92307692307693,580.5161759360233,175.6378600823045,100.0,4.0,33.0,False
lof__per_mode__mean_plus_1.5_std__ewma_off__persistence_3,lof,per_mode,mean_plus_1.5_std,off,,3,9.615384615384615,54.48717948717948,346.6618199442627,57.18270571827057,100.0,4.0,32.5,False
lof__per_mode__mean_plus_1.5_std__ewma_off__persistence_5,lof,per_mode,mean_plus_1.5_std,off,,5,19.23076923076923,59.61538461538462,249.96970798497517,31.746031746031747,100.0,6.5,30.5,False
lof__per_mode__mean_plus_1.5_std__ewma_off__persistence_8,lof,per_mode,mean_plus_1.5_std,off,,8,19.23076923076923,61.53846153846154,170.6046286198958,17.56936871440688,98.07692307692308,11.0,27.0,False
lof__per_mode__mean_plus_1.5_std__ewma_alpha_0.20__persistence_1,lof,per_mode,mean_plus_1.5_std,alpha_0.20,0.2,1,9.615384615384615,52.56410256410256,473.16127468799226,104.32357043235704,100.0,3.0,33.5,False
lof__per_mode__mean_plus_1.5_std__ewma_alpha_0.20__persistence_3,lof,per_mode,mean_plus_1.5_std,alpha_0.20,0.2,3,11.538461538461538,53.84615384615385,313.0982672967406,45.74616457461646,100.0,4.0,33.0,False
lof__per_mode__mean_plus_1.5_std__ewma_alpha_0.20__persistence_5,lof,per_mode,mean_plus_1.5_std,alpha_0.20,0.2,5,19.23076923076923,58.97435897435897,231.91566703017085,28.837998303647158,100.0,5.0,31.0,False
lof__per_mode__mean_plus_1.5_std__ewma_alpha_0.20__persistence_8,lof,per_mode,mean_plus_1.5_std,alpha_0.20,0.2,8,21.153846153846153,62.17948717948718,159.0936629104568,16.963528413910094,96.15384615384616,9.0,28.0,False
lof__per_mode__mean_plus_1.5_std__ewma_alpha_0.50__persistence_1,lof,per_mode,mean_plus_1.5_std,alpha_0.50,0.5,1,3.8461538461538463,48.71794871794872,517.751120804556,117.03703703703704,100.0,3.0,34.0,False
lof__per_mode__mean_plus_1.5_std__ewma_alpha_0.50__persistence_3,lof,per_mode,mean_plus_1.5_std,alpha_0.50,0.5,3,7.6923076923076925,51.92307692307693,341.4515933599903,51.18549511854951,100.0,4.0,33.0,False
lof__per_mode__mean_plus_1.5_std__ewma_alpha_0.50__persistence_5,lof,per_mode,mean_plus_1.5_std,alpha_0.50,0.5,5,17.307692307692307,57.6923076923077,252.5142372470617,30.41318308493881,100.0,6.0,31.0,False
lof__per_mode__mean_plus_1.5_std__ewma_alpha_0.50__persistence_8,lof,per_mode,mean_plus_1.5_std,alpha_0.50,0.5,8,19.23076923076923,59.61538461538462,175.69368714406883,17.448200654307524,98.07692307692308,10.0,27.0,False
lof__per_mode__mean_plus_1.5_std__ewma_alpha_0.80__persistence_1,lof,per_mode,mean_plus_1.5_std,alpha_0.80,0.8,1,5.769230769230769,51.28205128205128,550.2241609111838,145.679012345679,100.0,4.0,33.0,False
lof__per_mode__mean_plus_1.5_std__ewma_alpha_0.80__persistence_3,lof,per_mode,mean_plus_1.5_std,alpha_0.80,0.8,3,9.615384615384615,54.48717948717948,344.72313098267296,55.36959553695955,100.0,4.5,32.5,False
lof__per_mode__mean_plus_1.5_std__ewma_alpha_0.80__persistence_5,lof,per_mode,mean_plus_1.5_std,alpha_0.80,0.8,5,19.23076923076923,59.61538461538462,250.57554828547194,31.62486368593239,100.0,7.0,31.0,False
lof__per_mode__mean_plus_1.5_std__ewma_alpha_0.80__persistence_8,lof,per_mode,mean_plus_1.5_std,alpha_0.80,0.8,8,19.23076923076923,60.89743589743589,171.69514116079003,17.69053677450624,98.07692307692308,11.0,27.0,False
lof__per_mode__mean_plus_2.0_std__ewma_off__persistence_1,lof,per_mode,mean_plus_2.0_std,off,,1,0.0,0.0,0.0,0.0,0.0,,,True
lof__per_mode__mean_plus_2.0_std__ewma_off__persistence_3,lof,per_mode,mean_plus_2.0_std,off,,3,0.0,0.0,0.0,0.0,0.0,,,True
lof__per_mode__mean_plus_2.0_std__ewma_off__persistence_5,lof,per_mode,mean_plus_2.0_std,off,,5,0.0,0.0,0.0,0.0,0.0,,,True
lof__per_mode__mean_plus_2.0_std__ewma_off__persistence_8,lof,per_mode,mean_plus_2.0_std,off,,8,0.0,0.0,0.0,0.0,0.0,,,True
lof__per_mode__mean_plus_2.0_std__ewma_alpha_0.20__persistence_1,lof,per_mode,mean_plus_2.0_std,alpha_0.20,0.2,1,0.0,0.0,0.0,0.0,0.0,,,True
lof__per_mode__mean_plus_2.0_std__ewma_alpha_0.20__persistence_3,lof,per_mode,mean_plus_2.0_std,alpha_0.20,0.2,3,0.0,0.0,0.0,0.0,0.0,,,True
lof__per_mode__mean_plus_2.0_std__ewma_alpha_0.20__persistence_5,lof,per_mode,mean_plus_2.0_std,alpha_0.20,0.2,5,0.0,0.0,0.0,0.0,0.0,,,True
lof__per_mode__mean_plus_2.0_std__ewma_alpha_0.20__persistence_8,lof,per_mode,mean_plus_2.0_std,alpha_0.20,0.2,8,0.0,0.0,0.0,0.0,0.0,,,True
lof__per_mode__mean_plus_2.0_std__ewma_alpha_0.50__persistence_1,lof,per_mode,mean_plus_2.0_std,alpha_0.50,0.5,1,0.0,0.0,0.0,0.0,0.0,,,True
lof__per_mode__mean_plus_2.0_std__ewma_alpha_0.50__persistence_3,lof,per_mode,mean_plus_2.0_std,alpha_0.50,0.5,3,0.0,0.0,0.0,0.0,0.0,,,True
lof__per_mode__mean_plus_2.0_std__ewma_alpha_0.50__persistence_5,lof,per_mode,mean_plus_2.0_std,alpha_0.50,0.5,5,0.0,0.0,0.0,0.0,0.0,,,True
lof__per_mode__mean_plus_2.0_std__ewma_alpha_0.50__persistence_8,lof,per_mode,mean_plus_2.0_std,alpha_0.50,0.5,8,0.0,0.0,0.0,0.0,0.0,,,True
lof__per_mode__mean_plus_2.0_std__ewma_alpha_0.80__persistence_1,lof,per_mode,mean_plus_2.0_std,alpha_0.80,0.8,1,0.0,0.0,0.0,0.0,0.0,,,True
lof__per_mode__mean_plus_2.0_std__ewma_alpha_0.80__persistence_3,lof,per_mode,mean_plus_2.0_std,alpha_0.80,0.8,3,0.0,0.0,0.0,0.0,0.0,,,True
lof__per_mode__mean_plus_2.0_std__ewma_alpha_0.80__persistence_5,lof,per_mode,mean_plus_2.0_std,alpha_0.80,0.8,5,0.0,0.0,0.0,0.0,0.0,,,True
lof__per_mode__mean_plus_2.0_std__ewma_alpha_0.80__persistence_8,lof,per_mode,mean_plus_2.0_std,alpha_0.80,0.8,8,0.0,0.0,0.0,0.0,0.0,,,True
one_class_svm__global__quantile_0.900__ewma_off__persistence_1,one_class_svm,global,quantile_0.900,off,,1,0.0,14.743589743589745,451.59335999030657,69.46502057613169,100.0,,,False
one_class_svm__global__quantile_0.900__ewma_off__persistence_3,one_class_svm,global,quantile_0.900,off,,3,0.0,17.94871794871795,367.98739852174964,18.270571827057182,100.0,,,False
one_class_svm__global__quantile_0.900__ewma_off__persistence_5,one_class_svm,global,quantile_0.900,off,,5,0.0,17.94871794871795,338.66472797770507,12.97071129707113,100.0,,,False
one_class_svm__global__quantile_0.900__ewma_off__persistence_8,one_class_svm,global,quantile_0.900,off,,8,0.0,26.28205128205128,305.94935175087846,9.344490934449093,100.0,,,False
one_class_svm__global__quantile_0.900__ewma_alpha_0.20__persistence_1,one_class_svm,global,quantile_0.900,alpha_0.20,0.2,1,0.0,16.666666666666668,374.28813764691625,14.644351464435147,100.0,,,False
one_class_svm__global__quantile_0.900__ewma_alpha_0.20__persistence_3,one_class_svm,global,quantile_0.900,alpha_0.20,0.2,3,0.0,19.871794871794872,350.29686174724344,10.599721059972106,100.0,,,False
one_class_svm__global__quantile_0.900__ewma_alpha_0.20__persistence_5,one_class_svm,global,quantile_0.900,alpha_0.20,0.2,5,0.0,22.435897435897434,331.27347631164423,9.06555090655509,100.0,,,False
one_class_svm__global__quantile_0.900__ewma_alpha_0.20__persistence_8,one_class_svm,global,quantile_0.900,alpha_0.20,0.2,8,0.0,25.64102564102564,304.85883920998424,8.36059614685569,100.0,,,False
one_class_svm__global__quantile_0.900__ewma_alpha_0.50__persistence_1,one_class_svm,global,quantile_0.900,alpha_0.50,0.5,1,0.0,15.384615384615385,408.6998667151339,26.638772663877266,100.0,,,False
one_class_svm__global__quantile_0.900__ewma_alpha_0.50__persistence_3,one_class_svm,global,quantile_0.900,alpha_0.50,0.5,3,0.0,17.94871794871795,369.80491942324005,14.365411436541144,100.0,,,False
one_class_svm__global__quantile_0.900__ewma_alpha_0.50__persistence_5,one_class_svm,global,quantile_0.900,alpha_0.50,0.5,5,0.0,17.94871794871795,345.4501393432691,11.436541143654114,100.0,,,False
one_class_svm__global__quantile_0.900__ewma_alpha_0.50__persistence_8,one_class_svm,global,quantile_0.900,alpha_0.50,0.5,8,0.0,25.0,315.15812431842966,9.208772567551193,100.0,,,False
one_class_svm__global__quantile_0.900__ewma_alpha_0.80__persistence_1,one_class_svm,global,quantile_0.900,alpha_0.80,0.8,1,0.0,14.743589743589745,430.2677814128196,46.91358024691358,100.0,,,False
one_class_svm__global__quantile_0.900__ewma_alpha_0.80__persistence_3,one_class_svm,global,quantile_0.900,alpha_0.80,0.8,3,0.0,17.94871794871795,367.6238943414516,17.15481171548117,100.0,,,False
one_class_svm__global__quantile_0.900__ewma_alpha_0.80__persistence_5,one_class_svm,global,quantile_0.900,alpha_0.80,0.8,5,0.0,17.94871794871795,339.51290439840056,12.552301255230125,100.0,,,False
one_class_svm__global__quantile_0.900__ewma_alpha_0.80__persistence_8,one_class_svm,global,quantile_0.900,alpha_0.80,0.8,8,0.0,25.64102564102564,307.4033684720708,9.205020920502092,100.0,,,False
one_class_svm__global__quantile_0.950__ewma_off__persistence_1,one_class_svm,global,quantile_0.950,off,,1,0.0,19.871794871794872,398.0370774263904,52.016460905349795,100.0,,,False
one_class_svm__global__quantile_0.950__ewma_off__persistence_3,one_class_svm,global,quantile_0.950,off,,3,0.0,21.153846153846153,330.30413183084937,16.736401673640167,100.0,,,False
one_class_svm__global__quantile_0.950__ewma_off__persistence_5,one_class_svm,global,quantile_0.950,off,,5,0.0,23.076923076923077,301.95080576759966,12.412831241283124,100.0,,,False
one_class_svm__global__quantile_0.950__ewma_off__persistence_8,one_class_svm,global,quantile_0.950,off,,8,0.0,28.846153846153843,270.8106143220647,8.507670850767084,100.0,,,False
one_class_svm__global__quantile_0.950__ewma_alpha_0.20__persistence_1,one_class_svm,global,quantile_0.950,alpha_0.20,0.2,1,0.0,24.35897435897436,308.493881012965,10.460251046025105,100.0,,,False
one_class_svm__global__quantile_0.950__ewma_alpha_0.20__persistence_3,one_class_svm,global,quantile_0.950,alpha_0.20,0.2,3,0.0,26.923076923076923,288.86465527686903,9.208772567551193,100.0,,,False
one_class_svm__global__quantile_0.950__ewma_alpha_0.20__persistence_5,one_class_svm,global,quantile_0.950,alpha_0.20,0.2,5,1.9230769230769231,30.128205128205128,270.93178238216404,8.23942808675633,98.07692307692308,6.0,28.0,False
one_class_svm__global__quantile_0.950__ewma_alpha_0.20__persistence_8,one_class_svm,global,quantile_0.950,alpha_0.20,0.2,8,1.9230769230769231,32.69230769230769,247.18284260268993,7.3912516660608265,98.07692307692308,9.0,27.0,False
one_class_svm__global__quantile_0.950__ewma_alpha_0.50__persistence_1,one_class_svm,global,quantile_0.950,alpha_0.50,0.5,1,0.0,17.94871794871795,356.23409669211196,18.688981868898185,100.0,,,False
one_class_svm__global__quantile_0.950__ewma_alpha_0.50__persistence_3,one_class_svm,global,quantile_0.950,alpha_0.50,0.5,3,0.0,20.51282051282051,326.5479219677693,12.97071129707113,100.0,,,False
one_class_svm__global__quantile_0.950__ewma_alpha_0.50__persistence_5,one_class_svm,global,quantile_0.950,alpha_0.50,0.5,5,0.0,25.0,303.8894947291894,10.181311018131101,100.0,,,False
one_class_svm__global__quantile_0.950__ewma_alpha_0.50__persistence_8,one_class_svm,global,quantile_0.950,alpha_0.50,0.5,8,1.9230769230769231,29.487179487179485,276.50551314673453,8.118260026656973,98.07692307692308,3.0,29.0,False
one_class_svm__global__quantile_0.950__ewma_alpha_0.80__persistence_1,one_class_svm,global,quantile_0.950,alpha_0.80,0.8,1,0.0,19.23076923076923,377.5596752695989,31.241283124128312,100.0,,,False
one_class_svm__global__quantile_0.950__ewma_alpha_0.80__persistence_3,one_class_svm,global,quantile_0.950,alpha_0.80,0.8,3,0.0,20.512820512820515,331.6369804919423,15.620641562064156,100.0,,,False
one_class_svm__global__quantile_0.950__ewma_alpha_0.80__persistence_5,one_class_svm,global,quantile_0.950,alpha_0.80,0.8,5,0.0,21.794871794871796,304.9800072700836,11.715481171548117,100.0,,,False
one_class_svm__global__quantile_0.950__ewma_alpha_0.80__persistence_8,one_class_svm,global,quantile_0.950,alpha_0.80,0.8,8,0.0,28.846153846153843,274.93032836544285,8.84526838725312,100.0,,,False
one_class_svm__global__quantile_0.975__ewma_off__persistence_1,one_class_svm,global,quantile_0.975,off,,1,0.0,25.64102564102564,338.42239185750634,43.93305439330544,100.0,,,False
one_class_svm__global__quantile_0.975__ewma_off__persistence_3,one_class_svm,global,quantile_0.975,off,,3,0.0,28.205128205128204,279.89821882951657,14.225941422594142,100.0,,,False
one_class_svm__global__quantile_0.975__ewma_off__persistence_5,one_class_svm,global,quantile_0.975,off,,5,1.9230769230769231,31.41025641025641,255.0587665091482,9.45110868774991,98.07692307692308,4.5,29.5,False
one_class_svm__global__quantile_0.975__ewma_off__persistence_8,one_class_svm,global,quantile_0.975,off,,8,1.9230769230769231,33.333333333333336,228.76529746758754,7.875923906458258,98.07692307692308,6.5,27.0,False
one_class_svm__global__quantile_0.975__ewma_alpha_0.20__persistence_1,one_class_svm,global,quantile_0.975,alpha_0.20,0.2,1,1.9230769230769231,31.41025641025641,249.24269962437901,8.602932267054404,98.07692307692308,7.0,27.0,False
one_class_svm__global__quantile_0.975__ewma_alpha_0.20__persistence_3,one_class_svm,global,quantile_0.975,alpha_0.20,0.2,3,1.9230769230769231,33.97435897435898,233.00617957106508,7.027747485762753,98.07692307692308,8.0,25.0,False
one_class_svm__global__quantile_0.975__ewma_alpha_0.20__persistence_5,one_class_svm,global,quantile_0.975,alpha_0.20,0.2,5,1.9230769230769231,34.61538461538462,218.95068459953956,6.785411365564038,98.07692307692308,9.5,23.5,False
one_class_svm__global__quantile_0.975__ewma_alpha_0.20__persistence_8,one_class_svm,global,quantile_0.975,alpha_0.20,0.2,8,5.769230769230769,42.94871794871795,199.07912274324488,6.4219071852659635,94.23076923076923,8.5,29.5,False
one_class_svm__global__quantile_0.975__ewma_alpha_0.50__persistence_1,one_class_svm,global,quantile_0.975,alpha_0.50,0.5,1,0.0,26.28205128205128,297.8310917242215,15.620641562064156,100.0,,,False
one_class_svm__global__quantile_0.975__ewma_alpha_0.50__persistence_3,one_class_svm,global,quantile_0.975,alpha_0.50,0.5,3,0.0,27.564102564102566,271.65879074276023,9.344490934449093,100.0,,,False
one_class_svm__global__quantile_0.975__ewma_alpha_0.50__persistence_5,one_class_svm,global,quantile_0.975,alpha_0.50,0.5,5,1.9230769230769231,32.69230769230769,253.36241366775718,8.724100327153762,98.07692307692308,4.0,28.0,False
one_class_svm__global__quantile_0.975__ewma_alpha_0.50__persistence_8,one_class_svm,global,quantile_0.975,alpha_0.50,0.5,8,3.8461538461538463,33.97435897435898,228.64412940748818,7.512419726160184,96.15384615384616,7.0,25.5,False
one_class_svm__global__quantile_0.975__ewma_alpha_0.80__persistence_1,one_class_svm,global,quantile_0.975,alpha_0.80,0.8,1,0.0,26.28205128205128,319.6413425421059,27.336122733612275,100.0,,,False
one_class_svm__global__quantile_0.975__ewma_alpha_0.80__persistence_3,one_class_svm,global,quantile_0.975,alpha_0.80,0.8,3,0.0,27.564102564102566,279.050042408821,11.99442119944212,100.0,,,False
one_class_svm__global__quantile_0.975__ewma_alpha_0.80__persistence_5,one_class_svm,global,quantile_0.975,alpha_0.80,0.8,5,1.9230769230769231,31.41025641025641,257.360959651036,9.45110868774991,98.07692307692308,4.5,29.5,False
one_class_svm__global__quantile_0.975__ewma_alpha_0.80__persistence_8,one_class_svm,global,quantile_0.975,alpha_0.80,0.8,8,1.9230769230769231,33.333333333333336,230.70398642917726,8.118260026656973,98.07692307692308,7.0,26.5,False
one_class_svm__global__quantile_0.990__ewma_off__persistence_1,one_class_svm,global,quantile_0.990,off,,1,0.0,36.53846153846154,230.3404822488792,28.17294281729428,100.0,,,False
one_class_svm__global__quantile_0.990__ewma_off__persistence_3,one_class_svm,global,quantile_0.990,off,,3,0.0,39.10256410256411,189.99151823579305,9.32994062765055,100.0,,,False
one_class_svm__global__quantile_0.990__ewma_off__persistence_5,one_class_svm,global,quantile_0.990,off,,5,1.9230769230769231,42.30769230769231,172.6644856415849,7.270083605961468,98.07692307692308,6.0,28.0,False
one_class_svm__global__quantile_0.990__ewma_off__persistence_8,one_class_svm,global,quantile_0.990,off,,8,7.6923076923076925,46.794871794871796,151.82357930449533,6.300739125166606,92.3076923076923,9.0,27.5,False
one_class_svm__global__quantile_0.990__ewma_alpha_0.20__persistence_1,one_class_svm,global,quantile_0.990,alpha_0.20,0.2,1,7.6923076923076925,49.358974358974365,164.06155337453046,6.906579425663395,92.3076923076923,8.5,32.5,False
one_class_svm__global__quantile_0.990__ewma_alpha_0.20__persistence_3,one_class_svm,global,quantile_0.990,alpha_0.20,0.2,3,9.615384615384615,51.28205128205128,150.97540288379983,6.179571065067249,90.38461538461539,9.0,31.0,False
one_class_svm__global__quantile_0.990__ewma_alpha_0.20__persistence_5,one_class_svm,global,quantile_0.990,alpha_0.20,0.2,5,17.307692307692307,53.84615384615385,138.9797649339634,5.452562704471101,82.6923076923077,11.0,29.0,False
one_class_svm__global__quantile_0.990__ewma_alpha_0.20__persistence_8,one_class_svm,global,quantile_0.990,alpha_0.20,0.2,8,19.23076923076923,56.41025641025641,122.86441294074882,5.331394644371744,80.76923076923077,12.0,26.0,False
one_class_svm__global__quantile_0.990__ewma_alpha_0.50__persistence_1,one_class_svm,global,quantile_0.990,alpha_0.50,0.5,1,0.0,37.17948717948718,205.9857021689083,12.964982430631286,100.0,,,False
one_class_svm__global__quantile_0.990__ewma_alpha_0.50__persistence_3,one_class_svm,global,quantile_0.990,alpha_0.50,0.5,3,1.9230769230769231,41.02564102564102,184.17545135102387,7.875923906458258,98.07692307692308,5.5,27.5,False
one_class_svm__global__quantile_0.990__ewma_alpha_0.50__persistence_5,one_class_svm,global,quantile_0.990,alpha_0.50,0.5,5,1.9230769230769231,42.94871794871795,169.02944383860415,7.027747485762753,98.07692307692308,8.0,27.0,False
one_class_svm__global__quantile_0.990__ewma_alpha_0.50__persistence_8,one_class_svm,global,quantile_0.990,alpha_0.50,0.5,8,7.6923076923076925,48.07692307692307,149.15788198230948,6.300739125166606,92.3076923076923,9.0,31.0,False
one_class_svm__global__quantile_0.990__ewma_alpha_0.80__persistence_1,one_class_svm,global,quantile_0.990,alpha_0.80,0.8,1,0.0,37.17948717948718,219.435356839937,19.508057675996607,100.0,,,False
one_class_svm__global__quantile_0.990__ewma_alpha_0.80__persistence_3,one_class_svm,global,quantile_0.990,alpha_0.80,0.8,3,0.0,39.743589743589745,188.17399733430267,8.966436447352478,100.0,,,False
one_class_svm__global__quantile_0.990__ewma_alpha_0.80__persistence_5,one_class_svm,global,quantile_0.990,alpha_0.80,0.8,5,1.9230769230769231,42.30769230769231,171.4528050405913,7.270083605961468,98.07692307692308,7.0,28.0,False
one_class_svm__global__quantile_0.990__ewma_alpha_0.80__persistence_8,one_class_svm,global,quantile_0.990,alpha_0.80,0.8,8,7.6923076923076925,46.794871794871796,150.97540288379983,6.300739125166606,92.3076923076923,9.5,27.5,False
one_class_svm__global__quantile_0.995__ewma_off__persistence_1,one_class_svm,global,quantile_0.995,off,,1,15.384615384615385,62.17948717948718,123.4702532412456,24.96062038046771,98.07692307692308,5.0,35.0,False
one_class_svm__global__quantile_0.995__ewma_off__persistence_3,one_class_svm,global,quantile_0.995,off,,3,17.307692307692307,66.02564102564104,90.51254089422028,6.300739125166606,82.6923076923077,12.5,26.5,False
one_class_svm__global__quantile_0.995__ewma_off__persistence_5,one_class_svm,global,quantile_0.995,off,,5,23.076923076923077,68.58974358974359,78.51690294438386,5.210226584272386,76.92307692307692,15.0,26.0,False
one_class_svm__global__quantile_0.995__ewma_off__persistence_8,one_class_svm,global,quantile_0.995,off,,8,36.53846153846154,75.0,63.73439961226221,4.362050163576881,63.46153846153846,17.0,23.0,False
one_class_svm__global__quantile_0.995__ewma_alpha_0.20__persistence_1,one_class_svm,global,quantile_0.995,alpha_0.20,0.2,1,23.076923076923077,65.38461538461539,95.11692717799588,5.8160668847691745,80.76923076923077,14.0,26.0,False
one_class_svm__global__quantile_0.995__ewma_alpha_0.20__persistence_3,one_class_svm,global,quantile_0.995,alpha_0.20,0.2,3,26.923076923076923,67.3076923076923,84.33296982915303,4.725554343874955,73.07692307692308,15.5,25.0,False
one_class_svm__global__quantile_0.995__ewma_alpha_0.20__persistence_5,one_class_svm,global,quantile_0.995,alpha_0.20,0.2,5,30.76923076923077,70.51282051282051,75.00302920150249,4.362050163576881,69.23076923076923,16.5,24.0,False
one_class_svm__global__quantile_0.995__ewma_alpha_0.20__persistence_8,one_class_svm,global,quantile_0.995,alpha_0.20,0.2,8,34.61538461538461,73.07692307692308,61.91687871077184,4.119714043378165,65.38461538461539,19.0,21.5,False
one_class_svm__global__quantile_0.995__ewma_alpha_0.50__persistence_1,one_class_svm,global,quantile_0.995,alpha_0.50,0.5,1,13.461538461538462,57.6923076923077,113.77680843329698,10.783957348842845,94.23076923076923,9.0,29.0,False
one_class_svm__global__quantile_0.995__ewma_alpha_0.50__persistence_3,one_class_svm,global,quantile_0.995,alpha_0.50,0.5,3,15.384615384615385,61.53846153846155,95.6015994183933,6.179571065067249,86.53846153846153,13.0,28.0,False
one_class_svm__global__quantile_0.995__ewma_alpha_0.50__persistence_5,one_class_svm,global,quantile_0.995,alpha_0.50,0.5,5,21.153846153846153,64.74358974358974,83.96946564885496,4.96789046407367,78.84615384615384,15.0,25.0,False
one_class_svm__global__quantile_0.995__ewma_alpha_0.50__persistence_8,one_class_svm,global,quantile_0.995,alpha_0.50,0.5,8,34.61538461538461,72.43589743589745,70.03513873742881,4.119714043378165,65.38461538461539,18.0,23.0,False
one_class_svm__global__quantile_0.995__ewma_alpha_0.80__persistence_1,one_class_svm,global,quantile_0.995,alpha_0.80,0.8,1,13.461538461538462,60.897435897435905,118.38119471707257,17.08469647400945,98.07692307692308,5.0,32.0,False
one_class_svm__global__quantile_0.995__ewma_alpha_0.80__persistence_3,one_class_svm,global,quantile_0.995,alpha_0.80,0.8,3,15.384615384615385,65.38461538461539,93.29940627650551,6.179571065067249,84.61538461538461,12.5,27.5,False
one_class_svm__global__quantile_0.995__ewma_alpha_0.80__persistence_5,one_class_svm,global,quantile_0.995,alpha_0.80,0.8,5,21.153846153846153,67.94871794871794,81.30376832666909,5.452562704471101,78.84615384615384,15.0,26.0,False
one_class_svm__global__quantile_0.995__ewma_alpha_0.80__persistence_8,one_class_svm,global,quantile_0.995,alpha_0.80,0.8,8,34.61538461538461,73.71794871794872,66.03659275415,4.483218223676239,65.38461538461539,17.0,23.0,False
one_class_svm__global__mean_plus_1.0_std__ewma_off__persistence_1,one_class_svm,global,mean_plus_1.0_std,off,,1,0.0,12.179487179487177,533.8664727977705,92.01646090534979,100.0,,,False
one_class_svm__global__mean_plus_1.0_std__ewma_off__persistence_3,one_class_svm,global,mean_plus_1.0_std,off,,3,0.0,14.102564102564102,426.7539076699382,25.383542538354252,100.0,,,False
one_class_svm__global__mean_plus_1.0_std__ewma_off__persistence_5,one_class_svm,global,mean_plus_1.0_std,off,,5,0.0,16.025641025641026,387.49545619774625,16.178521617852162,100.0,,,False
one_class_svm__global__mean_plus_1.0_std__ewma_off__persistence_8,one_class_svm,global,mean_plus_1.0_std,off,,8,0.0,22.435897435897434,349.08518114624985,11.576011157601116,100.0,,,False
one_class_svm__global__mean_plus_1.0_std__ewma_alpha_0.20__persistence_1,one_class_svm,global,mean_plus_1.0_std,alpha_0.20,0.2,1,0.0,11.538461538461538,471.5860899067006,18.271604938271604,100.0,,,False
one_class_svm__global__mean_plus_1.0_std__ewma_alpha_0.20__persistence_3,one_class_svm,global,mean_plus_1.0_std,alpha_0.20,0.2,3,0.0,12.82051282051282,443.4750999636496,12.831241283124129,100.0,,,False
one_class_svm__global__mean_plus_1.0_std__ewma_alpha_0.20__persistence_5,one_class_svm,global,mean_plus_1.0_std,alpha_0.20,0.2,5,0.0,16.025641025641026,421.42251302556645,11.576011157601116,100.0,,,False
one_class_svm__global__mean_plus_1.0_std__ewma_alpha_0.20__persistence_8,one_class_svm,global,mean_plus_1.0_std,alpha_0.20,0.2,8,0.0,18.589743589743588,390.8881618805283,10.181311018131101,100.0,,,False
one_class_svm__global__mean_plus_1.0_std__ewma_alpha_0.50__persistence_1,one_class_svm,global,mean_plus_1.0_std,alpha_0.50,0.5,1,0.0,10.897435897435898,504.78613837392464,40.0,100.0,,,False
one_class_svm__global__mean_plus_1.0_std__ewma_alpha_0.50__persistence_3,one_class_svm,global,mean_plus_1.0_std,alpha_0.50,0.5,3,0.0,11.538461538461538,451.8356961105053,18.43621399176955,100.0,,,False
one_class_svm__global__mean_plus_1.0_std__ewma_alpha_0.50__persistence_5,one_class_svm,global,mean_plus_1.0_std,alpha_0.50,0.5,5,0.0,14.743589743589743,421.6648491457652,14.644351464435147,100.0,,,False
one_class_svm__global__mean_plus_1.0_std__ewma_alpha_0.50__persistence_8,one_class_svm,global,mean_plus_1.0_std,alpha_0.50,0.5,8,0.0,17.94871794871795,385.9202714164546,11.157601115760112,100.0,,,False
one_class_svm__global__mean_plus_1.0_std__ewma_alpha_0.80__persistence_1,one_class_svm,global,mean_plus_1.0_std,alpha_0.80,0.8,1,0.0,11.538461538461538,520.4168181267418,69.30041152263375,100.0,,,False
one_class_svm__global__mean_plus_1.0_std__ewma_alpha_0.80__persistence_3,one_class_svm,global,mean_plus_1.0_std,alpha_0.80,0.8,3,0.0,12.82051282051282,434.38749545619777,23.570432357043234,100.0,,,False
one_class_svm__global__mean_plus_1.0_std__ewma_alpha_0.80__persistence_5,one_class_svm,global,mean_plus_1.0_std,alpha_0.80,0.8,5,0.0,14.743589743589743,397.43123712589363,15.620641562064156,100.0,,,False
one_class_svm__global__mean_plus_1.0_std__ewma_alpha_0.80__persistence_8,one_class_svm,global,mean_plus_1.0_std,alpha_0.80,0.8,8,0.0,21.153846153846153,360.59614685568886,10.878661087866108,100.0,,,False
one_class_svm__global__mean_plus_1.5_std__ewma_off__persistence_1,one_class_svm,global,mean_plus_1.5_std,off,,1,0.0,16.666666666666668,422.3918575063613,59.75308641975309,100.0,,,False
one_class_svm__global__mean_plus_1.5_std__ewma_off__persistence_3,one_class_svm,global,mean_plus_1.5_std,off,,3,0.0,19.23076923076923,348.9640130861505,16.457461645746164,100.0,,,False
one_class_svm__global__mean_plus_1.5_std__ewma_off__persistence_5,one_class_svm,global,mean_plus_1.5_std,off,,5,0.0,19.871794871794872,321.82236762389437,12.412831241283124,100.0,,,False
one_class_svm__global__mean_plus_1.5_std__ewma_off__persistence_8,one_class_svm,global,mean_plus_1.5_std,off,,8,0.0,26.923076923076923,291.5303525990549,8.368200836820083,100.0,,,False
one_class_svm__global__mean_plus_1.5_std__ewma_alpha_0.20__persistence_1,one_class_svm,global,mean_plus_1.5_std,alpha_0.20,0.2,1,0.0,21.794871794871796,336.1201987156186,12.97071129707113,100.0,,,False
one_class_svm__global__mean_plus_1.5_std__ewma_alpha_0.20__persistence_3,one_class_svm,global,mean_plus_1.5_std,alpha_0.20,0.2,3,0.0,23.717948717948715,313.58293953713803,9.762900976290098,100.0,,,False
one_class_svm__global__mean_plus_1.5_std__ewma_alpha_0.20__persistence_5,one_class_svm,global,mean_plus_1.5_std,alpha_0.20,0.2,5,0.0,26.28205128205128,294.5595541015388,8.724100327153762,100.0,,,False
one_class_svm__global__mean_plus_1.5_std__ewma_alpha_0.20__persistence_8,one_class_svm,global,mean_plus_1.5_std,alpha_0.20,0.2,8,1.9230769230769231,30.76923076923077,269.1142614806737,7.9970919665576155,98.07692307692308,7.0,27.0,False
one_class_svm__global__mean_plus_1.5_std__ewma_alpha_0.50__persistence_1,one_class_svm,global,mean_plus_1.5_std,alpha_0.50,0.5,1,0.0,16.666666666666668,376.59033078880407,21.478382147838214,100.0,,,False
one_class_svm__global__mean_plus_1.5_std__ewma_alpha_0.50__persistence_3,one_class_svm,global,mean_plus_1.5_std,alpha_0.50,0.5,3,0.0,18.589743589743588,343.02677814128197,13.807531380753138,100.0,,,False
one_class_svm__global__mean_plus_1.5_std__ewma_alpha_0.50__persistence_5,one_class_svm,global,mean_plus_1.5_std,alpha_0.50,0.5,5,0.0,21.153846153846153,319.6413425421059,11.576011157601116,100.0,,,False
one_class_svm__global__mean_plus_1.5_std__ewma_alpha_0.50__persistence_8,one_class_svm,global,mean_plus_1.5_std,alpha_0.50,0.5,8,0.0,27.564102564102566,290.1975039379619,8.481764206955047,100.0,,,False
one_class_svm__global__mean_plus_1.5_std__ewma_alpha_0.80__persistence_1,one_class_svm,global,mean_plus_1.5_std,alpha_0.80,0.8,1,0.0,16.666666666666668,399.00642190718526,34.30962343096234,100.0,,,False
one_class_svm__global__mean_plus_1.5_std__ewma_alpha_0.80__persistence_3,one_class_svm,global,mean_plus_1.5_std,alpha_0.80,0.8,3,0.0,19.23076923076923,349.6910214467466,15.341701534170154,100.0,,,False
one_class_svm__global__mean_plus_1.5_std__ewma_alpha_0.80__persistence_5,one_class_svm,global,mean_plus_1.5_std,alpha_0.80,0.8,5,0.0,19.871794871794872,323.6398885253847,12.273361227336123,100.0,,,False
one_class_svm__global__mean_plus_1.5_std__ewma_alpha_0.80__persistence_8,one_class_svm,global,mean_plus_1.5_std,alpha_0.80,0.8,8,0.0,26.923076923076923,293.34787350054523,8.507670850767084,100.0,,,False
one_class_svm__global__mean_plus_2.0_std__ewma_off__persistence_1,one_class_svm,global,mean_plus_2.0_std,off,,1,0.0,0.0,0.0,0.0,0.0,,,True
one_class_svm__global__mean_plus_2.0_std__ewma_off__persistence_3,one_class_svm,global,mean_plus_2.0_std,off,,3,0.0,0.0,0.0,0.0,0.0,,,True
one_class_svm__global__mean_plus_2.0_std__ewma_off__persistence_5,one_class_svm,global,mean_plus_2.0_std,off,,5,0.0,0.0,0.0,0.0,0.0,,,True
one_class_svm__global__mean_plus_2.0_std__ewma_off__persistence_8,one_class_svm,global,mean_plus_2.0_std,off,,8,0.0,0.0,0.0,0.0,0.0,,,True
one_class_svm__global__mean_plus_2.0_std__ewma_alpha_0.20__persistence_1,one_class_svm,global,mean_plus_2.0_std,alpha_0.20,0.2,1,0.0,0.0,0.0,0.0,0.0,,,True
one_class_svm__global__mean_plus_2.0_std__ewma_alpha_0.20__persistence_3,one_class_svm,global,mean_plus_2.0_std,alpha_0.20,0.2,3,0.0,0.0,0.0,0.0,0.0,,,True
one_class_svm__global__mean_plus_2.0_std__ewma_alpha_0.20__persistence_5,one_class_svm,global,mean_plus_2.0_std,alpha_0.20,0.2,5,0.0,0.0,0.0,0.0,0.0,,,True
one_class_svm__global__mean_plus_2.0_std__ewma_alpha_0.20__persistence_8,one_class_svm,global,mean_plus_2.0_std,alpha_0.20,0.2,8,0.0,0.0,0.0,0.0,0.0,,,True
one_class_svm__global__mean_plus_2.0_std__ewma_alpha_0.50__persistence_1,one_class_svm,global,mean_plus_2.0_std,alpha_0.50,0.5,1,0.0,0.0,0.0,0.0,0.0,,,True
one_class_svm__global__mean_plus_2.0_std__ewma_alpha_0.50__persistence_3,one_class_svm,global,mean_plus_2.0_std,alpha_0.50,0.5,3,0.0,0.0,0.0,0.0,0.0,,,True
one_class_svm__global__mean_plus_2.0_std__ewma_alpha_0.50__persistence_5,one_class_svm,global,mean_plus_2.0_std,alpha_0.50,0.5,5,0.0,0.0,0.0,0.0,0.0,,,True
one_class_svm__global__mean_plus_2.0_std__ewma_alpha_0.50__persistence_8,one_class_svm,global,mean_plus_2.0_std,alpha_0.50,0.5,8,0.0,0.0,0.0,0.0,0.0,,,True
one_class_svm__global__mean_plus_2.0_std__ewma_alpha_0.80__persistence_1,one_class_svm,global,mean_plus_2.0_std,alpha_0.80,0.8,1,0.0,0.0,0.0,0.0,0.0,,,True
one_class_svm__global__mean_plus_2.0_std__ewma_alpha_0.80__persistence_3,one_class_svm,global,mean_plus_2.0_std,alpha_0.80,0.8,3,0.0,0.0,0.0,0.0,0.0,,,True
one_class_svm__global__mean_plus_2.0_std__ewma_alpha_0.80__persistence_5,one_class_svm,global,mean_plus_2.0_std,alpha_0.80,0.8,5,0.0,0.0,0.0,0.0,0.0,,,True
one_class_svm__global__mean_plus_2.0_std__ewma_alpha_0.80__persistence_8,one_class_svm,global,mean_plus_2.0_std,alpha_0.80,0.8,8,0.0,0.0,0.0,0.0,0.0,,,True
one_class_svm__per_mode__quantile_0.900__ewma_off__persistence_1,one_class_svm,per_mode,quantile_0.900,off,,1,0.0,14.102564102564102,449.7758390888162,68.64197530864197,100.0,,,False
one_class_svm__per_mode__quantile_0.900__ewma_off__persistence_3,one_class_svm,per_mode,quantile_0.900,off,,3,0.0,17.30769230769231,368.35090270204773,18.270571827057182,100.0,,,False
one_class_svm__per_mode__quantile_0.900__ewma_off__persistence_5,one_class_svm,per_mode,quantile_0.900,off,,5,0.0,17.94871794871795,339.1494002181025,12.691771269177126,100.0,,,False
one_class_svm__per_mode__quantile_0.900__ewma_off__persistence_8,one_class_svm,per_mode,quantile_0.900,off,,8,0.0,25.0,306.6763601114746,9.344490934449093,100.0,,,False
one_class_svm__per_mode__quantile_0.900__ewma_alpha_0.20__persistence_1,one_class_svm,per_mode,quantile_0.900,alpha_0.20,0.2,1,0.0,19.871794871794872,374.4093057070156,20.2231520223152,100.0,,,False
one_class_svm__per_mode__quantile_0.900__ewma_alpha_0.20__persistence_3,one_class_svm,per_mode,quantile_0.900,alpha_0.20,0.2,3,0.0,21.794871794871796,343.02677814128197,12.133891213389122,100.0,,,False
one_class_svm__per_mode__quantile_0.900__ewma_alpha_0.20__persistence_5,one_class_svm,per_mode,quantile_0.900,alpha_0.20,0.2,5,0.0,24.35897435897436,321.0953592632982,10.0418410041841,100.0,,,False
one_class_svm__per_mode__quantile_0.900__ewma_alpha_0.20__persistence_8,one_class_svm,per_mode,quantile_0.900,alpha_0.20,0.2,8,0.0,26.923076923076923,293.10553738034656,8.602932267054404,100.0,,,False
one_class_svm__per_mode__quantile_0.900__ewma_alpha_0.50__persistence_1,one_class_svm,per_mode,quantile_0.900,alpha_0.50,0.5,1,0.0,14.743589743589745,408.0940264146371,27.754532775453278,100.0,,,False
one_class_svm__per_mode__quantile_0.900__ewma_alpha_0.50__persistence_3,one_class_svm,per_mode,quantile_0.900,alpha_0.50,0.5,3,0.0,17.30769230769231,366.8968859808555,14.644351464435147,100.0,,,False
one_class_svm__per_mode__quantile_0.900__ewma_alpha_0.50__persistence_5,one_class_svm,per_mode,quantile_0.900,alpha_0.50,0.5,5,0.0,19.871794871794872,342.0574336604871,11.715481171548117,100.0,,,False
one_class_svm__per_mode__quantile_0.900__ewma_alpha_0.50__persistence_8,one_class_svm,per_mode,quantile_0.900,alpha_0.50,0.5,8,0.0,25.0,311.0384102750515,9.344490934449093,100.0,,,False
one_class_svm__per_mode__quantile_0.900__ewma_alpha_0.80__persistence_1,one_class_svm,per_mode,quantile_0.900,alpha_0.80,0.8,1,0.0,15.384615384615385,429.5407730522234,43.93305439330544,100.0,,,False
one_class_svm__per_mode__quantile_0.900__ewma_alpha_0.80__persistence_3,one_class_svm,per_mode,quantile_0.900,alpha_0.80,0.8,3,0.0,17.30769230769231,369.80491942324005,17.433751743375176,100.0,,,False
one_class_svm__per_mode__quantile_0.900__ewma_alpha_0.80__persistence_5,one_class_svm,per_mode,quantile_0.900,alpha_0.80,0.8,5,0.0,17.94871794871795,341.4515933599903,12.691771269177126,100.0,,,False
one_class_svm__per_mode__quantile_0.900__ewma_alpha_0.80__persistence_8,one_class_svm,per_mode,quantile_0.900,alpha_0.80,0.8,8,0.0,25.0,309.09972131346177,9.344490934449093,100.0,,,False
one_class_svm__per_mode__quantile_0.950__ewma_off__persistence_1,one_class_svm,per_mode,quantile_0.950,off,,1,0.0,17.94871794871795,402.3991275899673,54.97942386831276,100.0,,,False
one_class_svm__per_mode__quantile_0.950__ewma_off__persistence_3,one_class_svm,per_mode,quantile_0.950,off,,3,0.0,20.512820512820515,332.4851569126378,17.15481171548117,100.0,,,False
one_class_svm__per_mode__quantile_0.950__ewma_off__persistence_5,one_class_svm,per_mode,quantile_0.950,off,,5,0.0,21.794871794871796,304.1318308493881,12.273361227336123,100.0,,,False
one_class_svm__per_mode__quantile_0.950__ewma_off__persistence_8,one_class_svm,per_mode,quantile_0.950,off,,8,0.0,28.846153846153843,273.1128074639525,8.647140864714087,100.0,,,False
one_class_svm__per_mode__quantile_0.950__ewma_alpha_0.20__persistence_1,one_class_svm,per_mode,quantile_0.950,alpha_0.20,0.2,1,0.0,23.076923076923077,313.21943535683994,19.525801952580196,100.0,,,False
one_class_svm__per_mode__quantile_0.950__ewma_alpha_0.20__persistence_3,one_class_svm,per_mode,quantile_0.950,alpha_0.20,0.2,3,0.0,26.923076923076923,283.1697564521992,10.056948988246699,100.0,,,False
one_class_svm__per_mode__quantile_0.950__ewma_alpha_0.20__persistence_5,one_class_svm,per_mode,quantile_0.950,alpha_0.20,0.2,5,1.9230769230769231,31.41025641025641,264.5098751968981,8.36059614685569,98.07692307692308,5.0,27.0,False
one_class_svm__per_mode__quantile_0.950__ewma_alpha_0.20__persistence_8,one_class_svm,per_mode,quantile_0.950,alpha_0.20,0.2,8,3.8461538461538463,33.333333333333336,240.76093541742398,7.3912516660608265,96.15384615384616,7.5,24.5,False
one_class_svm__per_mode__quantile_0.950__ewma_alpha_0.50__persistence_1,one_class_svm,per_mode,quantile_0.950,alpha_0.50,0.5,1,0.0,18.589743589743588,359.38446625469527,22.175732217573223,100.0,,,False
one_class_svm__per_mode__quantile_0.950__ewma_alpha_0.50__persistence_3,one_class_svm,per_mode,quantile_0.950,alpha_0.50,0.5,3,0.0,20.51282051282051,325.4574094268751,13.528591352859136,100.0,,,False
one_class_svm__per_mode__quantile_0.950__ewma_alpha_0.50__persistence_5,one_class_svm,per_mode,quantile_0.950,alpha_0.50,0.5,5,0.0,26.28205128205128,302.5566460680964,10.320781032078104,100.0,,,False
one_class_svm__per_mode__quantile_0.950__ewma_alpha_0.50__persistence_8,one_class_svm,per_mode,quantile_0.950,alpha_0.50,0.5,8,1.9230769230769231,30.76923076923077,274.5668241851448,8.23942808675633,98.07692307692308,3.0,29.0,False
one_class_svm__per_mode__quantile_0.950__ewma_alpha_0.80__persistence_1,one_class_svm,per_mode,quantile_0.950,alpha_0.80,0.8,1,0.0,17.94871794871795,380.8312128922816,32.775453277545324,100.0,,,False
one_class_svm__per_mode__quantile_0.950__ewma_alpha_0.80__persistence_3,one_class_svm,per_mode,quantile_0.950,alpha_0.80,0.8,3,0.0,20.51282051282051,333.09099721313464,15.899581589958158,100.0,,,False
one_class_svm__per_mode__quantile_0.950__ewma_alpha_0.80__persistence_5,one_class_svm,per_mode,quantile_0.950,alpha_0.80,0.8,5,0.0,21.794871794871796,306.31285593117656,11.99442119944212,100.0,,,False
one_class_svm__per_mode__quantile_0.950__ewma_alpha_0.80__persistence_8,one_class_svm,per_mode,quantile_0.950,alpha_0.80,0.8,8,0.0,29.487179487179485,275.53616866593967,8.724100327153762,100.0,,,False
one_class_svm__per_mode__quantile_0.975__ewma_off__persistence_1,one_class_svm,per_mode,quantile_0.975,off,,1,0.0,28.205128205128204,329.4559554101539,48.81450488145049,100.0,,,False
one_class_svm__per_mode__quantile_0.975__ewma_off__persistence_3,one_class_svm,per_mode,quantile_0.975,off,,3,0.0,28.205128205128204,262.08651399491094,16.875871687587168,100.0,,,False
one_class_svm__per_mode__quantile_0.975__ewma_off__persistence_5,one_class_svm,per_mode,quantile_0.975,off,,5,1.9230769230769231,32.05128205128205,234.339028232158,10.739191073919107,98.07692307692308,5.0,29.0,False
one_class_svm__per_mode__quantile_0.975__ewma_off__persistence_8,one_class_svm,per_mode,quantile_0.975,off,,8,3.8461538461538463,37.82051282051282,206.228038289107,7.633587786259542,96.15384615384616,4.0,27.0,False
one_class_svm__per_mode__quantile_0.975__ewma_alpha_0.20__persistence_1,one_class_svm,per_mode,quantile_0.975,alpha_0.20,0.2,1,1.9230769230769231,33.97435897435897,243.3054646795105,18.29637707500303,100.0,5.0,27.5,False
one_class_svm__per_mode__quantile_0.975__ewma_alpha_0.20__persistence_3,one_class_svm,per_mode,quantile_0.975,alpha_0.20,0.2,3,1.9230769230769231,39.743589743589745,211.55943293347875,10.905125408942203,98.07692307692308,6.0,29.0,False
one_class_svm__per_mode__quantile_0.975__ewma_alpha_0.20__persistence_5,one_class_svm,per_mode,quantile_0.975,alpha_0.20,0.2,5,5.769230769230769,44.87179487179487,191.2031988367866,8.23942808675633,94.23076923076923,7.5,30.0,False
one_class_svm__per_mode__quantile_0.975__ewma_alpha_0.20__persistence_8,one_class_svm,per_mode,quantile_0.975,alpha_0.20,0.2,8,13.461538461538462,51.28205128205129,168.302435478008,6.543075245365322,86.53846153846153,10.0,30.0,False
one_class_svm__per_mode__quantile_0.975__ewma_alpha_0.50__persistence_1,one_class_svm,per_mode,quantile_0.975,alpha_0.50,0.5,1,0.0,28.846153846153843,292.257360959651,24.825662482566248,100.0,,,False
one_class_svm__per_mode__quantile_0.975__ewma_alpha_0.50__persistence_3,one_class_svm,per_mode,quantile_0.975,alpha_0.50,0.5,3,0.0,30.128205128205128,252.7565733672604,12.133891213389122,100.0,,,False
one_class_svm__per_mode__quantile_0.975__ewma_alpha_0.50__persistence_5,one_class_svm,per_mode,quantile_0.975,alpha_0.50,0.5,5,1.9230769230769231,32.69230769230769,229.85581000848177,9.693444807948625,98.07692307692308,5.0,28.0,False
one_class_svm__per_mode__quantile_0.975__ewma_alpha_0.50__persistence_8,one_class_svm,per_mode,quantile_0.975,alpha_0.50,0.5,8,3.8461538461538463,37.82051282051282,203.07766872652368,7.512419726160184,96.15384615384616,8.0,25.5,False
one_class_svm__per_mode__quantile_0.975__ewma_alpha_0.80__persistence_1,one_class_svm,per_mode,quantile_0.975,alpha_0.80,0.8,1,0.0,27.564102564102566,311.6442505755483,33.47280334728033,100.0,,,False
one_class_svm__per_mode__quantile_0.975__ewma_alpha_0.80__persistence_3,one_class_svm,per_mode,quantile_0.975,alpha_0.80,0.8,3,0.0,27.564102564102566,261.9653459348116,14.08647140864714,100.0,,,False
one_class_svm__per_mode__quantile_0.975__ewma_alpha_0.80__persistence_5,one_class_svm,per_mode,quantile_0.975,alpha_0.80,0.8,5,1.9230769230769231,31.41025641025641,237.12589361444324,9.814612868047982,98.07692307692308,4.5,29.0,False
one_class_svm__per_mode__quantile_0.975__ewma_alpha_0.80__persistence_8,one_class_svm,per_mode,quantile_0.975,alpha_0.80,0.8,8,3.8461538461538463,36.53846153846154,210.5900884526839,7.3912516660608265,96.15384615384616,5.5,26.5,False
one_class_svm__per_mode__quantile_0.990__ewma_off__persistence_1,one_class_svm,per_mode,quantile_0.990,off,,1,0.0,50.0,226.46310432569973,49.678904640736704,100.0,,,False
one_class_svm__per_mode__quantile_0.990__ewma_off__persistence_3,one_class_svm,per_mode,quantile_0.990,off,,3,7.6923076923076925,53.84615384615385,151.82357930449533,17.327032594208166,100.0,3.0,36.0,False
one_class_svm__per_mode__quantile_0.990__ewma_off__persistence_5,one_class_svm,per_mode,quantile_0.990,off,,5,17.307692307692307,59.61538461538462,121.1680600993578,10.783957348842845,94.23076923076923,7.0,32.0,False
one_class_svm__per_mode__quantile_0.990__ewma_off__persistence_8,one_class_svm,per_mode,quantile_0.990,off,,8,21.153846153846153,64.74358974358974,94.02641463710167,6.543075245365322,84.61538461538461,12.0,27.0,False
one_class_svm__per_mode__quantile_0.990__ewma_alpha_0.20__persistence_1,one_class_svm,per_mode,quantile_0.990,alpha_0.20,0.2,1,25.0,64.74358974358974,165.39440203562341,32.47304010662789,96.15384615384616,4.0,33.0,False
one_class_svm__per_mode__quantile_0.990__ewma_alpha_0.20__persistence_3,one_class_svm,per_mode,quantile_0.990,alpha_0.20,0.2,3,28.846153846153847,67.94871794871796,112.80746395250212,14.297831091724222,90.38461538461539,6.5,32.5,False
one_class_svm__per_mode__quantile_0.990__ewma_alpha_0.20__persistence_5,one_class_svm,per_mode,quantile_0.990,alpha_0.20,0.2,5,30.76923076923077,71.15384615384615,86.9986671513389,8.966436447352478,80.76923076923077,7.0,31.0,False
one_class_svm__per_mode__quantile_0.990__ewma_alpha_0.20__persistence_8,one_class_svm,per_mode,quantile_0.990,alpha_0.20,0.2,8,38.46153846153846,75.0,64.70374409305707,5.452562704471101,69.23076923076923,16.0,25.0,False
one_class_svm__per_mode__quantile_0.990__ewma_alpha_0.50__persistence_1,one_class_svm,per_mode,quantile_0.990,alpha_0.50,0.5,1,11.538461538461538,56.41025641025641,200.89664364473524,38.89494729189386,100.0,2.5,34.0,False
one_class_svm__per_mode__quantile_0.990__ewma_alpha_0.50__persistence_3,one_class_svm,per_mode,quantile_0.990,alpha_0.50,0.5,3,15.384615384615385,58.97435897435897,137.16224403247304,17.69053677450624,96.15384615384616,4.0,32.0,False
one_class_svm__per_mode__quantile_0.990__ewma_alpha_0.50__persistence_5,one_class_svm,per_mode,quantile_0.990,alpha_0.50,0.5,5,25.0,66.02564102564104,105.90088452683872,10.299285108445414,86.53846153846153,7.0,30.5,False
one_class_svm__per_mode__quantile_0.990__ewma_alpha_0.50__persistence_8,one_class_svm,per_mode,quantile_0.990,alpha_0.50,0.5,8,32.69230769230769,70.51282051282051,80.21325578577488,6.05840300496789,78.84615384615384,12.0,27.0,False
one_class_svm__per_mode__quantile_0.990__ewma_alpha_0.80__persistence_1,one_class_svm,per_mode,quantile_0.990,alpha_0.80,0.8,1,0.0,50.641025641025635,213.1346177147704,39.37961953229129,100.0,,,False
one_class_svm__per_mode__quantile_0.990__ewma_alpha_0.80__persistence_3,one_class_svm,per_mode,quantile_0.990,alpha_0.80,0.8,3,9.615384615384615,55.12820512820513,149.8848903429056,16.842360353810736,98.07692307692308,5.5,32.5,False
one_class_svm__per_mode__quantile_0.990__ewma_alpha_0.80__persistence_5,one_class_svm,per_mode,quantile_0.990,alpha_0.80,0.8,5,17.307692307692307,60.256410256410255,120.19871561856294,10.662789288743488,90.38461538461539,7.0,34.0,False
one_class_svm__per_mode__quantile_0.990__ewma_alpha_0.80__persistence_8,one_class_svm,per_mode,quantile_0.990,alpha_0.80,0.8,8,21.153846153846153,64.74358974358974,93.05707015630679,6.664243305464679,84.61538461538461,11.0,27.0,False
one_class_svm__per_mode__quantile_0.995__ewma_off__persistence_1,one_class_svm,per_mode,quantile_0.995,off,,1,11.538461538461538,60.256410256410255,174.11850236277718,46.04386283775597,100.0,2.5,35.0,False
one_class_svm__per_mode__quantile_0.995__ewma_off__persistence_3,one_class_svm,per_mode,quantile_0.995,off,,3,15.384615384615385,64.74358974358974,107.9607415485278,12.601478250333212,94.23076923076923,5.0,33.0,False
one_class_svm__per_mode__quantile_0.995__ewma_off__persistence_5,one_class_svm,per_mode,quantile_0.995,off,,5,21.153846153846153,67.3076923076923,86.39282685084211,6.906579425663395,84.61538461538461,10.0,30.0,False
one_class_svm__per_mode__quantile_0.995__ewma_off__persistence_8,one_class_svm,per_mode,quantile_0.995,off,,8,32.69230769230769,72.43589743589745,68.70229007633588,4.604386283775597,69.23076923076923,16.0,24.0,False
one_class_svm__per_mode__quantile_0.995__ewma_alpha_0.20__persistence_1,one_class_svm,per_mode,quantile_0.995,alpha_0.20,0.2,1,28.846153846153847,68.58974358974359,121.04689203925845,29.80734278444202,96.15384615384616,4.0,35.5,False
one_class_svm__per_mode__quantile_0.995__ewma_alpha_0.20__persistence_3,one_class_svm,per_mode,quantile_0.995,alpha_0.20,0.2,3,34.61538461538461,72.43589743589745,76.33587786259542,9.087604507451836,71.15384615384616,14.0,26.0,False
one_class_svm__per_mode__quantile_0.995__ewma_alpha_0.20__persistence_5,one_class_svm,per_mode,quantile_0.995,alpha_0.20,0.2,5,40.38461538461539,76.92307692307692,60.22052586938083,5.694898824669817,65.38461538461539,16.0,24.0,False
one_class_svm__per_mode__quantile_0.995__ewma_alpha_0.20__persistence_8,one_class_svm,per_mode,quantile_0.995,alpha_0.20,0.2,8,46.15384615384615,78.84615384615385,45.80152671755725,3.9985459832788077,55.76923076923077,20.0,21.0,True
one_class_svm__per_mode__quantile_0.995__ewma_alpha_0.50__persistence_1,one_class_svm,per_mode,quantile_0.995,alpha_0.50,0.5,1,19.23076923076923,60.89743589743589,153.39876408578698,35.50224160911184,98.07692307692308,1.0,34.0,False
one_class_svm__per_mode__quantile_0.995__ewma_alpha_0.50__persistence_3,one_class_svm,per_mode,quantile_0.995,alpha_0.50,0.5,3,21.153846153846153,63.461538461538474,100.08481764206955,10.299285108445414,90.38461538461539,8.0,32.0,False
one_class_svm__per_mode__quantile_0.995__ewma_alpha_0.50__persistence_5,one_class_svm,per_mode,quantile_0.995,alpha_0.50,0.5,5,26.923076923076923,69.23076923076923,82.03077668726523,6.179571065067249,78.84615384615384,12.0,26.0,False
one_class_svm__per_mode__quantile_0.995__ewma_alpha_0.50__persistence_8,one_class_svm,per_mode,quantile_0.995,alpha_0.50,0.5,8,36.53846153846154,74.35897435897435,66.52126499454744,4.362050163576881,65.38461538461539,18.0,24.0,False
one_class_svm__per_mode__quantile_0.995__ewma_alpha_0.80__persistence_1,one_class_svm,per_mode,quantile_0.995,alpha_0.80,0.8,1,11.538461538461538,58.97435897435897,160.66884769174845,37.198594450502846,100.0,2.0,34.0,False
one_class_svm__per_mode__quantile_0.995__ewma_alpha_0.80__persistence_3,one_class_svm,per_mode,quantile_0.995,alpha_0.80,0.8,3,17.307692307692307,64.1025641025641,105.29504422634194,10.662789288743488,90.38461538461539,7.0,32.0,False
one_class_svm__per_mode__quantile_0.995__ewma_alpha_0.80__persistence_5,one_class_svm,per_mode,quantile_0.995,alpha_0.80,0.8,5,25.0,68.58974358974359,86.75633103114019,5.937234944868533,80.76923076923077,11.0,26.0,False
one_class_svm__per_mode__quantile_0.995__ewma_alpha_0.80__persistence_8,one_class_svm,per_mode,quantile_0.995,alpha_0.80,0.8,8,32.69230769230769,72.43589743589745,70.88331515812432,4.604386283775597,69.23076923076923,15.0,26.0,False
one_class_svm__per_mode__mean_plus_1.0_std__ewma_off__persistence_1,one_class_svm,per_mode,mean_plus_1.0_std,off,,1,0.0,11.538461538461538,534.1088089179692,89.7119341563786,100.0,,,False
one_class_svm__per_mode__mean_plus_1.0_std__ewma_off__persistence_3,one_class_svm,per_mode,mean_plus_1.0_std,off,,3,0.0,12.82051282051282,431.1159578335151,24.526748971193417,100.0,,,False
one_class_svm__per_mode__mean_plus_1.0_std__ewma_off__persistence_5,one_class_svm,per_mode,mean_plus_1.0_std,off,,5,0.0,15.384615384615385,392.0998424815219,16.178521617852162,100.0,,,False
one_class_svm__per_mode__mean_plus_1.0_std__ewma_off__persistence_8,one_class_svm,per_mode,mean_plus_1.0_std,off,,8,0.0,21.794871794871796,354.0530716103235,11.01813110181311,100.0,,,False
one_class_svm__per_mode__mean_plus_1.0_std__ewma_alpha_0.20__persistence_1,one_class_svm,per_mode,mean_plus_1.0_std,alpha_0.20,0.2,1,0.0,12.82051282051282,472.4342663273961,26.502057613168724,100.0,,,False
one_class_svm__per_mode__mean_plus_1.0_std__ewma_alpha_0.20__persistence_3,one_class_svm,per_mode,mean_plus_1.0_std,alpha_0.20,0.2,3,0.0,14.743589743589745,434.2663273960984,13.668061366806137,100.0,,,False
one_class_svm__per_mode__mean_plus_1.0_std__ewma_alpha_0.20__persistence_5,one_class_svm,per_mode,mean_plus_1.0_std,alpha_0.20,0.2,5,0.0,17.30769230769231,410.88089179692236,11.576011157601116,100.0,,,False
one_class_svm__per_mode__mean_plus_1.0_std__ewma_alpha_0.20__persistence_8,one_class_svm,per_mode,mean_plus_1.0_std,alpha_0.20,0.2,8,0.0,19.871794871794872,380.22537259178483,10.0418410041841,100.0,,,False
one_class_svm__per_mode__mean_plus_1.0_std__ewma_alpha_0.50__persistence_1,one_class_svm,per_mode,mean_plus_1.0_std,alpha_0.50,0.5,1,0.0,10.256410256410257,501.27226463104324,40.16460905349794,100.0,,,False
one_class_svm__per_mode__mean_plus_1.0_std__ewma_alpha_0.50__persistence_3,one_class_svm,per_mode,mean_plus_1.0_std,alpha_0.50,0.5,3,0.0,10.897435897435898,447.83715012722644,19.588477366255145,100.0,,,False
one_class_svm__per_mode__mean_plus_1.0_std__ewma_alpha_0.50__persistence_5,one_class_svm,per_mode,mean_plus_1.0_std,alpha_0.50,0.5,5,0.0,14.743589743589743,417.0604628619896,14.644351464435147,100.0,,,False
one_class_svm__per_mode__mean_plus_1.0_std__ewma_alpha_0.50__persistence_8,one_class_svm,per_mode,mean_plus_1.0_std,alpha_0.50,0.5,8,0.0,17.94871794871795,382.0428934932752,11.157601115760112,100.0,,,False
one_class_svm__per_mode__mean_plus_1.0_std__ewma_alpha_0.80__persistence_1,one_class_svm,per_mode,mean_plus_1.0_std,alpha_0.80,0.8,1,0.0,11.538461538461538,522.1131709681327,66.0082304526749,100.0,,,False
one_class_svm__per_mode__mean_plus_1.0_std__ewma_alpha_0.80__persistence_3,one_class_svm,per_mode,mean_plus_1.0_std,alpha_0.80,0.8,3,0.0,12.82051282051282,441.4152429419605,23.374485596707817,100.0,,,False
one_class_svm__per_mode__mean_plus_1.0_std__ewma_alpha_0.80__persistence_5,one_class_svm,per_mode,mean_plus_1.0_std,alpha_0.80,0.8,5,0.0,15.384615384615385,405.06482491215314,15.760111576011157,100.0,,,False
one_class_svm__per_mode__mean_plus_1.0_std__ewma_alpha_0.80__persistence_8,one_class_svm,per_mode,mean_plus_1.0_std,alpha_0.80,0.8,8,0.0,19.23076923076923,367.86623046165033,10.878661087866108,100.0,,,False
one_class_svm__per_mode__mean_plus_1.5_std__ewma_off__persistence_1,one_class_svm,per_mode,mean_plus_1.5_std,off,,1,0.0,21.794871794871796,402.3991275899673,67.48971193415638,100.0,,,False
one_class_svm__per_mode__mean_plus_1.5_std__ewma_off__persistence_3,one_class_svm,per_mode,mean_plus_1.5_std,off,,3,0.0,24.35897435897436,314.79462013813156,20.92050209205021,100.0,,,False
one_class_svm__per_mode__mean_plus_1.5_std__ewma_off__persistence_5,one_class_svm,per_mode,mean_plus_1.5_std,off,,5,1.9230769230769231,26.28205128205128,279.4135465891191,14.225941422594142,100.0,4.5,31.0,False
one_class_svm__per_mode__mean_plus_1.5_std__ewma_off__persistence_8,one_class_svm,per_mode,mean_plus_1.5_std,off,,8,1.9230769230769231,32.05128205128205,242.9419604992124,9.45110868774991,98.07692307692308,4.5,27.0,False
one_class_svm__per_mode__mean_plus_1.5_std__ewma_alpha_0.20__persistence_1,one_class_svm,per_mode,mean_plus_1.5_std,alpha_0.20,0.2,1,0.0,29.487179487179485,324.73040106627894,36.68061366806137,100.0,,,False
one_class_svm__per_mode__mean_plus_1.5_std__ewma_alpha_0.20__persistence_3,one_class_svm,per_mode,mean_plus_1.5_std,alpha_0.20,0.2,3,0.0,32.05128205128205,266.5697322185872,17.99163179916318,100.0,,,False
one_class_svm__per_mode__mean_plus_1.5_std__ewma_alpha_0.20__persistence_5,one_class_svm,per_mode,mean_plus_1.5_std,alpha_0.20,0.2,5,3.8461538461538463,37.17948717948718,234.21786017205864,12.601478250333212,98.07692307692308,4.5,29.5,False
one_class_svm__per_mode__mean_plus_1.5_std__ewma_alpha_0.20__persistence_8,one_class_svm,per_mode,mean_plus_1.5_std,alpha_0.20,0.2,8,3.8461538461538463,41.02564102564102,201.13897976493396,8.36059614685569,96.15384615384616,5.0,30.0,False
one_class_svm__per_mode__mean_plus_1.5_std__ewma_alpha_0.50__persistence_1,one_class_svm,per_mode,mean_plus_1.5_std,alpha_0.50,0.5,1,0.0,24.35897435897436,362.65600387737794,38.49372384937239,100.0,,,False
one_class_svm__per_mode__mean_plus_1.5_std__ewma_alpha_0.50__persistence_3,one_class_svm,per_mode,mean_plus_1.5_std,alpha_0.50,0.5,3,0.0,26.28205128205128,303.404822488792,19.804741980474198,100.0,,,False
one_class_svm__per_mode__mean_plus_1.5_std__ewma_alpha_0.50__persistence_5,one_class_svm,per_mode,mean_plus_1.5_std,alpha_0.50,0.5,5,1.9230769230769231,28.84615384615385,268.9930934205743,12.964982430631286,100.0,4.0,30.0,False
one_class_svm__per_mode__mean_plus_1.5_std__ewma_alpha_0.50__persistence_8,one_class_svm,per_mode,mean_plus_1.5_std,alpha_0.50,0.5,8,1.9230769230769231,32.692307692307686,235.5507088331516,8.481764206955047,98.07692307692308,7.0,26.0,False
one_class_svm__per_mode__mean_plus_1.5_std__ewma_alpha_0.80__persistence_1,one_class_svm,per_mode,mean_plus_1.5_std,alpha_0.80,0.8,1,0.0,23.076923076923077,383.7392463346662,51.18549511854951,100.0,,,False
one_class_svm__per_mode__mean_plus_1.5_std__ewma_alpha_0.80__persistence_3,one_class_svm,per_mode,mean_plus_1.5_std,alpha_0.80,0.8,3,0.0,25.64102564102564,311.2807463952502,21.05997210599721,100.0,,,False
one_class_svm__per_mode__mean_plus_1.5_std__ewma_alpha_0.80__persistence_5,one_class_svm,per_mode,mean_plus_1.5_std,alpha_0.80,0.8,5,1.9230769230769231,28.205128205128204,275.8996728462377,13.249651324965132,100.0,4.5,30.0,False
one_class_svm__per_mode__mean_plus_1.5_std__ewma_alpha_0.80__persistence_8,one_class_svm,per_mode,mean_plus_1.5_std,alpha_0.80,0.8,8,1.9230769230769231,32.69230769230769,241.12443959772204,9.087604507451836,98.07692307692308,5.0,27.0,False
one_class_svm__per_mode__mean_plus_2.0_std__ewma_off__persistence_1,one_class_svm,per_mode,mean_plus_2.0_std,off,,1,0.0,0.0,0.0,0.0,0.0,,,True
one_class_svm__per_mode__mean_plus_2.0_std__ewma_off__persistence_3,one_class_svm,per_mode,mean_plus_2.0_std,off,,3,0.0,0.0,0.0,0.0,0.0,,,True
one_class_svm__per_mode__mean_plus_2.0_std__ewma_off__persistence_5,one_class_svm,per_mode,mean_plus_2.0_std,off,,5,0.0,0.0,0.0,0.0,0.0,,,True
one_class_svm__per_mode__mean_plus_2.0_std__ewma_off__persistence_8,one_class_svm,per_mode,mean_plus_2.0_std,off,,8,0.0,0.0,0.0,0.0,0.0,,,True
one_class_svm__per_mode__mean_plus_2.0_std__ewma_alpha_0.20__persistence_1,one_class_svm,per_mode,mean_plus_2.0_std,alpha_0.20,0.2,1,0.0,0.0,0.0,0.0,0.0,,,True
one_class_svm__per_mode__mean_plus_2.0_std__ewma_alpha_0.20__persistence_3,one_class_svm,per_mode,mean_plus_2.0_std,alpha_0.20,0.2,3,0.0,0.0,0.0,0.0,0.0,,,True
one_class_svm__per_mode__mean_plus_2.0_std__ewma_alpha_0.20__persistence_5,one_class_svm,per_mode,mean_plus_2.0_std,alpha_0.20,0.2,5,0.0,0.0,0.0,0.0,0.0,,,True
one_class_svm__per_mode__mean_plus_2.0_std__ewma_alpha_0.20__persistence_8,one_class_svm,per_mode,mean_plus_2.0_std,alpha_0.20,0.2,8,0.0,0.0,0.0,0.0,0.0,,,True
one_class_svm__per_mode__mean_plus_2.0_std__ewma_alpha_0.50__persistence_1,one_class_svm,per_mode,mean_plus_2.0_std,alpha_0.50,0.5,1,0.0,0.0,0.0,0.0,0.0,,,True
one_class_svm__per_mode__mean_plus_2.0_std__ewma_alpha_0.50__persistence_3,one_class_svm,per_mode,mean_plus_2.0_std,alpha_0.50,0.5,3,0.0,0.0,0.0,0.0,0.0,,,True
one_class_svm__per_mode__mean_plus_2.0_std__ewma_alpha_0.50__persistence_5,one_class_svm,per_mode,mean_plus_2.0_std,alpha_0.50,0.5,5,0.0,0.0,0.0,0.0,0.0,,,True
one_class_svm__per_mode__mean_plus_2.0_std__ewma_alpha_0.50__persistence_8,one_class_svm,per_mode,mean_plus_2.0_std,alpha_0.50,0.5,8,0.0,0.0,0.0,0.0,0.0,,,True
one_class_svm__per_mode__mean_plus_2.0_std__ewma_alpha_0.80__persistence_1,one_class_svm,per_mode,mean_plus_2.0_std,alpha_0.80,0.8,1,0.0,0.0,0.0,0.0,0.0,,,True
one_class_svm__per_mode__mean_plus_2.0_std__ewma_alpha_0.80__persistence_3,one_class_svm,per_mode,mean_plus_2.0_std,alpha_0.80,0.8,3,0.0,0.0,0.0,0.0,0.0,,,True
one_class_svm__per_mode__mean_plus_2.0_std__ewma_alpha_0.80__persistence_5,one_class_svm,per_mode,mean_plus_2.0_std,alpha_0.80,0.8,5,0.0,0.0,0.0,0.0,0.0,,,True
one_class_svm__per_mode__mean_plus_2.0_std__ewma_alpha_0.80__persistence_8,one_class_svm,per_mode,mean_plus_2.0_std,alpha_0.80,0.8,8,0.0,0.0,0.0,0.0,0.0,,,True
isolation_forest__global__quantile_0.900__ewma_off__persistence_1,isolation_forest,global,quantile_0.900,off,,1,0.0,19.871794871794872,408.8210347752333,43.65411436541144,100.0,,,False
isolation_forest__global__quantile_0.900__ewma_off__persistence_3,isolation_forest,global,quantile_0.900,off,,3,0.0,23.717948717948715,350.4180298073428,17.01534170153417,100.0,,,False
isolation_forest__global__quantile_0.900__ewma_off__persistence_5,isolation_forest,global,quantile_0.900,off,,5,0.0,25.0,322.1858718041924,11.297071129707113,100.0,,,False
isolation_forest__global__quantile_0.900__ewma_off__persistence_8,isolation_forest,global,quantile_0.900,off,,8,0.0,28.205128205128204,292.86320126014783,8.23942808675633,100.0,,,False
isolation_forest__global__quantile_0.900__ewma_alpha_0.20__persistence_1,isolation_forest,global,quantile_0.900,alpha_0.20,0.2,1,0.0,21.794871794871796,363.14067611777534,10.739191073919107,100.0,,,False
isolation_forest__global__quantile_0.900__ewma_alpha_0.20__persistence_3,isolation_forest,global,quantile_0.900,alpha_0.20,0.2,3,0.0,23.71794871794872,343.63261844177873,8.368200836820083,100.0,,,False
isolation_forest__global__quantile_0.900__ewma_alpha_0.20__persistence_5,isolation_forest,global,quantile_0.900,alpha_0.20,0.2,5,0.0,26.923076923076923,327.0325942081667,8.118260026656973,100.0,,,False
isolation_forest__global__quantile_0.900__ewma_alpha_0.20__persistence_8,isolation_forest,global,quantile_0.900,alpha_0.20,0.2,8,0.0,28.846153846153843,303.2836544286926,7.7547558463589,100.0,,,False
isolation_forest__global__quantile_0.900__ewma_alpha_0.50__persistence_1,isolation_forest,global,quantile_0.900,alpha_0.50,0.5,1,0.0,17.94871794871795,387.01078395734885,18.410041841004183,100.0,,,False
isolation_forest__global__quantile_0.900__ewma_alpha_0.50__persistence_3,isolation_forest,global,quantile_0.900,alpha_0.50,0.5,3,0.0,21.794871794871796,357.5669453532049,11.715481171548117,100.0,,,False
isolation_forest__global__quantile_0.900__ewma_alpha_0.50__persistence_5,isolation_forest,global,quantile_0.900,alpha_0.50,0.5,5,0.0,23.076923076923077,336.604870956016,8.786610878661088,100.0,,,False
isolation_forest__global__quantile_0.900__ewma_alpha_0.50__persistence_8,isolation_forest,global,quantile_0.900,alpha_0.50,0.5,8,0.0,26.923076923076923,311.4019144553496,8.118260026656973,100.0,,,False
isolation_forest__global__quantile_0.900__ewma_alpha_0.80__persistence_1,isolation_forest,global,quantile_0.900,alpha_0.80,0.8,1,0.0,19.23076923076923,399.6122622076821,31.380753138075313,100.0,,,False
isolation_forest__global__quantile_0.900__ewma_alpha_0.80__persistence_3,isolation_forest,global,quantile_0.900,alpha_0.80,0.8,3,0.0,22.435897435897434,353.5683993699261,15.620641562064156,100.0,,,False
isolation_forest__global__quantile_0.900__ewma_alpha_0.80__persistence_5,isolation_forest,global,quantile_0.900,alpha_0.80,0.8,5,0.0,24.35897435897436,327.15376226826606,11.01813110181311,100.0,,,False
isolation_forest__global__quantile_0.900__ewma_alpha_0.80__persistence_8,isolation_forest,global,quantile_0.900,alpha_0.80,0.8,8,0.0,28.205128205128204,297.8310917242215,8.602932267054404,100.0,,,False
isolation_forest__global__quantile_0.950__ewma_off__persistence_1,isolation_forest,global,quantile_0.950,off,,1,0.0,25.64102564102564,348.9640130861505,33.89121338912134,100.0,,,False
isolation_forest__global__quantile_0.950__ewma_off__persistence_3,isolation_forest,global,quantile_0.950,off,,3,0.0,26.923076923076923,300.25445292620867,12.97071129707113,100.0,,,False
isolation_forest__global__quantile_0.950__ewma_off__persistence_5,isolation_forest,global,quantile_0.950,off,,5,0.0,28.846153846153843,277.1113534472313,8.84526838725312,100.0,,,False
isolation_forest__global__quantile_0.950__ewma_off__persistence_8,isolation_forest,global,quantile_0.950,off,,8,0.0,31.41025641025641,252.1507330667636,7.148915545862111,100.0,,,False
isolation_forest__global__quantile_0.950__ewma_alpha_0.20__persistence_1,isolation_forest,global,quantile_0.950,alpha_0.20,0.2,1,0.0,28.205128205128204,296.86174724342663,9.32994062765055,100.0,,,False
isolation_forest__global__quantile_0.950__ewma_alpha_0.20__persistence_3,isolation_forest,global,quantile_0.950,alpha_0.20,0.2,3,0.0,29.487179487179485,279.1712104689204,8.118260026656973,100.0,,,False
isolation_forest__global__quantile_0.950__ewma_alpha_0.20__persistence_5,isolation_forest,global,quantile_0.950,alpha_0.20,0.2,5,0.0,32.69230769230769,263.4193626560039,7.3912516660608265,100.0,,,False
isolation_forest__global__quantile_0.950__ewma_alpha_0.20__persistence_8,isolation_forest,global,quantile_0.950,alpha_0.20,0.2,8,1.9230769230769231,36.53846153846154,241.85144795831818,6.664243305464679,98.07692307692308,10.0,26.0,False
isolation_forest__global__quantile_0.950__ewma_alpha_0.50__persistence_1,isolation_forest,global,quantile_0.950,alpha_0.50,0.5,1,0.0,25.64102564102564,328.486610929359,16.457461645746164,100.0,,,False
isolation_forest__global__quantile_0.950__ewma_alpha_0.50__persistence_3,isolation_forest,global,quantile_0.950,alpha_0.50,0.5,3,0.0,25.64102564102564,300.7391251666061,10.460251046025105,100.0,,,False
isolation_forest__global__quantile_0.950__ewma_alpha_0.50__persistence_5,isolation_forest,global,quantile_0.950,alpha_0.50,0.5,5,0.0,27.564102564102566,280.98873137041073,8.23942808675633,100.0,,,False
isolation_forest__global__quantile_0.950__ewma_alpha_0.50__persistence_8,isolation_forest,global,quantile_0.950,alpha_0.50,0.5,8,0.0,30.76923076923077,257.360959651036,7.148915545862111,100.0,,,False
isolation_forest__global__quantile_0.950__ewma_alpha_0.80__persistence_1,isolation_forest,global,quantile_0.950,alpha_0.80,0.8,1,0.0,25.0,340.72458499939415,25.383542538354252,100.0,,,False
isolation_forest__global__quantile_0.950__ewma_alpha_0.80__persistence_3,isolation_forest,global,quantile_0.950,alpha_0.80,0.8,3,0.0,25.64102564102564,301.10262934690417,12.552301255230125,100.0,,,False
isolation_forest__global__quantile_0.950__ewma_alpha_0.80__persistence_5,isolation_forest,global,quantile_0.950,alpha_0.80,0.8,5,0.0,27.564102564102566,278.44420210832425,8.92608089260809,100.0,,,False
isolation_forest__global__quantile_0.950__ewma_alpha_0.80__persistence_8,isolation_forest,global,quantile_0.950,alpha_0.80,0.8,8,0.0,30.76923076923077,253.96825396825398,6.906579425663395,100.0,,,False
isolation_forest__global__quantile_0.975__ewma_off__persistence_1,isolation_forest,global,quantile_0.975,off,,1,0.0,29.487179487179485,310.4325699745547,30.82287308228731,100.0,,,False
isolation_forest__global__quantile_0.975__ewma_off__persistence_3,isolation_forest,global,quantile_0.975,off,,3,0.0,32.05128205128205,266.2062280382891,11.753301829637708,100.0,,,False
isolation_forest__global__quantile_0.975__ewma_off__persistence_5,isolation_forest,global,quantile_0.975,off,,5,0.0,33.333333333333336,244.51714528050405,9.208772567551193,100.0,,,False
isolation_forest__global__quantile_0.975__ewma_off__persistence_8,isolation_forest,global,quantile_0.975,off,,8,1.9230769230769231,37.82051282051282,218.34484429904276,7.633587786259542,98.07692307692308,7.0,29.0,False
isolation_forest__global__quantile_0.975__ewma_alpha_0.20__persistence_1,isolation_forest,global,quantile_0.975,alpha_0.20,0.2,1,0.0,33.97435897435898,252.7565733672604,7.512419726160184,100.0,,,False
isolation_forest__global__quantile_0.975__ewma_alpha_0.20__persistence_3,isolation_forest,global,quantile_0.975,alpha_0.20,0.2,3,0.0,37.820512820512825,237.85290197503937,7.027747485762753,100.0,,,False
isolation_forest__global__quantile_0.975__ewma_alpha_0.20__persistence_5,isolation_forest,global,quantile_0.975,alpha_0.20,0.2,5,1.9230769230769231,39.1025641025641,224.16091118381195,6.543075245365322,98.07692307692308,7.0,27.0,False
isolation_forest__global__quantile_0.975__ewma_alpha_0.20__persistence_8,isolation_forest,global,quantile_0.975,alpha_0.20,0.2,8,5.769230769230769,42.94871794871795,204.89518962801407,6.179571065067249,94.23076923076923,9.0,26.0,False
isolation_forest__global__quantile_0.975__ewma_alpha_0.50__persistence_1,isolation_forest,global,quantile_0.975,alpha_0.50,0.5,1,0.0,28.84615384615385,287.7741427359748,12.273361227336123,100.0,,,False
isolation_forest__global__quantile_0.975__ewma_alpha_0.50__persistence_3,isolation_forest,global,quantile_0.975,alpha_0.50,0.5,3,0.0,32.05128205128205,265.842723857991,8.602932267054404,100.0,,,False
isolation_forest__global__quantile_0.975__ewma_alpha_0.50__persistence_5,isolation_forest,global,quantile_0.975,alpha_0.50,0.5,5,0.0,33.97435897435898,249.00036350418029,7.875923906458258,100.0,,,False
isolation_forest__global__quantile_0.975__ewma_alpha_0.50__persistence_8,isolation_forest,global,quantile_0.975,alpha_0.50,0.5,8,0.0,37.17948717948718,225.85726402520297,7.3912516660608265,100.0,,,False
isolation_forest__global__quantile_0.975__ewma_alpha_0.80__persistence_1,isolation_forest,global,quantile_0.975,alpha_0.80,0.8,1,0.0,29.487179487179485,300.9814612868048,21.896792189679218,100.0,,,False
isolation_forest__global__quantile_0.975__ewma_alpha_0.80__persistence_3,isolation_forest,global,quantile_0.975,alpha_0.80,0.8,3,0.0,32.05128205128205,267.0544044589846,11.157601115760112,100.0,,,False
isolation_forest__global__quantile_0.975__ewma_alpha_0.80__persistence_5,isolation_forest,global,quantile_0.975,alpha_0.80,0.8,5,0.0,33.97435897435898,246.21349812189507,9.32994062765055,100.0,,,False
isolation_forest__global__quantile_0.975__ewma_alpha_0.80__persistence_8,isolation_forest,global,quantile_0.975,alpha_0.80,0.8,8,0.0,37.17948717948718,219.67769296013572,7.9970919665576155,100.0,,,False
isolation_forest__global__quantile_0.990__ewma_off__persistence_1,isolation_forest,global,quantile_0.990,off,,1,0.0,36.53846153846154,265.72155579789165,29.846582984658298,100.0,,,False
isolation_forest__global__quantile_0.990__ewma_off__persistence_3,isolation_forest,global,quantile_0.990,off,,3,0.0,39.743589743589745,220.16236520053315,12.359142130134497,100.0,,,False
isolation_forest__global__quantile_0.990__ewma_off__persistence_5,isolation_forest,global,quantile_0.990,off,,5,1.9230769230769231,42.94871794871795,197.8674421422513,8.966436447352478,98.07692307692308,6.0,32.0,False
isolation_forest__global__quantile_0.990__ewma_off__persistence_8,isolation_forest,global,quantile_0.990,off,,8,3.8461538461538463,46.794871794871796,172.42214952138616,7.3912516660608265,96.15384615384616,7.0,29.0,False
isolation_forest__global__quantile_0.990__ewma_alpha_0.20__persistence_1,isolation_forest,global,quantile_0.990,alpha_0.20,0.2,1,1.9230769230769231,42.30769230769231,202.4718284260269,7.9970919665576155,98.07692307692308,7.0,29.0,False
isolation_forest__global__quantile_0.990__ewma_alpha_0.20__persistence_3,isolation_forest,global,quantile_0.990,alpha_0.20,0.2,3,5.769230769230769,44.230769230769226,187.44698897370654,6.785411365564038,94.23076923076923,8.5,27.5,False
isolation_forest__global__quantile_0.990__ewma_alpha_0.20__persistence_5,isolation_forest,global,quantile_0.990,alpha_0.20,0.2,5,11.538461538461538,48.71794871794871,173.87616624257845,6.4219071852659635,88.46153846153847,10.0,28.0,False
isolation_forest__global__quantile_0.990__ewma_alpha_0.20__persistence_8,isolation_forest,global,quantile_0.990,alpha_0.20,0.2,8,19.23076923076923,53.84615384615385,155.45862110747606,5.8160668847691745,80.76923076923077,13.0,25.0,False
isolation_forest__global__quantile_0.990__ewma_alpha_0.50__persistence_1,isolation_forest,global,quantile_0.990,alpha_0.50,0.5,1,0.0,36.53846153846154,243.66896885980856,14.782503332121653,100.0,,,False
isolation_forest__global__quantile_0.990__ewma_alpha_0.50__persistence_3,isolation_forest,global,quantile_0.990,alpha_0.50,0.5,3,0.0,38.46153846153846,217.61783593844663,9.693444807948625,100.0,,,False
isolation_forest__global__quantile_0.990__ewma_alpha_0.50__persistence_5,isolation_forest,global,quantile_0.990,alpha_0.50,0.5,5,1.9230769230769231,41.02564102564103,199.20029080334425,8.23942808675633,98.07692307692308,7.0,28.0,False
isolation_forest__global__quantile_0.990__ewma_alpha_0.50__persistence_8,isolation_forest,global,quantile_0.990,alpha_0.50,0.5,8,3.8461538461538463,46.794871794871796,175.2090149036714,7.633587786259542,96.15384615384616,8.0,28.0,False
isolation_forest__global__quantile_0.990__ewma_alpha_0.80__persistence_1,isolation_forest,global,quantile_0.990,alpha_0.80,0.8,1,0.0,35.8974358974359,256.02811098994306,21.617852161785216,100.0,,,False
isolation_forest__global__quantile_0.990__ewma_alpha_0.80__persistence_3,isolation_forest,global,quantile_0.990,alpha_0.80,0.8,3,0.0,39.102564102564095,219.92002908033442,11.147461529140918,100.0,,,False
isolation_forest__global__quantile_0.990__ewma_alpha_0.80__persistence_5,isolation_forest,global,quantile_0.990,alpha_0.80,0.8,5,1.9230769230769231,41.666666666666664,199.44262692354295,8.724100327153762,98.07692307692308,6.0,31.0,False
isolation_forest__global__quantile_0.990__ewma_alpha_0.80__persistence_8,isolation_forest,global,quantile_0.990,alpha_0.80,0.8,8,3.8461538461538463,46.794871794871796,174.36083848297588,7.512419726160184,96.15384615384616,7.5,29.5,False
isolation_forest__global__quantile_0.995__ewma_off__persistence_1,isolation_forest,global,quantile_0.995,off,,1,0.0,40.38461538461539,241.2456076578214,29.201502483945234,100.0,,,False
isolation_forest__global__quantile_0.995__ewma_off__persistence_3,isolation_forest,global,quantile_0.995,off,,3,0.0,44.230769230769226,196.89809766145643,11.389797649339634,100.0,,,False
isolation_forest__global__quantile_0.995__ewma_off__persistence_5,isolation_forest,global,quantile_0.995,off,,5,1.9230769230769231,48.07692307692307,175.4513510238701,8.602932267054404,98.07692307692308,6.0,30.5,False
isolation_forest__global__quantile_0.995__ewma_off__persistence_8,isolation_forest,global,quantile_0.995,off,,8,5.769230769230769,50.64102564102564,151.3389070640979,6.785411365564038,94.23076923076923,9.0,28.5,False
isolation_forest__global__quantile_0.995__ewma_alpha_0.20__persistence_1,isolation_forest,global,quantile_0.995,alpha_0.20,0.2,1,7.6923076923076925,50.0,165.03089785532535,7.633587786259542,92.3076923076923,9.0,29.0,False
isolation_forest__global__quantile_0.995__ewma_alpha_0.20__persistence_3,isolation_forest,global,quantile_0.995,alpha_0.20,0.2,3,17.307692307692307,55.12820512820512,150.97540288379983,5.937234944868533,82.6923076923077,10.5,29.0,False
isolation_forest__global__quantile_0.995__ewma_alpha_0.20__persistence_5,isolation_forest,global,quantile_0.995,alpha_0.20,0.2,5,19.23076923076923,56.41025641025641,139.10093299406276,5.8160668847691745,80.76923076923077,12.5,27.0,False
isolation_forest__global__quantile_0.995__ewma_alpha_0.20__persistence_8,isolation_forest,global,quantile_0.995,alpha_0.20,0.2,8,19.23076923076923,57.6923076923077,122.13740458015268,5.452562704471101,80.76923076923077,15.0,26.0,False
isolation_forest__global__quantile_0.995__ewma_alpha_0.50__persistence_1,isolation_forest,global,quantile_0.995,alpha_0.50,0.5,1,0.0,38.46153846153846,213.01344965467104,12.72264631043257,100.0,,,False
isolation_forest__global__quantile_0.995__ewma_alpha_0.50__persistence_3,isolation_forest,global,quantile_0.995,alpha_0.50,0.5,3,1.9230769230769231,45.51282051282052,190.35502241609112,8.966436447352478,98.07692307692308,5.0,31.0,False
isolation_forest__global__quantile_0.995__ewma_alpha_0.50__persistence_5,isolation_forest,global,quantile_0.995,alpha_0.50,0.5,5,1.9230769230769231,47.43589743589743,173.14915788198232,7.7547558463589,98.07692307692308,7.0,30.0,False
isolation_forest__global__quantile_0.995__ewma_alpha_0.50__persistence_8,isolation_forest,global,quantile_0.995,alpha_0.50,0.5,8,7.6923076923076925,51.92307692307693,150.97540288379983,6.664243305464679,92.3076923076923,9.0,28.0,False
isolation_forest__global__quantile_0.995__ewma_alpha_0.80__persistence_1,isolation_forest,global,quantile_0.995,alpha_0.80,0.8,1,0.0,39.10256410256411,229.85581000848177,19.87156185629468,100.0,,,False
isolation_forest__global__quantile_0.995__ewma_alpha_0.80__persistence_3,isolation_forest,global,quantile_0.995,alpha_0.80,0.8,3,0.0,42.94871794871795,197.0192657215558,10.783957348842845,100.0,,,False
isolation_forest__global__quantile_0.995__ewma_alpha_0.80__persistence_5,isolation_forest,global,quantile_0.995,alpha_0.80,0.8,5,1.9230769230769231,47.43589743589743,176.54186356476433,8.36059614685569,98.07692307692308,6.0,30.5,False
isolation_forest__global__quantile_0.995__ewma_alpha_0.80__persistence_8,isolation_forest,global,quantile_0.995,alpha_0.80,0.8,8,5.769230769230769,50.0,153.39876408578698,6.664243305464679,94.23076923076923,8.5,28.0,False
isolation_forest__global__mean_plus_1.0_std__ewma_off__persistence_1,isolation_forest,global,mean_plus_1.0_std,off,,1,0.0,13.461538461538462,509.14818853750154,62.38683127572016,100.0,,,False
isolation_forest__global__mean_plus_1.0_std__ewma_off__persistence_3,isolation_forest,global,mean_plus_1.0_std,off,,3,0.0,13.461538461538462,432.8123106749061,19.386331938633194,100.0,,,False
isolation_forest__global__mean_plus_1.0_std__ewma_off__persistence_5,isolation_forest,global,mean_plus_1.0_std,off,,5,0.0,15.384615384615385,402.641463710166,13.94700139470014,100.0,,,False
isolation_forest__global__mean_plus_1.0_std__ewma_off__persistence_8,isolation_forest,global,mean_plus_1.0_std,off,,8,0.0,21.153846153846153,370.4107597237368,8.786610878661088,100.0,,,False
isolation_forest__global__mean_plus_1.0_std__ewma_alpha_0.20__persistence_1,isolation_forest,global,mean_plus_1.0_std,alpha_0.20,0.2,1,0.0,13.46153846153846,467.34520780322305,15.341701534170154,100.0,,,False
isolation_forest__global__mean_plus_1.0_std__ewma_alpha_0.20__persistence_3,isolation_forest,global,mean_plus_1.0_std,alpha_0.20,0.2,3,0.0,14.743589743589743,442.99042772325214,10.878661087866108,100.0,,,False
isolation_forest__global__mean_plus_1.0_std__ewma_alpha_0.20__persistence_5,isolation_forest,global,mean_plus_1.0_std,alpha_0.20,0.2,5,0.0,17.30769230769231,423.8458742275536,9.483960948396096,100.0,,,False
isolation_forest__global__mean_plus_1.0_std__ewma_alpha_0.20__persistence_8,isolation_forest,global,mean_plus_1.0_std,alpha_0.20,0.2,8,0.0,19.871794871794872,397.79474130619167,8.368200836820083,100.0,,,False
isolation_forest__global__mean_plus_1.0_std__ewma_alpha_0.50__persistence_1,isolation_forest,global,mean_plus_1.0_std,alpha_0.50,0.5,1,0.0,11.538461538461538,489.0342905610081,27.983539094650205,100.0,,,False
isolation_forest__global__mean_plus_1.0_std__ewma_alpha_0.50__persistence_3,isolation_forest,global,mean_plus_1.0_std,alpha_0.50,0.5,3,0.0,13.46153846153846,450.2605113292136,13.94700139470014,100.0,,,False
isolation_forest__global__mean_plus_1.0_std__ewma_alpha_0.50__persistence_5,isolation_forest,global,mean_plus_1.0_std,alpha_0.50,0.5,5,0.0,14.102564102564102,426.87507573003757,12.133891213389122,100.0,,,False
isolation_forest__global__mean_plus_1.0_std__ewma_alpha_0.50__persistence_8,isolation_forest,global,mean_plus_1.0_std,alpha_0.50,0.5,8,0.0,19.23076923076923,397.43123712589363,9.06555090655509,100.0,,,False
isolation_forest__global__mean_plus_1.0_std__ewma_alpha_0.80__persistence_1,isolation_forest,global,mean_plus_1.0_std,alpha_0.80,0.8,1,0.0,12.82051282051282,498.00072700836057,42.96296296296296,100.0,,,False
isolation_forest__global__mean_plus_1.0_std__ewma_alpha_0.80__persistence_3,isolation_forest,global,mean_plus_1.0_std,alpha_0.80,0.8,3,0.0,13.46153846153846,440.2035623409669,18.688981868898185,100.0,,,False
isolation_forest__global__mean_plus_1.0_std__ewma_alpha_0.80__persistence_5,isolation_forest,global,mean_plus_1.0_std,alpha_0.80,0.8,5,0.0,14.743589743589745,410.759723736823,13.528591352859136,100.0,,,False
isolation_forest__global__mean_plus_1.0_std__ewma_alpha_0.80__persistence_8,isolation_forest,global,mean_plus_1.0_std,alpha_0.80,0.8,8,0.0,20.512820512820515,379.2560281109899,8.92608089260809,100.0,,,False
isolation_forest__global__mean_plus_1.5_std__ewma_off__persistence_1,isolation_forest,global,mean_plus_1.5_std,off,,1,0.0,25.0,369.80491942324005,37.37796373779637,100.0,,,False
isolation_forest__global__mean_plus_1.5_std__ewma_off__persistence_3,isolation_forest,global,mean_plus_1.5_std,off,,3,0.0,25.64102564102564,316.4909729795226,14.504881450488146,100.0,,,False
isolation_forest__global__mean_plus_1.5_std__ewma_off__persistence_5,isolation_forest,global,mean_plus_1.5_std,off,,5,0.0,25.64102564102564,291.4091845389555,9.762900976290098,100.0,,,False
isolation_forest__global__mean_plus_1.5_std__ewma_off__persistence_8,isolation_forest,global,mean_plus_1.5_std,off,,8,0.0,29.48717948717949,264.38870713679876,7.512419726160184,100.0,,,False
isolation_forest__global__mean_plus_1.5_std__ewma_alpha_0.20__persistence_1,isolation_forest,global,mean_plus_1.5_std,alpha_0.20,0.2,1,0.0,26.28205128205128,324.4880649460802,10.878661087866108,100.0,,,False
isolation_forest__global__mean_plus_1.5_std__ewma_alpha_0.20__persistence_3,isolation_forest,global,mean_plus_1.5_std,alpha_0.20,0.2,3,0.0,28.205128205128204,304.2529989094875,8.966436447352478,100.0,,,False
isolation_forest__global__mean_plus_1.5_std__ewma_alpha_0.20__persistence_5,isolation_forest,global,mean_plus_1.5_std,alpha_0.20,0.2,5,0.0,29.487179487179485,286.80479825517995,8.118260026656973,100.0,,,False
isolation_forest__global__mean_plus_1.5_std__ewma_alpha_0.20__persistence_8,isolation_forest,global,mean_plus_1.5_std,alpha_0.20,0.2,8,0.0,33.97435897435897,263.66169877620257,7.027747485762753,100.0,,,False
isolation_forest__global__mean_plus_1.5_std__ewma_alpha_0.50__persistence_1,isolation_forest,global,mean_plus_1.5_std,alpha_0.50,0.5,1,0.0,24.35897435897436,352.8413910093299,18.96792189679219,100.0,,,False
isolation_forest__global__mean_plus_1.5_std__ewma_alpha_0.50__persistence_3,isolation_forest,global,mean_plus_1.5_std,alpha_0.50,0.5,3,0.0,24.35897435897436,321.82236762389437,11.99442119944212,100.0,,,False
isolation_forest__global__mean_plus_1.5_std__ewma_alpha_0.50__persistence_5,isolation_forest,global,mean_plus_1.5_std,alpha_0.50,0.5,5,0.0,26.923076923076923,300.49678904640734,9.208772567551193,100.0,,,False
isolation_forest__global__mean_plus_1.5_std__ewma_alpha_0.50__persistence_8,isolation_forest,global,mean_plus_1.5_std,alpha_0.50,0.5,8,0.0,29.48717948717949,274.44565612504545,7.633587786259542,100.0,,,False
isolation_forest__global__mean_plus_1.5_std__ewma_alpha_0.80__persistence_1,isolation_forest,global,mean_plus_1.5_std,alpha_0.80,0.8,1,0.0,24.35897435897436,363.14067611777534,28.312412831241282,100.0,,,False
isolation_forest__global__mean_plus_1.5_std__ewma_alpha_0.80__persistence_3,isolation_forest,global,mean_plus_1.5_std,alpha_0.80,0.8,3,0.0,25.64102564102564,320.00484672240395,13.389121338912133,100.0,,,False
isolation_forest__global__mean_plus_1.5_std__ewma_alpha_0.80__persistence_5,isolation_forest,global,mean_plus_1.5_std,alpha_0.80,0.8,5,0.0,25.64102564102564,295.8924027626318,9.483960948396096,100.0,,,False
isolation_forest__global__mean_plus_1.5_std__ewma_alpha_0.80__persistence_8,isolation_forest,global,mean_plus_1.5_std,alpha_0.80,0.8,8,0.0,28.84615384615385,269.4777656609718,7.512419726160184,100.0,,,False
isolation_forest__global__mean_plus_2.0_std__ewma_off__persistence_1,isolation_forest,global,mean_plus_2.0_std,off,,1,0.0,0.0,0.0,0.0,0.0,,,True
isolation_forest__global__mean_plus_2.0_std__ewma_off__persistence_3,isolation_forest,global,mean_plus_2.0_std,off,,3,0.0,0.0,0.0,0.0,0.0,,,True
isolation_forest__global__mean_plus_2.0_std__ewma_off__persistence_5,isolation_forest,global,mean_plus_2.0_std,off,,5,0.0,0.0,0.0,0.0,0.0,,,True
isolation_forest__global__mean_plus_2.0_std__ewma_off__persistence_8,isolation_forest,global,mean_plus_2.0_std,off,,8,0.0,0.0,0.0,0.0,0.0,,,True
isolation_forest__global__mean_plus_2.0_std__ewma_alpha_0.20__persistence_1,isolation_forest,global,mean_plus_2.0_std,alpha_0.20,0.2,1,0.0,0.0,0.0,0.0,0.0,,,True
isolation_forest__global__mean_plus_2.0_std__ewma_alpha_0.20__persistence_3,isolation_forest,global,mean_plus_2.0_std,alpha_0.20,0.2,3,0.0,0.0,0.0,0.0,0.0,,,True
isolation_forest__global__mean_plus_2.0_std__ewma_alpha_0.20__persistence_5,isolation_forest,global,mean_plus_2.0_std,alpha_0.20,0.2,5,0.0,0.0,0.0,0.0,0.0,,,True
isolation_forest__global__mean_plus_2.0_std__ewma_alpha_0.20__persistence_8,isolation_forest,global,mean_plus_2.0_std,alpha_0.20,0.2,8,0.0,0.0,0.0,0.0,0.0,,,True
isolation_forest__global__mean_plus_2.0_std__ewma_alpha_0.50__persistence_1,isolation_forest,global,mean_plus_2.0_std,alpha_0.50,0.5,1,0.0,0.0,0.0,0.0,0.0,,,True
isolation_forest__global__mean_plus_2.0_std__ewma_alpha_0.50__persistence_3,isolation_forest,global,mean_plus_2.0_std,alpha_0.50,0.5,3,0.0,0.0,0.0,0.0,0.0,,,True
isolation_forest__global__mean_plus_2.0_std__ewma_alpha_0.50__persistence_5,isolation_forest,global,mean_plus_2.0_std,alpha_0.50,0.5,5,0.0,0.0,0.0,0.0,0.0,,,True
isolation_forest__global__mean_plus_2.0_std__ewma_alpha_0.50__persistence_8,isolation_forest,global,mean_plus_2.0_std,alpha_0.50,0.5,8,0.0,0.0,0.0,0.0,0.0,,,True
isolation_forest__global__mean_plus_2.0_std__ewma_alpha_0.80__persistence_1,isolation_forest,global,mean_plus_2.0_std,alpha_0.80,0.8,1,0.0,0.0,0.0,0.0,0.0,,,True
isolation_forest__global__mean_plus_2.0_std__ewma_alpha_0.80__persistence_3,isolation_forest,global,mean_plus_2.0_std,alpha_0.80,0.8,3,0.0,0.0,0.0,0.0,0.0,,,True
isolation_forest__global__mean_plus_2.0_std__ewma_alpha_0.80__persistence_5,isolation_forest,global,mean_plus_2.0_std,alpha_0.80,0.8,5,0.0,0.0,0.0,0.0,0.0,,,True
isolation_forest__global__mean_plus_2.0_std__ewma_alpha_0.80__persistence_8,isolation_forest,global,mean_plus_2.0_std,alpha_0.80,0.8,8,0.0,0.0,0.0,0.0,0.0,,,True
isolation_forest__per_mode__quantile_0.900__ewma_off__persistence_1,isolation_forest,per_mode,quantile_0.900,off,,1,0.0,21.153846153846153,403.73197625106025,41.56206415620642,100.0,,,False
isolation_forest__per_mode__quantile_0.900__ewma_off__persistence_3,isolation_forest,per_mode,quantile_0.900,off,,3,0.0,22.435897435897434,347.7523324851569,16.317991631799163,100.0,,,False
isolation_forest__per_mode__quantile_0.900__ewma_off__persistence_5,isolation_forest,per_mode,quantile_0.900,off,,5,0.0,23.71794871794872,320.8530231430995,10.599721059972106,100.0,,,False
isolation_forest__per_mode__quantile_0.900__ewma_off__persistence_8,isolation_forest,per_mode,quantile_0.900,off,,8,0.0,28.84615384615385,292.6208651399491,7.875923906458258,100.0,,,False
isolation_forest__per_mode__quantile_0.900__ewma_alpha_0.20__persistence_1,isolation_forest,per_mode,quantile_0.900,alpha_0.20,0.2,1,0.0,24.35897435897436,363.019508057676,21.757322175732217,100.0,,,False
isolation_forest__per_mode__quantile_0.900__ewma_alpha_0.20__persistence_3,isolation_forest,per_mode,quantile_0.900,alpha_0.20,0.2,3,0.0,26.28205128205128,329.3347873500545,10.541621228644129,100.0,,,False
isolation_forest__per_mode__quantile_0.900__ewma_alpha_0.20__persistence_5,isolation_forest,per_mode,quantile_0.900,alpha_0.20,0.2,5,0.0,26.923076923076923,309.3420574336605,8.481764206955047,100.0,,,False
isolation_forest__per_mode__quantile_0.900__ewma_alpha_0.20__persistence_8,isolation_forest,per_mode,quantile_0.900,alpha_0.20,0.2,8,0.0,31.41025641025641,284.9872773536896,7.875923906458258,100.0,,,False
isolation_forest__per_mode__quantile_0.900__ewma_alpha_0.50__persistence_1,isolation_forest,per_mode,quantile_0.900,alpha_0.50,0.5,1,0.0,19.871794871794872,386.64727977705076,23.430962343096233,100.0,,,False
isolation_forest__per_mode__quantile_0.900__ewma_alpha_0.50__persistence_3,isolation_forest,per_mode,quantile_0.900,alpha_0.50,0.5,3,0.0,21.794871794871796,352.1143826487338,12.831241283124129,100.0,,,False
isolation_forest__per_mode__quantile_0.900__ewma_alpha_0.50__persistence_5,isolation_forest,per_mode,quantile_0.900,alpha_0.50,0.5,5,0.0,26.28205128205128,329.94062765055133,8.966436447352478,100.0,,,False
isolation_forest__per_mode__quantile_0.900__ewma_alpha_0.50__persistence_8,isolation_forest,per_mode,quantile_0.900,alpha_0.50,0.5,8,0.0,27.564102564102566,304.1318308493881,8.23942808675633,100.0,,,False
isolation_forest__per_mode__quantile_0.900__ewma_alpha_0.80__persistence_1,isolation_forest,per_mode,quantile_0.900,alpha_0.80,0.8,1,0.0,21.153846153846153,398.15824548648976,33.05439330543933,100.0,,,False
isolation_forest__per_mode__quantile_0.900__ewma_alpha_0.80__persistence_3,isolation_forest,per_mode,quantile_0.900,alpha_0.80,0.8,3,0.0,22.435897435897434,351.14503816793894,14.365411436541144,100.0,,,False
isolation_forest__per_mode__quantile_0.900__ewma_alpha_0.80__persistence_5,isolation_forest,per_mode,quantile_0.900,alpha_0.80,0.8,5,0.0,23.71794871794872,326.5479219677693,10.460251046025105,100.0,,,False
isolation_forest__per_mode__quantile_0.900__ewma_alpha_0.80__persistence_8,isolation_forest,per_mode,quantile_0.900,alpha_0.80,0.8,8,0.0,28.205128205128204,297.95225978432086,8.36059614685569,100.0,,,False
isolation_forest__per_mode__quantile_0.950__ewma_off__persistence_1,isolation_forest,per_mode,quantile_0.950,off,,1,0.0,26.28205128205128,349.93335756694535,34.30962343096234,100.0,,,False
isolation_forest__per_mode__quantile_0.950__ewma_off__persistence_3,isolation_forest,per_mode,quantile_0.950,off,,3,0.0,26.923076923076923,300.86029322670544,12.831241283124129,100.0,,,False
isolation_forest__per_mode__quantile_0.950__ewma_off__persistence_5,isolation_forest,per_mode,quantile_0.950,off,,5,0.0,28.205128205128204,277.35368956743,9.087604507451836,100.0,,,False
isolation_forest__per_mode__quantile_0.950__ewma_off__persistence_8,isolation_forest,per_mode,quantile_0.950,off,,8,0.0,31.41025641025641,251.9083969465649,7.3912516660608265,100.0,,,False
isolation_forest__per_mode__quantile_0.950__ewma_alpha_0.20__persistence_1,isolation_forest,per_mode,quantile_0.950,alpha_0.20,0.2,1,0.0,30.76923076923077,296.01357082273114,17.712691771269178,100.0,,,False
isolation_forest__per_mode__quantile_0.950__ewma_alpha_0.20__persistence_3,isolation_forest,per_mode,quantile_0.950,alpha_0.20,0.2,3,0.0,31.410256410256412,266.44856415848784,9.93578092814734,100.0,,,False
isolation_forest__per_mode__quantile_0.950__ewma_alpha_0.20__persistence_5,isolation_forest,per_mode,quantile_0.950,alpha_0.20,0.2,5,1.9230769230769231,34.61538461538462,248.1521870834848,7.3912516660608265,98.07692307692308,8.0,25.0,False
isolation_forest__per_mode__quantile_0.950__ewma_alpha_0.20__persistence_8,isolation_forest,per_mode,quantile_0.950,alpha_0.20,0.2,8,1.9230769230769231,37.82051282051282,226.70544044589846,6.906579425663395,98.07692307692308,10.5,24.5,False
isolation_forest__per_mode__quantile_0.950__ewma_alpha_0.50__persistence_1,isolation_forest,per_mode,quantile_0.950,alpha_0.50,0.5,1,0.0,26.28205128205128,328.72894704955775,20.78103207810321,100.0,,,False
isolation_forest__per_mode__quantile_0.950__ewma_alpha_0.50__persistence_3,isolation_forest,per_mode,quantile_0.950,alpha_0.50,0.5,3,0.0,26.923076923076923,295.7712347025324,11.01813110181311,100.0,,,False
isolation_forest__per_mode__quantile_0.950__ewma_alpha_0.50__persistence_5,isolation_forest,per_mode,quantile_0.950,alpha_0.50,0.5,5,0.0,27.564102564102566,276.02084090633707,8.36059614685569,100.0,,,False
isolation_forest__per_mode__quantile_0.950__ewma_alpha_0.50__persistence_8,isolation_forest,per_mode,quantile_0.950,alpha_0.50,0.5,8,0.0,30.76923076923077,252.02956500666426,7.148915545862111,100.0,,,False
isolation_forest__per_mode__quantile_0.950__ewma_alpha_0.80__persistence_1,isolation_forest,per_mode,quantile_0.950,alpha_0.80,0.8,1,0.0,25.64102564102564,340.1187446988974,26.638772663877266,100.0,,,False
isolation_forest__per_mode__quantile_0.950__ewma_alpha_0.80__persistence_3,isolation_forest,per_mode,quantile_0.950,alpha_0.80,0.8,3,0.0,26.28205128205128,299.8909487459106,12.97071129707113,100.0,,,False
isolation_forest__per_mode__quantile_0.950__ewma_alpha_0.80__persistence_5,isolation_forest,per_mode,quantile_0.950,alpha_0.80,0.8,5,0.0,28.205128205128204,276.6266812068339,8.92608089260809,100.0,,,False
isolation_forest__per_mode__quantile_0.950__ewma_alpha_0.80__persistence_8,isolation_forest,per_mode,quantile_0.950,alpha_0.80,0.8,8,0.0,30.76923076923077,252.02956500666426,7.148915545862111,100.0,,,False
isolation_forest__per_mode__quantile_0.975__ewma_off__persistence_1,isolation_forest,per_mode,quantile_0.975,off,,1,0.0,29.487179487179485,308.7362171331637,30.404463040446306,100.0,,,False
isolation_forest__per_mode__quantile_0.975__ewma_off__persistence_3,isolation_forest,per_mode,quantile_0.975,off,,3,0.0,32.05128205128205,264.9945474372955,12.601478250333212,100.0,,,False
isolation_forest__per_mode__quantile_0.975__ewma_off__persistence_5,isolation_forest,per_mode,quantile_0.975,off,,5,0.0,35.256410256410255,241.4879437780201,10.056948988246699,100.0,,,False
isolation_forest__per_mode__quantile_0.975__ewma_off__persistence_8,isolation_forest,per_mode,quantile_0.975,off,,8,0.0,39.743589743589745,213.01344965467104,8.23942808675633,100.0,,,False
isolation_forest__per_mode__quantile_0.975__ewma_alpha_0.20__persistence_1,isolation_forest,per_mode,quantile_0.975,alpha_0.20,0.2,1,0.0,34.61538461538462,253.60474978795588,13.449654671028718,100.0,,,False
isolation_forest__per_mode__quantile_0.975__ewma_alpha_0.20__persistence_3,isolation_forest,per_mode,quantile_0.975,alpha_0.20,0.2,3,0.0,37.17948717948718,229.97697806858113,8.966436447352478,100.0,,,False
isolation_forest__per_mode__quantile_0.975__ewma_alpha_0.20__persistence_5,isolation_forest,per_mode,quantile_0.975,alpha_0.20,0.2,5,3.8461538461538463,40.38461538461539,213.1346177147704,7.3912516660608265,96.15384615384616,9.0,28.0,False
isolation_forest__per_mode__quantile_0.975__ewma_alpha_0.20__persistence_8,isolation_forest,per_mode,quantile_0.975,alpha_0.20,0.2,8,11.538461538461538,46.15384615384615,192.4148794377802,6.179571065067249,88.46153846153847,9.0,27.5,False
isolation_forest__per_mode__quantile_0.975__ewma_alpha_0.50__persistence_1,isolation_forest,per_mode,quantile_0.975,alpha_0.50,0.5,1,0.0,30.128205128205128,288.9858233369684,16.178521617852162,100.0,,,False
isolation_forest__per_mode__quantile_0.975__ewma_alpha_0.50__persistence_3,isolation_forest,per_mode,quantile_0.975,alpha_0.50,0.5,3,0.0,31.410256410256412,261.4806736944142,9.693444807948625,100.0,,,False
isolation_forest__per_mode__quantile_0.975__ewma_alpha_0.50__persistence_5,isolation_forest,per_mode,quantile_0.975,alpha_0.50,0.5,5,1.9230769230769231,35.256410256410255,243.42663273960983,8.118260026656973,98.07692307692308,6.5,29.5,False
isolation_forest__per_mode__quantile_0.975__ewma_alpha_0.50__persistence_8,isolation_forest,per_mode,quantile_0.975,alpha_0.50,0.5,8,1.9230769230769231,40.38461538461538,219.79886102023508,7.512419726160184,98.07692307692308,7.0,27.0,False
isolation_forest__per_mode__quantile_0.975__ewma_alpha_0.80__persistence_1,isolation_forest,per_mode,quantile_0.975,alpha_0.80,0.8,1,0.0,30.128205128205128,300.6179571065067,21.757322175732217,100.0,,,False
isolation_forest__per_mode__quantile_0.975__ewma_alpha_0.80__persistence_3,isolation_forest,per_mode,quantile_0.975,alpha_0.80,0.8,3,0.0,31.41025641025641,265.479219677693,11.854951185495118,100.0,,,False
isolation_forest__per_mode__quantile_0.975__ewma_alpha_0.80__persistence_5,isolation_forest,per_mode,quantile_0.975,alpha_0.80,0.8,5,0.0,34.61538461538461,243.5478007997092,9.572276747849267,100.0,,,False
isolation_forest__per_mode__quantile_0.975__ewma_alpha_0.80__persistence_8,isolation_forest,per_mode,quantile_0.975,alpha_0.80,0.8,8,0.0,38.46153846153846,216.28498727735368,8.23942808675633,100.0,,,False
isolation_forest__per_mode__quantile_0.990__ewma_off__persistence_1,isolation_forest,per_mode,quantile_0.990,off,,1,0.0,36.53846153846154,266.08505997818975,30.2649930264993,100.0,,,False
isolation_forest__per_mode__quantile_0.990__ewma_off__persistence_3,isolation_forest,per_mode,quantile_0.990,off,,3,0.0,38.46153846153846,219.55652490003635,12.237974070035138,100.0,,,False
isolation_forest__per_mode__quantile_0.990__ewma_off__persistence_5,isolation_forest,per_mode,quantile_0.990,off,,5,1.9230769230769231,42.30769230769231,197.0192657215558,9.208772567551193,98.07692307692308,5.5,29.0,False
isolation_forest__per_mode__quantile_0.990__ewma_off__persistence_8,isolation_forest,per_mode,quantile_0.990,off,,8,3.8461538461538463,46.15384615384615,170.72579667999514,7.633587786259542,96.15384615384616,7.5,28.5,False
isolation_forest__per_mode__quantile_0.990__ewma_alpha_0.20__persistence_1,isolation_forest,per_mode,quantile_0.990,alpha_0.20,0.2,1,1.9230769230769231,42.30769230769231,204.1681812674179,13.81315885132679,98.07692307692308,6.0,29.0,False
isolation_forest__per_mode__quantile_0.990__ewma_alpha_0.20__persistence_3,isolation_forest,per_mode,quantile_0.990,alpha_0.20,0.2,3,9.615384615384615,47.43589743589744,179.4498970071489,9.208772567551193,92.3076923076923,8.0,30.0,False
isolation_forest__per_mode__quantile_0.990__ewma_alpha_0.20__persistence_5,isolation_forest,per_mode,quantile_0.990,alpha_0.20,0.2,5,15.384615384615385,51.92307692307693,162.36520053313947,7.3912516660608265,84.61538461538461,10.0,28.5,False
isolation_forest__per_mode__quantile_0.990__ewma_alpha_0.20__persistence_8,isolation_forest,per_mode,quantile_0.990,alpha_0.20,0.2,8,17.307692307692307,55.769230769230774,141.64546225614927,5.8160668847691745,82.6923076923077,13.0,28.0,False
isolation_forest__per_mode__quantile_0.990__ewma_alpha_0.50__persistence_1,isolation_forest,per_mode,quantile_0.990,alpha_0.50,0.5,1,0.0,35.8974358974359,245.12298558100085,15.5095116927178,100.0,,,False
isolation_forest__per_mode__quantile_0.990__ewma_alpha_0.50__persistence_3,isolation_forest,per_mode,quantile_0.990,alpha_0.50,0.5,3,0.0,37.179487179487175,218.34484429904276,9.93578092814734,100.0,,,False
isolation_forest__per_mode__quantile_0.990__ewma_alpha_0.50__persistence_5,isolation_forest,per_mode,quantile_0.990,alpha_0.50,0.5,5,1.9230769230769231,41.02564102564102,199.80613110384104,8.23942808675633,98.07692307692308,6.0,28.0,False
isolation_forest__per_mode__quantile_0.990__ewma_alpha_0.50__persistence_8,isolation_forest,per_mode,quantile_0.990,alpha_0.50,0.5,8,5.769230769230769,48.07692307692307,175.69368714406883,7.3912516660608265,94.23076923076923,8.0,29.0,False
isolation_forest__per_mode__quantile_0.990__ewma_alpha_0.80__persistence_1,isolation_forest,per_mode,quantile_0.990,alpha_0.80,0.8,1,0.0,34.61538461538461,259.057312492427,21.810250817884405,100.0,,,False
isolation_forest__per_mode__quantile_0.990__ewma_alpha_0.80__persistence_3,isolation_forest,per_mode,quantile_0.990,alpha_0.80,0.8,3,0.0,36.53846153846154,222.5857264025203,11.510965709438992,100.0,,,False
isolation_forest__per_mode__quantile_0.990__ewma_alpha_0.80__persistence_5,isolation_forest,per_mode,quantile_0.990,alpha_0.80,0.8,5,1.9230769230769231,40.38461538461538,201.26014782503333,8.966436447352478,98.07692307692308,6.0,29.0,False
isolation_forest__per_mode__quantile_0.990__ewma_alpha_0.80__persistence_8,isolation_forest,per_mode,quantile_0.990,alpha_0.80,0.8,8,3.8461538461538463,46.15384615384615,175.69368714406883,7.512419726160184,96.15384615384616,7.5,30.0,False
isolation_forest__per_mode__quantile_0.995__ewma_off__persistence_1,isolation_forest,per_mode,quantile_0.995,off,,1,0.0,39.743589743589745,238.7010783957349,29.32267054404459,100.0,,,False
isolation_forest__per_mode__quantile_0.995__ewma_off__persistence_3,isolation_forest,per_mode,quantile_0.995,off,,3,0.0,42.94871794871795,193.020719738277,11.995637949836423,100.0,,,False
isolation_forest__per_mode__quantile_0.995__ewma_off__persistence_5,isolation_forest,per_mode,quantile_0.995,off,,5,1.9230769230769231,47.43589743589744,171.81630922088937,7.7547558463589,98.07692307692308,6.0,29.0,False
isolation_forest__per_mode__quantile_0.995__ewma_off__persistence_8,isolation_forest,per_mode,quantile_0.995,off,,8,5.769230769230769,51.92307692307693,149.2790500424088,6.664243305464679,94.23076923076923,9.0,28.0,False
isolation_forest__per_mode__quantile_0.995__ewma_alpha_0.20__persistence_1,isolation_forest,per_mode,quantile_0.995,alpha_0.20,0.2,1,11.538461538461538,52.56410256410256,165.27323397552405,14.782503332121653,92.3076923076923,9.0,31.5,False
isolation_forest__per_mode__quantile_0.995__ewma_alpha_0.20__persistence_3,isolation_forest,per_mode,quantile_0.995,alpha_0.20,0.2,3,13.461538461538462,54.48717948717948,141.03962195565248,7.3912516660608265,86.53846153846153,12.0,27.5,False
isolation_forest__per_mode__quantile_0.995__ewma_alpha_0.20__persistence_5,isolation_forest,per_mode,quantile_0.995,alpha_0.20,0.2,5,17.307692307692307,56.41025641025641,127.46879922452442,5.937234944868533,82.6923076923077,14.0,25.5,False
isolation_forest__per_mode__quantile_0.995__ewma_alpha_0.20__persistence_8,isolation_forest,per_mode,quantile_0.995,alpha_0.20,0.2,8,25.0,60.89743589743589,110.62643887071368,5.210226584272386,75.0,16.5,25.5,False
isolation_forest__per_mode__quantile_0.995__ewma_alpha_0.50__persistence_1,isolation_forest,per_mode,quantile_0.995,alpha_0.50,0.5,1,0.0,40.38461538461539,209.9842481521871,16.11535199321459,100.0,,,False
isolation_forest__per_mode__quantile_0.995__ewma_alpha_0.50__persistence_3,isolation_forest,per_mode,quantile_0.995,alpha_0.50,0.5,3,1.9230769230769231,46.15384615384615,182.6002665697322,8.966436447352478,98.07692307692308,6.0,31.0,False
isolation_forest__per_mode__quantile_0.995__ewma_alpha_0.50__persistence_5,isolation_forest,per_mode,quantile_0.995,alpha_0.50,0.5,5,5.769230769230769,50.641025641025635,165.75790621592148,7.270083605961468,94.23076923076923,7.0,29.0,False
isolation_forest__per_mode__quantile_0.995__ewma_alpha_0.50__persistence_8,isolation_forest,per_mode,quantile_0.995,alpha_0.50,0.5,8,7.6923076923076925,53.205128205128204,144.91699987883194,6.4219071852659635,92.3076923076923,10.0,27.0,False
isolation_forest__per_mode__quantile_0.995__ewma_alpha_0.80__persistence_1,isolation_forest,per_mode,quantile_0.995,alpha_0.80,0.8,1,0.0,39.10256410256411,226.70544044589846,19.750393796195322,100.0,,,False
isolation_forest__per_mode__quantile_0.995__ewma_alpha_0.80__persistence_3,isolation_forest,per_mode,quantile_0.995,alpha_0.80,0.8,3,0.0,41.666666666666664,193.50539197867442,11.147461529140918,100.0,,,False
isolation_forest__per_mode__quantile_0.995__ewma_alpha_0.80__persistence_5,isolation_forest,per_mode,quantile_0.995,alpha_0.80,0.8,5,1.9230769230769231,48.07692307692307,173.39149400218102,8.23942808675633,98.07692307692308,7.0,29.0,False
isolation_forest__per_mode__quantile_0.995__ewma_alpha_0.80__persistence_8,isolation_forest,per_mode,quantile_0.995,alpha_0.80,0.8,8,5.769230769230769,51.92307692307693,149.6425542227069,6.906579425663395,94.23076923076923,9.5,28.0,False
isolation_forest__per_mode__mean_plus_1.0_std__ewma_off__persistence_1,isolation_forest,per_mode,mean_plus_1.0_std,off,,1,0.0,13.461538461538462,508.300012116806,60.24691358024691,100.0,,,False
isolation_forest__per_mode__mean_plus_1.0_std__ewma_off__persistence_3,isolation_forest,per_mode,mean_plus_1.0_std,off,,3,0.0,13.461538461538462,434.14515933599904,18.688981868898185,100.0,,,False
isolation_forest__per_mode__mean_plus_1.0_std__ewma_off__persistence_5,isolation_forest,per_mode,mean_plus_1.0_std,off,,5,0.0,15.384615384615385,404.4589846116564,13.389121338912133,100.0,,,False
isolation_forest__per_mode__mean_plus_1.0_std__ewma_off__persistence_8,isolation_forest,per_mode,mean_plus_1.0_std,off,,8,0.0,21.794871794871796,372.95528898582336,9.205020920502092,100.0,,,False
isolation_forest__per_mode__mean_plus_1.0_std__ewma_alpha_0.20__persistence_1,isolation_forest,per_mode,mean_plus_1.0_std,alpha_0.20,0.2,1,0.0,14.102564102564102,471.9495940869987,24.128312412831242,100.0,,,False
isolation_forest__per_mode__mean_plus_1.0_std__ewma_alpha_0.20__persistence_3,isolation_forest,per_mode,mean_plus_1.0_std,alpha_0.20,0.2,3,0.0,15.384615384615385,436.6896885980855,13.110181311018131,100.0,,,False
isolation_forest__per_mode__mean_plus_1.0_std__ewma_alpha_0.20__persistence_5,isolation_forest,per_mode,mean_plus_1.0_std,alpha_0.20,0.2,5,0.0,17.94871794871795,414.3947655398037,10.181311018131101,100.0,,,False
isolation_forest__per_mode__mean_plus_1.0_std__ewma_alpha_0.20__persistence_8,isolation_forest,per_mode,mean_plus_1.0_std,alpha_0.20,0.2,8,0.0,19.871794871794872,386.64727977705076,8.507670850767084,100.0,,,False
isolation_forest__per_mode__mean_plus_1.0_std__ewma_alpha_0.50__persistence_1,isolation_forest,per_mode,mean_plus_1.0_std,alpha_0.50,0.5,1,0.0,12.82051282051282,490.2459711620017,31.76954732510288,100.0,,,False
isolation_forest__per_mode__mean_plus_1.0_std__ewma_alpha_0.50__persistence_3,isolation_forest,per_mode,mean_plus_1.0_std,alpha_0.50,0.5,3,0.0,12.82051282051282,446.8678056464316,15.760111576011157,100.0,,,False
isolation_forest__per_mode__mean_plus_1.0_std__ewma_alpha_0.50__persistence_5,isolation_forest,per_mode,mean_plus_1.0_std,alpha_0.50,0.5,5,0.0,14.743589743589745,420.4531685447716,12.412831241283124,100.0,,,False
isolation_forest__per_mode__mean_plus_1.0_std__ewma_alpha_0.50__persistence_8,isolation_forest,per_mode,mean_plus_1.0_std,alpha_0.50,0.5,8,0.0,16.666666666666668,389.79764933963406,9.623430962343097,100.0,,,False
isolation_forest__per_mode__mean_plus_1.0_std__ewma_alpha_0.80__persistence_1,isolation_forest,per_mode,mean_plus_1.0_std,alpha_0.80,0.8,1,0.0,13.461538461538462,499.0912395492548,45.10288065843621,100.0,,,False
isolation_forest__per_mode__mean_plus_1.0_std__ewma_alpha_0.80__persistence_3,isolation_forest,per_mode,mean_plus_1.0_std,alpha_0.80,0.8,3,0.0,14.102564102564102,439.59772204047016,17.99163179916318,100.0,,,False
isolation_forest__per_mode__mean_plus_1.0_std__ewma_alpha_0.80__persistence_5,isolation_forest,per_mode,mean_plus_1.0_std,alpha_0.80,0.8,5,0.0,15.384615384615385,410.759723736823,13.110181311018131,100.0,,,False
isolation_forest__per_mode__mean_plus_1.0_std__ewma_alpha_0.80__persistence_8,isolation_forest,per_mode,mean_plus_1.0_std,alpha_0.80,0.8,8,0.0,21.153846153846153,379.619532291288,9.205020920502092,100.0,,,False
isolation_forest__per_mode__mean_plus_1.5_std__ewma_off__persistence_1,isolation_forest,per_mode,mean_plus_1.5_std,off,,1,0.0,25.64102564102564,368.22973464194837,38.633193863319384,100.0,,,False
isolation_forest__per_mode__mean_plus_1.5_std__ewma_off__persistence_3,isolation_forest,per_mode,mean_plus_1.5_std,off,,3,0.0,26.923076923076923,313.0982672967406,15.481171548117155,100.0,,,False
isolation_forest__per_mode__mean_plus_1.5_std__ewma_off__persistence_5,isolation_forest,per_mode,mean_plus_1.5_std,off,,5,0.0,28.205128205128204,286.1989579546831,10.460251046025105,100.0,,,False
isolation_forest__per_mode__mean_plus_1.5_std__ewma_off__persistence_8,isolation_forest,per_mode,mean_plus_1.5_std,off,,8,0.0,31.410256410256412,257.6032957712347,7.875923906458258,100.0,,,False
isolation_forest__per_mode__mean_plus_1.5_std__ewma_alpha_0.20__persistence_1,isolation_forest,per_mode,mean_plus_1.5_std,alpha_0.20,0.2,1,0.0,31.41025641025641,320.4895189628014,26.359832635983263,100.0,,,False
isolation_forest__per_mode__mean_plus_1.5_std__ewma_alpha_0.20__persistence_3,isolation_forest,per_mode,mean_plus_1.5_std,alpha_0.20,0.2,3,0.0,32.05128205128205,277.59602568762875,13.449654671028718,100.0,,,False
isolation_forest__per_mode__mean_plus_1.5_std__ewma_alpha_0.20__persistence_5,isolation_forest,per_mode,mean_plus_1.5_std,alpha_0.20,0.2,5,1.9230769230769231,35.256410256410255,252.99890948745912,10.056948988246699,98.07692307692308,6.0,25.0,False
isolation_forest__per_mode__mean_plus_1.5_std__ewma_alpha_0.20__persistence_8,isolation_forest,per_mode,mean_plus_1.5_std,alpha_0.20,0.2,8,3.8461538461538463,38.46153846153846,226.3419362656004,7.3912516660608265,96.15384615384616,9.0,25.5,False
isolation_forest__per_mode__mean_plus_1.5_std__ewma_alpha_0.50__persistence_1,isolation_forest,per_mode,mean_plus_1.5_std,alpha_0.50,0.5,1,0.0,25.64102564102564,349.93335756694535,28.73082287308229,100.0,,,False
isolation_forest__per_mode__mean_plus_1.5_std__ewma_alpha_0.50__persistence_3,isolation_forest,per_mode,mean_plus_1.5_std,alpha_0.50,0.5,3,0.0,27.564102564102566,306.55519205137523,13.389121338912133,100.0,,,False
isolation_forest__per_mode__mean_plus_1.5_std__ewma_alpha_0.50__persistence_5,isolation_forest,per_mode,mean_plus_1.5_std,alpha_0.50,0.5,5,0.0,28.84615384615385,283.29092451229855,9.693444807948625,100.0,,,False
isolation_forest__per_mode__mean_plus_1.5_std__ewma_alpha_0.50__persistence_8,isolation_forest,per_mode,mean_plus_1.5_std,alpha_0.50,0.5,8,0.0,31.41025641025641,255.54343874954563,7.9970919665576155,100.0,,,False
isolation_forest__per_mode__mean_plus_1.5_std__ewma_alpha_0.80__persistence_1,isolation_forest,per_mode,mean_plus_1.5_std,alpha_0.80,0.8,1,0.0,25.64102564102564,359.2632981945959,31.659693165969315,100.0,,,False
isolation_forest__per_mode__mean_plus_1.5_std__ewma_alpha_0.80__persistence_3,isolation_forest,per_mode,mean_plus_1.5_std,alpha_0.80,0.8,3,0.0,26.923076923076923,312.37125893614444,15.06276150627615,100.0,,,False
isolation_forest__per_mode__mean_plus_1.5_std__ewma_alpha_0.80__persistence_5,isolation_forest,per_mode,mean_plus_1.5_std,alpha_0.80,0.8,5,0.0,28.205128205128204,286.80479825517995,9.93578092814734,100.0,,,False
isolation_forest__per_mode__mean_plus_1.5_std__ewma_alpha_0.80__persistence_8,isolation_forest,per_mode,mean_plus_1.5_std,alpha_0.80,0.8,8,0.0,31.41025641025641,259.17848055252637,7.875923906458258,100.0,,,False
isolation_forest__per_mode__mean_plus_2.0_std__ewma_off__persistence_1,isolation_forest,per_mode,mean_plus_2.0_std,off,,1,0.0,0.0,0.0,0.0,0.0,,,True
isolation_forest__per_mode__mean_plus_2.0_std__ewma_off__persistence_3,isolation_forest,per_mode,mean_plus_2.0_std,off,,3,0.0,0.0,0.0,0.0,0.0,,,True
isolation_forest__per_mode__mean_plus_2.0_std__ewma_off__persistence_5,isolation_forest,per_mode,mean_plus_2.0_std,off,,5,0.0,0.0,0.0,0.0,0.0,,,True
isolation_forest__per_mode__mean_plus_2.0_std__ewma_off__persistence_8,isolation_forest,per_mode,mean_plus_2.0_std,off,,8,0.0,0.0,0.0,0.0,0.0,,,True
isolation_forest__per_mode__mean_plus_2.0_std__ewma_alpha_0.20__persistence_1,isolation_forest,per_mode,mean_plus_2.0_std,alpha_0.20,0.2,1,0.0,0.0,0.0,0.0,0.0,,,True
isolation_forest__per_mode__mean_plus_2.0_std__ewma_alpha_0.20__persistence_3,isolation_forest,per_mode,mean_plus_2.0_std,alpha_0.20,0.2,3,0.0,0.0,0.0,0.0,0.0,,,True
isolation_forest__per_mode__mean_plus_2.0_std__ewma_alpha_0.20__persistence_5,isolation_forest,per_mode,mean_plus_2.0_std,alpha_0.20,0.2,5,0.0,0.0,0.0,0.0,0.0,,,True
isolation_forest__per_mode__mean_plus_2.0_std__ewma_alpha_0.20__persistence_8,isolation_forest,per_mode,mean_plus_2.0_std,alpha_0.20,0.2,8,0.0,0.0,0.0,0.0,0.0,,,True
isolation_forest__per_mode__mean_plus_2.0_std__ewma_alpha_0.50__persistence_1,isolation_forest,per_mode,mean_plus_2.0_std,alpha_0.50,0.5,1,0.0,0.0,0.0,0.0,0.0,,,True
isolation_forest__per_mode__mean_plus_2.0_std__ewma_alpha_0.50__persistence_3,isolation_forest,per_mode,mean_plus_2.0_std,alpha_0.50,0.5,3,0.0,0.0,0.0,0.0,0.0,,,True
isolation_forest__per_mode__mean_plus_2.0_std__ewma_alpha_0.50__persistence_5,isolation_forest,per_mode,mean_plus_2.0_std,alpha_0.50,0.5,5,0.0,0.0,0.0,0.0,0.0,,,True
isolation_forest__per_mode__mean_plus_2.0_std__ewma_alpha_0.50__persistence_8,isolation_forest,per_mode,mean_plus_2.0_std,alpha_0.50,0.5,8,0.0,0.0,0.0,0.0,0.0,,,True
isolation_forest__per_mode__mean_plus_2.0_std__ewma_alpha_0.80__persistence_1,isolation_forest,per_mode,mean_plus_2.0_std,alpha_0.80,0.8,1,0.0,0.0,0.0,0.0,0.0,,,True
isolation_forest__per_mode__mean_plus_2.0_std__ewma_alpha_0.80__persistence_3,isolation_forest,per_mode,mean_plus_2.0_std,alpha_0.80,0.8,3,0.0,0.0,0.0,0.0,0.0,,,True
isolation_forest__per_mode__mean_plus_2.0_std__ewma_alpha_0.80__persistence_5,isolation_forest,per_mode,mean_plus_2.0_std,alpha_0.80,0.8,5,0.0,0.0,0.0,0.0,0.0,,,True
isolation_forest__per_mode__mean_plus_2.0_std__ewma_alpha_0.80__persistence_8,isolation_forest,per_mode,mean_plus_2.0_std,alpha_0.80,0.8,8,0.0,0.0,0.0,0.0,0.0,,,True
pca_reconstruction__global__quantile_0.900__ewma_off__persistence_1,pca_reconstruction,global,quantile_0.900,off,,1,3.8461538461538463,35.256410256410255,427.48091603053433,65.02057613168725,100.0,2.0,35.0,False
pca_reconstruction__global__quantile_0.900__ewma_off__persistence_3,pca_reconstruction,global,quantile_0.900,off,,3,3.8461538461538463,38.46153846153846,335.51435841512176,24.825662482566248,100.0,4.0,35.0,False
pca_reconstruction__global__quantile_0.900__ewma_off__persistence_5,pca_reconstruction,global,quantile_0.900,off,,5,3.8461538461538463,42.94871794871795,290.43984005816066,17.932872894704957,100.0,6.0,33.0,False
pca_reconstruction__global__quantile_0.900__ewma_off__persistence_8,pca_reconstruction,global,quantile_0.900,off,,8,9.615384615384615,48.07692307692307,241.4879437780201,13.934326911426147,96.15384615384616,9.0,29.0,False
pca_reconstruction__global__quantile_0.900__ewma_alpha_0.20__persistence_1,pca_reconstruction,global,quantile_0.900,alpha_0.20,0.2,1,3.8461538461538463,40.38461538461539,337.3318793166121,15.873015873015873,100.0,8.0,31.0,False
pca_reconstruction__global__quantile_0.900__ewma_alpha_0.20__persistence_3,pca_reconstruction,global,quantile_0.900,alpha_0.20,0.2,3,5.769230769230769,42.30769230769231,306.79752817157396,14.176663031624864,100.0,8.5,29.0,False
pca_reconstruction__global__quantile_0.900__ewma_alpha_0.20__persistence_5,pca_reconstruction,global,quantile_0.900,alpha_0.20,0.2,5,9.615384615384615,46.15384615384615,279.050042408821,12.480310190233855,98.07692307692308,10.0,29.0,False
pca_reconstruction__global__quantile_0.900__ewma_alpha_0.20__persistence_8,pca_reconstruction,global,quantile_0.900,alpha_0.20,0.2,8,11.538461538461538,48.71794871794871,243.06312855931176,11.268629589240277,96.15384615384616,12.5,26.5,False
pca_reconstruction__global__quantile_0.900__ewma_alpha_0.50__persistence_1,pca_reconstruction,global,quantile_0.900,alpha_0.50,0.5,1,3.8461538461538463,37.17948717948718,390.2823215800315,30.543933054393307,100.0,4.0,34.0,False
pca_reconstruction__global__quantile_0.900__ewma_alpha_0.50__persistence_3,pca_reconstruction,global,quantile_0.900,alpha_0.50,0.5,3,3.8461538461538463,39.10256410256411,338.0588876772083,19.38688961589725,100.0,6.0,32.0,False
pca_reconstruction__global__quantile_0.900__ewma_alpha_0.50__persistence_5,pca_reconstruction,global,quantile_0.900,alpha_0.50,0.5,5,3.8461538461538463,41.666666666666664,301.10262934690417,16.357688113413303,98.07692307692308,7.5,30.0,False
pca_reconstruction__global__quantile_0.900__ewma_alpha_0.50__persistence_8,pca_reconstruction,global,quantile_0.900,alpha_0.50,0.5,8,9.615384615384615,45.51282051282052,256.6339512904398,13.328486610929358,96.15384615384616,10.5,28.0,False
pca_reconstruction__global__quantile_0.900__ewma_alpha_0.80__persistence_1,pca_reconstruction,global,quantile_0.900,alpha_0.80,0.8,1,3.8461538461538463,34.61538461538461,416.57579062159215,49.09344490934449,100.0,3.0,35.0,False
pca_reconstruction__global__quantile_0.900__ewma_alpha_0.80__persistence_3,pca_reconstruction,global,quantile_0.900,alpha_0.80,0.8,3,3.8461538461538463,38.46153846153846,340.9669211195929,23.570432357043234,100.0,5.5,35.0,False
pca_reconstruction__global__quantile_0.900__ewma_alpha_0.80__persistence_5,pca_reconstruction,global,quantile_0.900,alpha_0.80,0.8,5,3.8461538461538463,42.30769230769231,298.1945959045196,17.448200654307524,100.0,6.0,33.0,False
pca_reconstruction__global__quantile_0.900__ewma_alpha_0.80__persistence_8,pca_reconstruction,global,quantile_0.900,alpha_0.80,0.8,8,9.615384615384615,46.794871794871796,250.33321216527324,13.81315885132679,96.15384615384616,9.0,29.0,False
pca_reconstruction__global__quantile_0.950__ewma_off__persistence_1,pca_reconstruction,global,quantile_0.950,off,,1,3.8461538461538463,41.02564102564102,330.30413183084937,47.41980474198047,100.0,2.0,35.0,False
pca_reconstruction__global__quantile_0.950__ewma_off__persistence_3,pca_reconstruction,global,quantile_0.950,off,,3,3.8461538461538463,43.58974358974359,258.93614443232764,18.90221737549982,98.07692307692308,7.0,32.0,False
pca_reconstruction__global__quantile_0.950__ewma_off__persistence_5,pca_reconstruction,global,quantile_0.950,off,,5,7.6923076923076925,48.07692307692307,224.8879195444081,14.055494971525507,98.07692307692308,9.0,30.0,False
pca_reconstruction__global__quantile_0.950__ewma_off__persistence_8,pca_reconstruction,global,quantile_0.950,off,,8,11.538461538461538,52.56410256410256,185.14479583181873,11.510965709438992,94.23076923076923,11.0,27.0,False
pca_reconstruction__global__quantile_0.950__ewma_alpha_0.20__persistence_1,pca_reconstruction,global,quantile_0.950,alpha_0.20,0.2,1,5.769230769230769,46.15384615384615,237.73173391494,12.843814370531927,98.07692307692308,10.0,29.0,False
pca_reconstruction__global__quantile_0.950__ewma_alpha_0.20__persistence_3,pca_reconstruction,global,quantile_0.950,alpha_0.20,0.2,3,11.538461538461538,50.0,213.25578577486974,11.02629346904156,98.07692307692308,11.0,28.0,False
pca_reconstruction__global__quantile_0.950__ewma_alpha_0.20__persistence_5,pca_reconstruction,global,quantile_0.950,alpha_0.20,0.2,5,13.461538461538462,52.56410256410256,191.44553495698534,10.541621228644129,96.15384615384616,13.0,27.0,False
pca_reconstruction__global__quantile_0.950__ewma_alpha_0.20__persistence_8,pca_reconstruction,global,quantile_0.950,alpha_0.20,0.2,8,17.307692307692307,56.41025641025641,160.91118381194718,9.087604507451836,88.46153846153847,15.5,24.5,False
pca_reconstruction__global__quantile_0.950__ewma_alpha_0.50__persistence_1,pca_reconstruction,global,quantile_0.950,alpha_0.50,0.5,1,3.8461538461538463,41.666666666666664,292.257360959651,22.175732217573223,100.0,6.0,34.5,False
pca_reconstruction__global__quantile_0.950__ewma_alpha_0.50__persistence_3,pca_reconstruction,global,quantile_0.950,alpha_0.50,0.5,3,3.8461538461538463,44.23076923076923,252.7565733672604,15.5095116927178,98.07692307692308,8.0,32.0,False
pca_reconstruction__global__quantile_0.950__ewma_alpha_0.50__persistence_5,pca_reconstruction,global,quantile_0.950,alpha_0.50,0.5,5,9.615384615384615,49.35897435897436,222.5857264025203,14.055494971525507,98.07692307692308,10.0,29.0,False
pca_reconstruction__global__quantile_0.950__ewma_alpha_0.50__persistence_8,pca_reconstruction,global,quantile_0.950,alpha_0.50,0.5,8,11.538461538461538,55.12820512820513,183.44844299042774,11.147461529140918,96.15384615384616,10.0,28.0,False
pca_reconstruction__global__quantile_0.950__ewma_alpha_0.80__persistence_1,pca_reconstruction,global,quantile_0.950,alpha_0.80,0.8,1,3.8461538461538463,41.02564102564102,313.7041075972374,33.61227336122734,100.0,5.0,35.0,False
pca_reconstruction__global__quantile_0.950__ewma_alpha_0.80__persistence_3,pca_reconstruction,global,quantile_0.950,alpha_0.80,0.8,3,3.8461538461538463,42.30769230769231,258.4514721919302,17.327032594208166,98.07692307692308,8.0,32.0,False
pca_reconstruction__global__quantile_0.950__ewma_alpha_0.80__persistence_5,pca_reconstruction,global,quantile_0.950,alpha_0.80,0.8,5,7.6923076923076925,48.07692307692307,226.22076820550103,13.81315885132679,98.07692307692308,9.0,30.0,False
pca_reconstruction__global__quantile_0.950__ewma_alpha_0.80__persistence_8,pca_reconstruction,global,quantile_0.950,alpha_0.80,0.8,8,11.538461538461538,53.84615384615385,186.84114867320974,11.510965709438992,96.15384615384616,10.0,29.0,False
pca_reconstruction__global__quantile_0.975__ewma_off__persistence_1,pca_reconstruction,global,quantile_0.975,off,,1,5.769230769230769,48.07692307692307,261.3595056343148,35.744577729310556,98.07692307692308,5.0,34.0,False
pca_reconstruction__global__quantile_0.975__ewma_off__persistence_3,pca_reconstruction,global,quantile_0.975,off,,3,7.6923076923076925,51.92307692307693,204.28934932751727,16.72119229371138,98.07692307692308,7.0,32.0,False
pca_reconstruction__global__quantile_0.975__ewma_off__persistence_5,pca_reconstruction,global,quantile_0.975,off,,5,13.461538461538462,57.05128205128205,173.51266206228038,12.843814370531927,96.15384615384616,9.0,30.0,False
pca_reconstruction__global__quantile_0.975__ewma_off__persistence_8,pca_reconstruction,global,quantile_0.975,off,,8,19.23076923076923,62.17948717948718,139.5856052344602,8.966436447352478,88.46153846153847,10.0,27.5,False
pca_reconstruction__global__quantile_0.975__ewma_alpha_0.20__persistence_1,pca_reconstruction,global,quantile_0.975,alpha_0.20,0.2,1,15.384615384615385,56.41025641025641,166.12141039621955,9.572276747849267,88.46153846153847,12.0,28.0,False
pca_reconstruction__global__quantile_0.975__ewma_alpha_0.20__persistence_3,pca_reconstruction,global,quantile_0.975,alpha_0.20,0.2,3,13.461538461538462,57.051282051282044,147.3403610808191,8.84526838725312,88.46153846153847,14.0,26.0,False
pca_reconstruction__global__quantile_0.975__ewma_alpha_0.20__persistence_5,pca_reconstruction,global,quantile_0.975,alpha_0.20,0.2,5,17.307692307692307,59.61538461538462,130.01332848661093,7.7547558463589,84.61538461538461,15.0,24.5,False
pca_reconstruction__global__quantile_0.975__ewma_alpha_0.20__persistence_8,pca_reconstruction,global,quantile_0.975,alpha_0.20,0.2,8,30.76923076923077,64.1025641025641,108.5665818490246,5.937234944868533,71.15384615384616,17.5,22.5,False
pca_reconstruction__global__quantile_0.975__ewma_alpha_0.50__persistence_1,pca_reconstruction,global,quantile_0.975,alpha_0.50,0.5,1,5.769230769230769,49.35897435897436,227.1901126862959,18.29637707500303,98.07692307692308,8.0,31.0,False
pca_reconstruction__global__quantile_0.975__ewma_alpha_0.50__persistence_3,pca_reconstruction,global,quantile_0.975,alpha_0.50,0.5,3,11.538461538461538,53.84615384615385,193.74772809887313,13.207318550830001,98.07692307692308,9.0,29.0,False
pca_reconstruction__global__quantile_0.975__ewma_alpha_0.50__persistence_5,pca_reconstruction,global,quantile_0.975,alpha_0.50,0.5,5,13.461538461538462,58.333333333333336,168.54477159820672,11.147461529140918,96.15384615384616,10.0,28.0,False
pca_reconstruction__global__quantile_0.975__ewma_alpha_0.50__persistence_8,pca_reconstruction,global,quantile_0.975,alpha_0.50,0.5,8,23.076923076923077,64.1025641025641,137.8892523930692,8.602932267054404,84.61538461538461,12.0,25.5,False
pca_reconstruction__global__quantile_0.975__ewma_alpha_0.80__persistence_1,pca_reconstruction,global,quantile_0.975,alpha_0.80,0.8,1,5.769230769230769,49.358974358974365,247.9098509632861,26.899309342057435,98.07692307692308,6.5,33.0,False
pca_reconstruction__global__quantile_0.975__ewma_alpha_0.80__persistence_3,pca_reconstruction,global,quantile_0.975,alpha_0.80,0.8,3,7.6923076923076925,51.92307692307693,201.50248394523203,15.994183933115231,98.07692307692308,8.0,31.0,False
pca_reconstruction__global__quantile_0.975__ewma_alpha_0.80__persistence_5,pca_reconstruction,global,quantile_0.975,alpha_0.80,0.8,5,13.461538461538462,57.6923076923077,171.4528050405913,12.359142130134497,96.15384615384616,9.5,29.5,False
pca_reconstruction__global__quantile_0.975__ewma_alpha_0.80__persistence_8,pca_reconstruction,global,quantile_0.975,alpha_0.80,0.8,8,21.153846153846153,63.46153846153846,138.01042045316854,9.208772567551193,88.46153846153847,10.0,27.0,False
pca_reconstruction__global__quantile_0.990__ewma_off__persistence_1,pca_reconstruction,global,quantile_0.990,off,,1,7.6923076923076925,57.051282051282044,199.92729916394038,27.747485762752937,98.07692307692308,7.0,32.0,False
pca_reconstruction__global__quantile_0.990__ewma_off__persistence_3,pca_reconstruction,global,quantile_0.990,off,,3,13.461538461538462,60.89743589743589,155.095116927178,13.086150490730644,94.23076923076923,10.0,30.0,False
pca_reconstruction__global__quantile_0.990__ewma_off__persistence_5,pca_reconstruction,global,quantile_0.990,off,,5,17.307692307692307,64.74358974358974,130.61916878710772,10.299285108445414,92.3076923076923,13.5,28.0,False
pca_reconstruction__global__quantile_0.990__ewma_off__persistence_8,pca_reconstruction,global,quantile_0.990,off,,8,26.923076923076923,69.87179487179488,103.35635526475221,7.148915545862111,80.76923076923077,14.0,26.0,False
pca_reconstruction__global__quantile_0.990__ewma_alpha_0.20__persistence_1,pca_reconstruction,global,quantile_0.990,alpha_0.20,0.2,1,19.23076923076923,63.46153846153846,113.1709681328002,6.906579425663395,82.6923076923077,15.0,25.0,False
pca_reconstruction__global__quantile_0.990__ewma_alpha_0.20__persistence_3,pca_reconstruction,global,quantile_0.990,alpha_0.20,0.2,3,30.76923076923077,67.3076923076923,99.84248152187084,5.937234944868533,73.07692307692308,15.5,24.0,False
pca_reconstruction__global__quantile_0.990__ewma_alpha_0.20__persistence_5,pca_reconstruction,global,quantile_0.990,alpha_0.20,0.2,5,34.61538461538461,69.23076923076923,87.96801163213377,5.452562704471101,67.3076923076923,17.0,22.0,False
pca_reconstruction__global__quantile_0.990__ewma_alpha_0.20__persistence_8,pca_reconstruction,global,quantile_0.990,alpha_0.20,0.2,8,42.30769230769231,73.07692307692308,73.18550830001212,4.604386283775597,59.61538461538461,19.0,19.0,False
pca_reconstruction__global__quantile_0.990__ewma_alpha_0.50__persistence_1,pca_reconstruction,global,quantile_0.990,alpha_0.50,0.5,1,7.6923076923076925,58.333333333333336,169.75645219920028,13.934326911426147,98.07692307692308,11.0,30.0,False
pca_reconstruction__global__quantile_0.990__ewma_alpha_0.50__persistence_3,pca_reconstruction,global,quantile_0.990,alpha_0.50,0.5,3,17.307692307692307,64.1025641025641,144.1899915182358,10.420453168544771,94.23076923076923,12.0,28.0,False
pca_reconstruction__global__quantile_0.990__ewma_alpha_0.50__persistence_5,pca_reconstruction,global,quantile_0.990,alpha_0.50,0.5,5,21.153846153846153,67.3076923076923,123.95492548164304,8.724100327153762,88.46153846153847,11.5,27.0,False
pca_reconstruction__global__quantile_0.990__ewma_alpha_0.50__persistence_8,pca_reconstruction,global,quantile_0.990,alpha_0.50,0.5,8,25.0,68.58974358974359,99.72131346177147,7.148915545862111,80.76923076923077,14.0,25.0,False
pca_reconstruction__global__quantile_0.990__ewma_alpha_0.80__persistence_1,pca_reconstruction,global,quantile_0.990,alpha_0.80,0.8,1,7.6923076923076925,57.051282051282044,190.23385435599175,20.356234096692113,98.07692307692308,7.0,31.0,False
pca_reconstruction__global__quantile_0.990__ewma_alpha_0.80__persistence_3,pca_reconstruction,global,quantile_0.990,alpha_0.80,0.8,3,15.384615384615385,61.53846153846154,154.73161274687993,12.72264631043257,96.15384615384616,9.5,30.0,False
pca_reconstruction__global__quantile_0.990__ewma_alpha_0.80__persistence_5,pca_reconstruction,global,quantile_0.990,alpha_0.80,0.8,5,17.307692307692307,64.74358974358974,130.9826729674058,9.572276747849267,92.3076923076923,13.5,27.5,False
pca_reconstruction__global__quantile_0.990__ewma_alpha_0.80__persistence_8,pca_reconstruction,global,quantile_0.990,alpha_0.80,0.8,8,23.076923076923077,66.66666666666667,104.93154004604386,7.512419726160184,82.6923076923077,14.0,25.0,False
pca_reconstruction__global__quantile_0.995__ewma_off__persistence_1,pca_reconstruction,global,quantile_0.995,off,,1,15.384615384615385,62.82051282051282,169.27177995880285,23.991275899672846,98.07692307692308,8.0,33.0,False
pca_reconstruction__global__quantile_0.995__ewma_off__persistence_3,pca_reconstruction,global,quantile_0.995,off,,3,23.076923076923077,66.66666666666667,130.1344965467103,11.268629589240277,92.3076923076923,11.5,29.0,False
pca_reconstruction__global__quantile_0.995__ewma_off__persistence_5,pca_reconstruction,global,quantile_0.995,off,,5,21.153846153846153,66.66666666666667,109.53592632981946,8.23942808675633,88.46153846153847,13.5,27.0,False
pca_reconstruction__global__quantile_0.995__ewma_off__persistence_8,pca_reconstruction,global,quantile_0.995,off,,8,32.69230769230769,72.43589743589745,86.87749909123954,6.664243305464679,76.92307692307692,14.0,27.0,False
pca_reconstruction__global__quantile_0.995__ewma_alpha_0.20__persistence_1,pca_reconstruction,global,quantile_0.995,alpha_0.20,0.2,1,34.61538461538461,71.7948717948718,85.18114624984854,5.8160668847691745,69.23076923076923,16.5,23.5,False
pca_reconstruction__global__quantile_0.995__ewma_alpha_0.20__persistence_3,pca_reconstruction,global,quantile_0.995,alpha_0.20,0.2,3,44.23076923076923,75.64102564102565,73.91251666060826,5.089058524173028,59.61538461538461,18.0,22.0,False
pca_reconstruction__global__quantile_0.995__ewma_alpha_0.20__persistence_5,pca_reconstruction,global,quantile_0.995,alpha_0.20,0.2,5,48.07692307692308,77.56410256410257,63.855567672361566,4.483218223676239,57.69230769230769,20.5,19.5,False
pca_reconstruction__global__quantile_0.995__ewma_alpha_0.20__persistence_8,pca_reconstruction,global,quantile_0.995,alpha_0.20,0.2,8,53.84615384615385,79.48717948717949,50.64824912153156,3.756209863080092,50.0,22.0,17.0,True
pca_reconstruction__global__quantile_0.995__ewma_alpha_0.50__persistence_1,pca_reconstruction,global,quantile_0.995,alpha_0.50,0.5,1,19.23076923076923,64.74358974358974,138.25275657336726,11.02629346904156,90.38461538461539,11.0,29.0,False
pca_reconstruction__global__quantile_0.995__ewma_alpha_0.50__persistence_3,pca_reconstruction,global,quantile_0.995,alpha_0.50,0.5,3,21.153846153846153,66.66666666666667,118.13885859687386,8.23942808675633,88.46153846153847,13.0,27.0,False
pca_reconstruction__global__quantile_0.995__ewma_alpha_0.50__persistence_5,pca_reconstruction,global,quantile_0.995,alpha_0.50,0.5,5,26.923076923076923,68.58974358974359,102.38701078395735,7.148915545862111,82.6923076923077,13.5,25.5,False
pca_reconstruction__global__quantile_0.995__ewma_alpha_0.50__persistence_8,pca_reconstruction,global,quantile_0.995,alpha_0.50,0.5,8,36.53846153846154,73.07692307692308,81.30376832666909,5.937234944868533,71.15384615384616,16.0,22.5,False
pca_reconstruction__global__quantile_0.995__ewma_alpha_0.80__persistence_1,pca_reconstruction,global,quantile_0.995,alpha_0.80,0.8,1,15.384615384615385,62.82051282051282,157.6396461892645,17.448200654307524,94.23076923076923,10.5,31.0,False
pca_reconstruction__global__quantile_0.995__ewma_alpha_0.80__persistence_3,pca_reconstruction,global,quantile_0.995,alpha_0.80,0.8,3,23.076923076923077,66.66666666666667,127.58996728462377,9.93578092814734,88.46153846153847,11.5,28.0,False
pca_reconstruction__global__quantile_0.995__ewma_alpha_0.80__persistence_5,pca_reconstruction,global,quantile_0.995,alpha_0.80,0.8,5,25.0,69.23076923076923,108.80891796922332,7.7547558463589,86.53846153846153,14.0,26.0,False
pca_reconstruction__global__quantile_0.995__ewma_alpha_0.80__persistence_8,pca_reconstruction,global,quantile_0.995,alpha_0.80,0.8,8,32.69230769230769,72.43589743589745,86.87749909123954,6.543075245365322,76.92307692307692,15.0,23.0,False
pca_reconstruction__global__mean_plus_1.0_std__ewma_off__persistence_1,pca_reconstruction,global,mean_plus_1.0_std,off,,1,1.9230769230769231,27.564102564102566,582.818369077911,89.87654320987654,100.0,1.5,40.0,False
pca_reconstruction__global__mean_plus_1.0_std__ewma_off__persistence_3,pca_reconstruction,global,mean_plus_1.0_std,off,,3,3.8461538461538463,32.69230769230769,462.13498121895066,36.21399176954733,100.0,2.0,38.0,False
pca_reconstruction__global__mean_plus_1.0_std__ewma_off__persistence_5,pca_reconstruction,global,mean_plus_1.0_std,off,,5,3.8461538461538463,35.256410256410255,403.00496789046406,23.709902370990235,100.0,5.5,35.5,False
pca_reconstruction__global__mean_plus_1.0_std__ewma_off__persistence_8,pca_reconstruction,global,mean_plus_1.0_std,off,,8,3.8461538461538463,37.820512820512825,341.08808917969225,17.01534170153417,100.0,9.0,30.0,False
pca_reconstruction__global__mean_plus_1.0_std__ewma_alpha_0.20__persistence_1,pca_reconstruction,global,mean_plus_1.0_std,alpha_0.20,0.2,1,3.8461538461538463,28.84615384615385,512.7832303404823,24.032921810699587,100.0,4.0,35.0,False
pca_reconstruction__global__mean_plus_1.0_std__ewma_alpha_0.20__persistence_3,pca_reconstruction,global,mean_plus_1.0_std,alpha_0.20,0.2,3,3.8461538461538463,30.76923076923077,471.70725796679994,19.91769547325103,100.0,6.0,33.5,False
pca_reconstruction__global__mean_plus_1.0_std__ewma_alpha_0.20__persistence_5,pca_reconstruction,global,mean_plus_1.0_std,alpha_0.20,0.2,5,3.8461538461538463,31.41025641025641,435.478007997092,17.28395061728395,100.0,8.0,31.0,False
pca_reconstruction__global__mean_plus_1.0_std__ewma_alpha_0.20__persistence_8,pca_reconstruction,global,mean_plus_1.0_std,alpha_0.20,0.2,8,5.769230769230769,35.256410256410255,386.16260753665335,15.388343632618442,100.0,9.0,31.0,False
pca_reconstruction__global__mean_plus_1.0_std__ewma_alpha_0.50__persistence_1,pca_reconstruction,global,mean_plus_1.0_std,alpha_0.50,0.5,1,3.8461538461538463,28.84615384615385,547.3161274687992,45.59670781893004,100.0,2.0,39.0,False
pca_reconstruction__global__mean_plus_1.0_std__ewma_alpha_0.50__persistence_3,pca_reconstruction,global,mean_plus_1.0_std,alpha_0.50,0.5,3,3.8461538461538463,33.333333333333336,476.55398037077424,27.818930041152264,100.0,3.5,36.5,False
pca_reconstruction__global__mean_plus_1.0_std__ewma_alpha_0.50__persistence_5,pca_reconstruction,global,mean_plus_1.0_std,alpha_0.50,0.5,5,3.8461538461538463,34.61538461538461,427.72325215073306,21.896792189679218,100.0,5.0,34.0,False
pca_reconstruction__global__mean_plus_1.0_std__ewma_alpha_0.50__persistence_8,pca_reconstruction,global,mean_plus_1.0_std,alpha_0.50,0.5,8,3.8461538461538463,35.8974358974359,369.1990791227432,16.60002423361202,100.0,8.0,31.0,False
pca_reconstruction__global__mean_plus_1.0_std__ewma_alpha_0.80__persistence_1,pca_reconstruction,global,mean_plus_1.0_std,alpha_0.80,0.8,1,3.8461538461538463,27.564102564102566,567.6723615654913,68.64197530864197,100.0,2.0,40.0,False
pca_reconstruction__global__mean_plus_1.0_std__ewma_alpha_0.80__persistence_3,pca_reconstruction,global,mean_plus_1.0_std,alpha_0.80,0.8,3,3.8461538461538463,32.05128205128205,469.0415606446141,33.90946502057613,100.0,3.0,38.0,False
pca_reconstruction__global__mean_plus_1.0_std__ewma_alpha_0.80__persistence_5,pca_reconstruction,global,mean_plus_1.0_std,alpha_0.80,0.8,5,3.8461538461538463,34.61538461538461,412.57724463831335,23.291492329149232,100.0,6.0,35.5,False
pca_reconstruction__global__mean_plus_1.0_std__ewma_alpha_0.80__persistence_8,pca_reconstruction,global,mean_plus_1.0_std,alpha_0.80,0.8,8,3.8461538461538463,37.17948717948718,351.38737428813766,16.875871687587168,100.0,9.0,30.0,False
pca_reconstruction__global__mean_plus_1.5_std__ewma_off__persistence_1,pca_reconstruction,global,mean_plus_1.5_std,off,,1,3.8461538461538463,38.46153846153846,369.3202471828426,55.509065550906556,100.0,2.0,36.0,False
pca_reconstruction__global__mean_plus_1.5_std__ewma_off__persistence_3,pca_reconstruction,global,mean_plus_1.5_std,off,,3,3.8461538461538463,41.02564102564102,289.10699139706776,21.689082757785048,98.07692307692308,4.0,33.0,False
pca_reconstruction__global__mean_plus_1.5_std__ewma_off__persistence_5,pca_reconstruction,global,mean_plus_1.5_std,off,,5,3.8461538461538463,44.87179487179487,249.60620380467708,15.873015873015873,98.07692307692308,9.0,32.0,False
pca_reconstruction__global__mean_plus_1.5_std__ewma_off__persistence_8,pca_reconstruction,global,mean_plus_1.5_std,off,,8,9.615384615384615,50.0,205.13752574821277,12.843814370531927,96.15384615384616,12.0,28.5,False
pca_reconstruction__global__mean_plus_1.5_std__ewma_alpha_0.20__persistence_1,pca_reconstruction,global,mean_plus_1.5_std,alpha_0.20,0.2,1,5.769230769230769,42.30769230769231,272.87047134375376,14.418999151823579,98.07692307692308,9.0,30.0,False
pca_reconstruction__global__mean_plus_1.5_std__ewma_alpha_0.20__persistence_3,pca_reconstruction,global,mean_plus_1.5_std,alpha_0.20,0.2,3,7.6923076923076925,45.51282051282052,245.4864897612989,12.11680600993578,98.07692307692308,10.0,30.0,False
pca_reconstruction__global__mean_plus_1.5_std__ewma_alpha_0.20__persistence_5,pca_reconstruction,global,mean_plus_1.5_std,alpha_0.20,0.2,5,11.538461538461538,48.07692307692307,221.9798861020235,11.02629346904156,98.07692307692308,12.0,27.0,False
pca_reconstruction__global__mean_plus_1.5_std__ewma_alpha_0.20__persistence_8,pca_reconstruction,global,mean_plus_1.5_std,alpha_0.20,0.2,8,13.461538461538462,50.0,191.2031988367866,9.45110868774991,92.3076923076923,14.0,25.0,False
pca_reconstruction__global__mean_plus_1.5_std__ewma_alpha_0.50__persistence_1,pca_reconstruction,global,mean_plus_1.5_std,alpha_0.50,0.5,1,3.8461538461538463,37.820512820512825,330.18296377075,26.08089260808926,100.0,5.0,34.0,False
pca_reconstruction__global__mean_plus_1.5_std__ewma_alpha_0.50__persistence_3,pca_reconstruction,global,mean_plus_1.5_std,alpha_0.50,0.5,3,3.8461538461538463,40.38461538461539,285.59311765418636,17.327032594208166,98.07692307692308,6.5,32.5,False
pca_reconstruction__global__mean_plus_1.5_std__ewma_alpha_0.50__persistence_5,pca_reconstruction,global,mean_plus_1.5_std,alpha_0.50,0.5,5,7.6923076923076925,44.87179487179487,252.7565733672604,14.540167211922936,98.07692307692308,8.0,31.0,False
pca_reconstruction__global__mean_plus_1.5_std__ewma_alpha_0.50__persistence_8,pca_reconstruction,global,mean_plus_1.5_std,alpha_0.50,0.5,8,11.538461538461538,50.641025641025635,213.1346177147704,11.389797649339634,96.15384615384616,9.5,27.5,False
pca_reconstruction__global__mean_plus_1.5_std__ewma_alpha_0.80__persistence_1,pca_reconstruction,global,mean_plus_1.5_std,alpha_0.80,0.8,1,3.8461538461538463,39.1025641025641,353.8107354901248,40.0278940027894,100.0,3.0,36.0,False
pca_reconstruction__global__mean_plus_1.5_std__ewma_alpha_0.80__persistence_3,pca_reconstruction,global,mean_plus_1.5_std,alpha_0.80,0.8,3,3.8461538461538463,41.02564102564102,291.16684841875684,20.719738276990185,98.07692307692308,5.0,34.0,False
pca_reconstruction__global__mean_plus_1.5_std__ewma_alpha_0.80__persistence_5,pca_reconstruction,global,mean_plus_1.5_std,alpha_0.80,0.8,5,3.8461538461538463,44.87179487179487,252.7565733672604,16.236520053313946,98.07692307692308,8.0,32.0,False
pca_reconstruction__global__mean_plus_1.5_std__ewma_alpha_0.80__persistence_8,pca_reconstruction,global,mean_plus_1.5_std,alpha_0.80,0.8,8,9.615384615384615,50.64102564102564,208.28789531079607,12.72264631043257,96.15384615384616,11.5,29.0,False
pca_reconstruction__global__mean_plus_2.0_std__ewma_off__persistence_1,pca_reconstruction,global,mean_plus_2.0_std,off,,1,0.0,0.0,0.0,0.0,0.0,,,True
pca_reconstruction__global__mean_plus_2.0_std__ewma_off__persistence_3,pca_reconstruction,global,mean_plus_2.0_std,off,,3,0.0,0.0,0.0,0.0,0.0,,,True
pca_reconstruction__global__mean_plus_2.0_std__ewma_off__persistence_5,pca_reconstruction,global,mean_plus_2.0_std,off,,5,0.0,0.0,0.0,0.0,0.0,,,True
pca_reconstruction__global__mean_plus_2.0_std__ewma_off__persistence_8,pca_reconstruction,global,mean_plus_2.0_std,off,,8,0.0,0.0,0.0,0.0,0.0,,,True
pca_reconstruction__global__mean_plus_2.0_std__ewma_alpha_0.20__persistence_1,pca_reconstruction,global,mean_plus_2.0_std,alpha_0.20,0.2,1,0.0,0.0,0.0,0.0,0.0,,,True
pca_reconstruction__global__mean_plus_2.0_std__ewma_alpha_0.20__persistence_3,pca_reconstruction,global,mean_plus_2.0_std,alpha_0.20,0.2,3,0.0,0.0,0.0,0.0,0.0,,,True
pca_reconstruction__global__mean_plus_2.0_std__ewma_alpha_0.20__persistence_5,pca_reconstruction,global,mean_plus_2.0_std,alpha_0.20,0.2,5,0.0,0.0,0.0,0.0,0.0,,,True
pca_reconstruction__global__mean_plus_2.0_std__ewma_alpha_0.20__persistence_8,pca_reconstruction,global,mean_plus_2.0_std,alpha_0.20,0.2,8,0.0,0.0,0.0,0.0,0.0,,,True
pca_reconstruction__global__mean_plus_2.0_std__ewma_alpha_0.50__persistence_1,pca_reconstruction,global,mean_plus_2.0_std,alpha_0.50,0.5,1,0.0,0.0,0.0,0.0,0.0,,,True
pca_reconstruction__global__mean_plus_2.0_std__ewma_alpha_0.50__persistence_3,pca_reconstruction,global,mean_plus_2.0_std,alpha_0.50,0.5,3,0.0,0.0,0.0,0.0,0.0,,,True
pca_reconstruction__global__mean_plus_2.0_std__ewma_alpha_0.50__persistence_5,pca_reconstruction,global,mean_plus_2.0_std,alpha_0.50,0.5,5,0.0,0.0,0.0,0.0,0.0,,,True
pca_reconstruction__global__mean_plus_2.0_std__ewma_alpha_0.50__persistence_8,pca_reconstruction,global,mean_plus_2.0_std,alpha_0.50,0.5,8,0.0,0.0,0.0,0.0,0.0,,,True
pca_reconstruction__global__mean_plus_2.0_std__ewma_alpha_0.80__persistence_1,pca_reconstruction,global,mean_plus_2.0_std,alpha_0.80,0.8,1,0.0,0.0,0.0,0.0,0.0,,,True
pca_reconstruction__global__mean_plus_2.0_std__ewma_alpha_0.80__persistence_3,pca_reconstruction,global,mean_plus_2.0_std,alpha_0.80,0.8,3,0.0,0.0,0.0,0.0,0.0,,,True
pca_reconstruction__global__mean_plus_2.0_std__ewma_alpha_0.80__persistence_5,pca_reconstruction,global,mean_plus_2.0_std,alpha_0.80,0.8,5,0.0,0.0,0.0,0.0,0.0,,,True
pca_reconstruction__global__mean_plus_2.0_std__ewma_alpha_0.80__persistence_8,pca_reconstruction,global,mean_plus_2.0_std,alpha_0.80,0.8,8,0.0,0.0,0.0,0.0,0.0,,,True
pca_reconstruction__per_mode__quantile_0.900__ewma_off__persistence_1,pca_reconstruction,per_mode,quantile_0.900,off,,1,3.8461538461538463,35.897435897435905,429.78310917242214,63.86831275720164,100.0,2.0,35.0,False
pca_reconstruction__per_mode__quantile_0.900__ewma_off__persistence_3,pca_reconstruction,per_mode,quantile_0.900,off,,3,3.8461538461538463,38.46153846153846,337.2107112565128,25.523012552301257,100.0,5.0,35.0,False
pca_reconstruction__per_mode__quantile_0.900__ewma_off__persistence_5,pca_reconstruction,per_mode,quantile_0.900,off,,5,3.8461538461538463,42.30769230769231,291.0456803586575,19.023385435599177,100.0,6.0,33.0,False
pca_reconstruction__per_mode__quantile_0.900__ewma_off__persistence_8,pca_reconstruction,per_mode,quantile_0.900,off,,8,9.615384615384615,48.07692307692307,239.91275899672846,14.055494971525507,96.15384615384616,9.0,29.5,False
pca_reconstruction__per_mode__quantile_0.900__ewma_alpha_0.20__persistence_1,pca_reconstruction,per_mode,quantile_0.900,alpha_0.20,0.2,1,3.8461538461538463,41.02564102564103,342.9056100811826,28.97119341563786,100.0,7.5,30.5,False
pca_reconstruction__per_mode__quantile_0.900__ewma_alpha_0.20__persistence_3,pca_reconstruction,per_mode,quantile_0.900,alpha_0.20,0.2,3,5.769230769230769,42.94871794871795,294.6807221616382,16.236520053313946,98.07692307692308,9.0,29.0,False
pca_reconstruction__per_mode__quantile_0.900__ewma_alpha_0.20__persistence_5,pca_reconstruction,per_mode,quantile_0.900,alpha_0.20,0.2,5,9.615384615384615,46.15384615384615,264.2675390766994,12.843814370531927,98.07692307692308,10.0,28.0,False
pca_reconstruction__per_mode__quantile_0.900__ewma_alpha_0.20__persistence_8,pca_reconstruction,per_mode,quantile_0.900,alpha_0.20,0.2,8,13.461538461538462,49.358974358974365,227.91712104689205,10.662789288743488,94.23076923076923,13.0,25.5,False
pca_reconstruction__per_mode__quantile_0.900__ewma_alpha_0.50__persistence_1,pca_reconstruction,per_mode,quantile_0.900,alpha_0.50,0.5,1,3.8461538461538463,37.17948717948718,395.00787592390645,37.53086419753087,100.0,4.0,35.0,False
pca_reconstruction__per_mode__quantile_0.900__ewma_alpha_0.50__persistence_3,pca_reconstruction,per_mode,quantile_0.900,alpha_0.50,0.5,3,3.8461538461538463,39.10256410256411,333.8180055737308,20.719738276990185,100.0,6.0,35.0,False
pca_reconstruction__per_mode__quantile_0.900__ewma_alpha_0.50__persistence_5,pca_reconstruction,per_mode,quantile_0.900,alpha_0.50,0.5,5,5.769230769230769,42.94871794871795,294.80189022173755,16.60002423361202,100.0,7.0,32.0,False
pca_reconstruction__per_mode__quantile_0.900__ewma_alpha_0.50__persistence_8,pca_reconstruction,per_mode,quantile_0.900,alpha_0.50,0.5,8,11.538461538461538,46.794871794871796,248.75802738398158,13.328486610929358,96.15384615384616,11.0,28.0,False
pca_reconstruction__per_mode__quantile_0.900__ewma_alpha_0.80__persistence_1,pca_reconstruction,per_mode,quantile_0.900,alpha_0.80,0.8,1,3.8461538461538463,35.897435897435905,417.6663031624864,51.851851851851855,100.0,3.0,35.0,False
pca_reconstruction__per_mode__quantile_0.900__ewma_alpha_0.80__persistence_3,pca_reconstruction,per_mode,quantile_0.900,alpha_0.80,0.8,3,3.8461538461538463,39.1025641025641,338.78589603780443,23.570432357043234,100.0,4.5,35.0,False
pca_reconstruction__per_mode__quantile_0.900__ewma_alpha_0.80__persistence_5,pca_reconstruction,per_mode,quantile_0.900,alpha_0.80,0.8,5,3.8461538461538463,42.94871794871795,295.16539440203564,18.175209014903672,100.0,6.0,32.5,False
pca_reconstruction__per_mode__quantile_0.900__ewma_alpha_0.80__persistence_8,pca_reconstruction,per_mode,quantile_0.900,alpha_0.80,0.8,8,9.615384615384615,46.794871794871796,245.36532170119958,13.934326911426147,96.15384615384616,9.0,29.0,False
pca_reconstruction__per_mode__quantile_0.950__ewma_off__persistence_1,pca_reconstruction,per_mode,quantile_0.950,off,,1,3.8461538461538463,41.666666666666664,337.2107112565128,50.767085076708504,100.0,2.0,35.0,False
pca_reconstruction__per_mode__quantile_0.950__ewma_off__persistence_3,pca_reconstruction,per_mode,quantile_0.950,off,,3,3.8461538461538463,42.948717948717956,262.45001817520904,19.750393796195322,98.07692307692308,8.0,32.0,False
pca_reconstruction__per_mode__quantile_0.950__ewma_off__persistence_5,pca_reconstruction,per_mode,quantile_0.950,off,,5,7.6923076923076925,48.07692307692307,227.43244880649462,13.934326911426147,98.07692307692308,9.0,30.0,False
pca_reconstruction__per_mode__quantile_0.950__ewma_off__persistence_8,pca_reconstruction,per_mode,quantile_0.950,off,,8,9.615384615384615,51.92307692307693,187.8104931540046,11.753301829637708,96.15384615384616,10.5,27.5,False
pca_reconstruction__per_mode__quantile_0.950__ewma_alpha_0.20__persistence_1,pca_reconstruction,per_mode,quantile_0.950,alpha_0.20,0.2,1,9.615384615384615,48.07692307692307,243.42663273960983,19.992729916394037,98.07692307692308,8.0,32.0,False
pca_reconstruction__per_mode__quantile_0.950__ewma_alpha_0.20__persistence_3,pca_reconstruction,per_mode,quantile_0.950,alpha_0.20,0.2,3,11.538461538461538,50.0,208.40906337089544,12.359142130134497,98.07692307692308,10.0,30.0,False
pca_reconstruction__per_mode__quantile_0.950__ewma_alpha_0.20__persistence_5,pca_reconstruction,per_mode,quantile_0.950,alpha_0.20,0.2,5,13.461538461538462,51.92307692307693,184.78129165152066,10.662789288743488,96.15384615384616,13.0,27.0,False
pca_reconstruction__per_mode__quantile_0.950__ewma_alpha_0.20__persistence_8,pca_reconstruction,per_mode,quantile_0.950,alpha_0.20,0.2,8,17.307692307692307,55.12820512820513,154.85278080697927,8.23942808675633,84.61538461538461,15.0,25.0,False
pca_reconstruction__per_mode__quantile_0.950__ewma_alpha_0.50__persistence_1,pca_reconstruction,per_mode,quantile_0.950,alpha_0.50,0.5,1,3.8461538461538463,42.948717948717956,297.95225978432086,26.638772663877266,100.0,5.0,33.0,False
pca_reconstruction__per_mode__quantile_0.950__ewma_alpha_0.50__persistence_3,pca_reconstruction,per_mode,quantile_0.950,alpha_0.50,0.5,3,3.8461538461538463,44.87179487179487,253.12007754755845,15.994183933115231,98.07692307692308,8.0,31.0,False
pca_reconstruction__per_mode__quantile_0.950__ewma_alpha_0.50__persistence_5,pca_reconstruction,per_mode,quantile_0.950,alpha_0.50,0.5,5,7.6923076923076925,48.71794871794872,222.94923058281836,13.086150490730644,98.07692307692308,10.0,29.0,False
pca_reconstruction__per_mode__quantile_0.950__ewma_alpha_0.50__persistence_8,pca_reconstruction,per_mode,quantile_0.950,alpha_0.50,0.5,8,11.538461538461538,54.48717948717948,186.47764449291168,11.147461529140918,96.15384615384616,11.0,28.0,False
pca_reconstruction__per_mode__quantile_0.950__ewma_alpha_0.80__persistence_1,pca_reconstruction,per_mode,quantile_0.950,alpha_0.80,0.8,1,3.8461538461538463,41.666666666666664,322.42820792439113,39.19107391910739,100.0,3.0,36.0,False
pca_reconstruction__per_mode__quantile_0.950__ewma_alpha_0.80__persistence_3,pca_reconstruction,per_mode,quantile_0.950,alpha_0.80,0.8,3,3.8461538461538463,43.58974358974359,260.51132921361926,19.144553495698535,98.07692307692308,7.0,32.5,False
pca_reconstruction__per_mode__quantile_0.950__ewma_alpha_0.80__persistence_5,pca_reconstruction,per_mode,quantile_0.950,alpha_0.80,0.8,5,7.6923076923076925,48.07692307692307,225.61492790500424,14.055494971525507,98.07692307692308,9.0,30.0,False
pca_reconstruction__per_mode__quantile_0.950__ewma_alpha_0.80__persistence_8,pca_reconstruction,per_mode,quantile_0.950,alpha_0.80,0.8,8,11.538461538461538,53.84615384615385,186.35647643281231,11.389797649339634,96.15384615384616,10.0,28.0,False
pca_reconstruction__per_mode__quantile_0.975__ewma_off__persistence_1,pca_reconstruction,per_mode,quantile_0.975,off,,1,5.769230769230769,50.0,257.72446383133405,34.77523324851569,100.0,6.0,33.0,False
pca_reconstruction__per_mode__quantile_0.975__ewma_off__persistence_3,pca_reconstruction,per_mode,quantile_0.975,off,,3,9.615384615384615,53.84615384615385,202.10832424572882,17.20586453410881,98.07692307692308,8.0,31.0,False
pca_reconstruction__per_mode__quantile_0.975__ewma_off__persistence_5,pca_reconstruction,per_mode,quantile_0.975,off,,5,15.384615384615385,58.97435897435897,170.11995637949838,12.72264631043257,96.15384615384616,10.0,29.0,False
pca_reconstruction__per_mode__quantile_0.975__ewma_off__persistence_8,pca_reconstruction,per_mode,quantile_0.975,off,,8,23.076923076923077,64.74358974358974,136.07173149157882,8.724100327153762,90.38461538461539,12.0,26.0,False
pca_reconstruction__per_mode__quantile_0.975__ewma_alpha_0.20__persistence_1,pca_reconstruction,per_mode,quantile_0.975,alpha_0.20,0.2,1,17.307692307692307,57.692307692307686,164.42505755482856,16.842360353810736,90.38461538461539,11.5,28.0,False
pca_reconstruction__per_mode__quantile_0.975__ewma_alpha_0.20__persistence_3,pca_reconstruction,per_mode,quantile_0.975,alpha_0.20,0.2,3,21.153846153846153,62.17948717948718,135.70822731128075,9.32994062765055,84.61538461538461,13.0,26.0,False
pca_reconstruction__per_mode__quantile_0.975__ewma_alpha_0.20__persistence_5,pca_reconstruction,per_mode,quantile_0.975,alpha_0.20,0.2,5,23.076923076923077,62.17948717948718,118.38119471707257,7.270083605961468,78.84615384615384,14.5,24.0,False
pca_reconstruction__per_mode__quantile_0.975__ewma_alpha_0.20__persistence_8,pca_reconstruction,per_mode,quantile_0.975,alpha_0.20,0.2,8,32.69230769230769,65.38461538461539,98.63080092087726,5.331394644371744,69.23076923076923,18.0,21.0,False
pca_reconstruction__per_mode__quantile_0.975__ewma_alpha_0.50__persistence_1,pca_reconstruction,per_mode,quantile_0.975,alpha_0.50,0.5,1,7.6923076923076925,48.71794871794872,227.31128074639525,21.446746637586333,98.07692307692308,7.0,31.5,False
pca_reconstruction__per_mode__quantile_0.975__ewma_alpha_0.50__persistence_3,pca_reconstruction,per_mode,quantile_0.975,alpha_0.50,0.5,3,9.615384615384615,51.92307692307693,189.74918211559432,13.691990791227433,98.07692307692308,9.0,30.0,False
pca_reconstruction__per_mode__quantile_0.975__ewma_alpha_0.50__persistence_5,pca_reconstruction,per_mode,quantile_0.975,alpha_0.50,0.5,5,15.384615384615385,57.692307692307686,164.18272143462983,11.02629346904156,94.23076923076923,10.0,28.0,False
pca_reconstruction__per_mode__quantile_0.975__ewma_alpha_0.50__persistence_8,pca_reconstruction,per_mode,quantile_0.975,alpha_0.50,0.5,8,19.23076923076923,62.82051282051282,133.64837028959167,8.36059614685569,84.61538461538461,10.5,26.0,False
pca_reconstruction__per_mode__quantile_0.975__ewma_alpha_0.80__persistence_1,pca_reconstruction,per_mode,quantile_0.975,alpha_0.80,0.8,1,7.6923076923076925,51.28205128205128,248.03101902338543,26.656973221858717,100.0,6.5,33.0,False
pca_reconstruction__per_mode__quantile_0.975__ewma_alpha_0.80__persistence_3,pca_reconstruction,per_mode,quantile_0.975,alpha_0.80,0.8,3,9.615384615384615,53.84615384615385,202.83533260632498,15.994183933115231,98.07692307692308,8.0,31.0,False
pca_reconstruction__per_mode__quantile_0.975__ewma_alpha_0.80__persistence_5,pca_reconstruction,per_mode,quantile_0.975,alpha_0.80,0.8,5,15.384615384615385,58.97435897435897,172.42214952138616,12.601478250333212,96.15384615384616,10.0,29.0,False
pca_reconstruction__per_mode__quantile_0.975__ewma_alpha_0.80__persistence_8,pca_reconstruction,per_mode,quantile_0.975,alpha_0.80,0.8,8,23.076923076923077,65.38461538461539,138.7374288137647,9.208772567551193,90.38461538461539,11.0,26.0,False
pca_reconstruction__per_mode__quantile_0.990__ewma_off__persistence_1,pca_reconstruction,per_mode,quantile_0.990,off,,1,9.615384615384615,57.6923076923077,206.83387858960378,32.95771234702532,98.07692307692308,6.0,33.0,False
pca_reconstruction__per_mode__quantile_0.990__ewma_off__persistence_3,pca_reconstruction,per_mode,quantile_0.990,off,,3,13.461538461538462,61.53846153846155,156.3067975281716,14.055494971525507,98.07692307692308,10.0,33.0,False
pca_reconstruction__per_mode__quantile_0.990__ewma_off__persistence_5,pca_reconstruction,per_mode,quantile_0.990,off,,5,17.307692307692307,64.74358974358974,131.10384102750515,9.572276747849267,90.38461538461539,12.5,27.0,False
pca_reconstruction__per_mode__quantile_0.990__ewma_off__persistence_8,pca_reconstruction,per_mode,quantile_0.990,off,,8,26.923076923076923,69.87179487179488,104.68920392584515,7.270083605961468,80.76923076923077,15.0,26.0,False
pca_reconstruction__per_mode__quantile_0.990__ewma_alpha_0.20__persistence_1,pca_reconstruction,per_mode,quantile_0.990,alpha_0.20,0.2,1,23.076923076923077,67.94871794871796,116.80600993578093,15.994183933115231,88.46153846153847,13.0,26.5,False
pca_reconstruction__per_mode__quantile_0.990__ewma_alpha_0.20__persistence_3,pca_reconstruction,per_mode,quantile_0.990,alpha_0.20,0.2,3,36.53846153846154,72.43589743589745,91.36071731491579,6.664243305464679,71.15384615384616,16.0,23.0,False
pca_reconstruction__per_mode__quantile_0.990__ewma_alpha_0.20__persistence_5,pca_reconstruction,per_mode,quantile_0.990,alpha_0.20,0.2,5,42.30769230769231,74.35897435897436,78.88040712468194,5.089058524173028,61.53846153846154,18.5,21.5,False
pca_reconstruction__per_mode__quantile_0.990__ewma_alpha_0.20__persistence_8,pca_reconstruction,per_mode,quantile_0.990,alpha_0.20,0.2,8,48.07692307692308,76.28205128205128,64.46140797285835,4.119714043378165,53.84615384615385,21.0,20.0,False
pca_reconstruction__per_mode__quantile_0.990__ewma_alpha_0.50__persistence_1,pca_reconstruction,per_mode,quantile_0.990,alpha_0.50,0.5,1,11.538461538461538,57.6923076923077,173.75499818247908,19.629225736095965,98.07692307692308,7.0,31.0,False
pca_reconstruction__per_mode__quantile_0.990__ewma_alpha_0.50__persistence_3,pca_reconstruction,per_mode,quantile_0.990,alpha_0.50,0.5,3,17.307692307692307,62.82051282051282,141.64546225614927,10.299285108445414,94.23076923076923,10.0,29.0,False
pca_reconstruction__per_mode__quantile_0.990__ewma_alpha_0.50__persistence_5,pca_reconstruction,per_mode,quantile_0.990,alpha_0.50,0.5,5,23.076923076923077,66.66666666666667,122.13740458015268,8.118260026656973,86.53846153846153,13.0,25.5,False
pca_reconstruction__per_mode__quantile_0.990__ewma_alpha_0.50__persistence_8,pca_reconstruction,per_mode,quantile_0.990,alpha_0.50,0.5,8,25.0,67.94871794871796,98.99430510117533,6.785411365564038,78.84615384615384,13.5,25.0,False
pca_reconstruction__per_mode__quantile_0.990__ewma_alpha_0.80__persistence_1,pca_reconstruction,per_mode,quantile_0.990,alpha_0.80,0.8,1,9.615384615384615,57.6923076923077,191.8090391372834,24.839452320368352,98.07692307692308,7.0,32.0,False
pca_reconstruction__per_mode__quantile_0.990__ewma_alpha_0.80__persistence_3,pca_reconstruction,per_mode,quantile_0.990,alpha_0.80,0.8,3,17.307692307692307,63.46153846153846,150.85423482370047,12.359142130134497,96.15384615384616,10.0,29.5,False
pca_reconstruction__per_mode__quantile_0.990__ewma_alpha_0.80__persistence_5,pca_reconstruction,per_mode,quantile_0.990,alpha_0.80,0.8,5,17.307692307692307,64.74358974358974,128.3169756452199,9.087604507451836,90.38461538461539,11.5,27.0,False
pca_reconstruction__per_mode__quantile_0.990__ewma_alpha_0.80__persistence_8,pca_reconstruction,per_mode,quantile_0.990,alpha_0.80,0.8,8,25.0,67.94871794871796,103.1140191445535,7.148915545862111,80.76923076923077,13.5,25.0,False
pca_reconstruction__per_mode__quantile_0.995__ewma_off__persistence_1,pca_reconstruction,per_mode,quantile_0.995,off,,1,11.538461538461538,62.17948717948718,170.11995637949838,27.505149642554223,98.07692307692308,7.0,31.0,False
pca_reconstruction__per_mode__quantile_0.995__ewma_off__persistence_3,pca_reconstruction,per_mode,quantile_0.995,off,,3,21.153846153846153,67.3076923076923,126.86295892402762,11.268629589240277,90.38461538461539,12.5,29.0,False
pca_reconstruction__per_mode__quantile_0.995__ewma_off__persistence_5,pca_reconstruction,per_mode,quantile_0.995,off,,5,21.153846153846153,67.94871794871794,105.65854840664001,8.36059614685569,88.46153846153847,15.0,27.0,False
pca_reconstruction__per_mode__quantile_0.995__ewma_off__persistence_8,pca_reconstruction,per_mode,quantile_0.995,off,,8,32.69230769230769,73.71794871794872,83.36362534835817,6.4219071852659635,76.92307692307692,16.0,24.0,False
pca_reconstruction__per_mode__quantile_0.995__ewma_alpha_0.20__persistence_1,pca_reconstruction,per_mode,quantile_0.995,alpha_0.20,0.2,1,40.38461538461539,74.35897435897436,89.66436447352478,13.691990791227433,76.92307692307692,14.0,25.0,False
pca_reconstruction__per_mode__quantile_0.995__ewma_alpha_0.20__persistence_3,pca_reconstruction,per_mode,quantile_0.995,alpha_0.20,0.2,3,50.0,78.2051282051282,67.73294559554101,5.937234944868533,59.61538461538461,18.0,20.0,False
pca_reconstruction__per_mode__quantile_0.995__ewma_alpha_0.20__persistence_5,pca_reconstruction,per_mode,quantile_0.995,alpha_0.20,0.2,5,55.76923076923077,80.12820512820512,56.827820186598814,4.362050163576881,53.84615384615385,21.0,18.0,True
pca_reconstruction__per_mode__quantile_0.995__ewma_alpha_0.20__persistence_8,pca_reconstruction,per_mode,quantile_0.995,alpha_0.20,0.2,8,57.69230769230769,78.2051282051282,44.711014176663035,3.5138737428813767,44.23076923076923,23.0,18.0,True
pca_reconstruction__per_mode__quantile_0.995__ewma_alpha_0.50__persistence_1,pca_reconstruction,per_mode,quantile_0.995,alpha_0.50,0.5,1,17.307692307692307,64.1025641025641,140.19144553495698,17.08469647400945,90.38461538461539,11.0,29.0,False
pca_reconstruction__per_mode__quantile_0.995__ewma_alpha_0.50__persistence_3,pca_reconstruction,per_mode,quantile_0.995,alpha_0.50,0.5,3,21.153846153846153,66.66666666666667,111.83811947170726,8.724100327153762,86.53846153846153,12.0,27.0,False
pca_reconstruction__per_mode__quantile_0.995__ewma_alpha_0.50__persistence_5,pca_reconstruction,per_mode,quantile_0.995,alpha_0.50,0.5,5,28.846153846153847,71.15384615384615,95.23809523809524,7.148915545862111,84.61538461538461,13.0,25.0,False
pca_reconstruction__per_mode__quantile_0.995__ewma_alpha_0.50__persistence_8,pca_reconstruction,per_mode,quantile_0.995,alpha_0.50,0.5,8,34.61538461538461,71.15384615384615,75.97237368229734,5.694898824669817,71.15384615384616,16.0,23.0,False
pca_reconstruction__per_mode__quantile_0.995__ewma_alpha_0.80__persistence_1,pca_reconstruction,per_mode,quantile_0.995,alpha_0.80,0.8,1,13.461538461538462,63.46153846153846,159.33599903065553,22.05258693808312,98.07692307692308,10.0,31.0,False
pca_reconstruction__per_mode__quantile_0.995__ewma_alpha_0.80__persistence_3,pca_reconstruction,per_mode,quantile_0.995,alpha_0.80,0.8,3,21.153846153846153,67.3076923076923,123.59142130134497,10.541621228644129,90.38461538461539,13.0,28.5,False
pca_reconstruction__per_mode__quantile_0.995__ewma_alpha_0.80__persistence_5,pca_reconstruction,per_mode,quantile_0.995,alpha_0.80,0.8,5,21.153846153846153,68.58974358974359,103.84102750514964,8.23942808675633,88.46153846153847,15.0,26.0,False
pca_reconstruction__per_mode__quantile_0.995__ewma_alpha_0.80__persistence_8,pca_reconstruction,per_mode,quantile_0.995,alpha_0.80,0.8,8,34.61538461538461,74.35897435897436,82.03077668726523,6.300739125166606,75.0,14.0,24.0,False
pca_reconstruction__per_mode__mean_plus_1.0_std__ewma_off__persistence_1,pca_reconstruction,per_mode,mean_plus_1.0_std,off,,1,1.9230769230769231,28.84615384615385,582.454864897613,87.24279835390946,100.0,2.5,38.0,False
pca_reconstruction__per_mode__mean_plus_1.0_std__ewma_off__persistence_3,pca_reconstruction,per_mode,mean_plus_1.0_std,off,,3,3.8461538461538463,32.05128205128205,463.4678298800436,37.03703703703704,100.0,2.5,37.5,False
pca_reconstruction__per_mode__mean_plus_1.0_std__ewma_off__persistence_5,pca_reconstruction,per_mode,mean_plus_1.0_std,off,,5,3.8461538461538463,35.897435897435905,403.2473040106628,23.570432357043234,100.0,6.0,33.0,False
pca_reconstruction__per_mode__mean_plus_1.0_std__ewma_off__persistence_8,pca_reconstruction,per_mode,mean_plus_1.0_std,off,,8,3.8461538461538463,37.820512820512825,342.17860172058647,16.60002423361202,100.0,9.5,29.0,False
pca_reconstruction__per_mode__mean_plus_1.0_std__ewma_alpha_0.20__persistence_1,pca_reconstruction,per_mode,mean_plus_1.0_std,alpha_0.20,0.2,1,3.8461538461538463,31.41025641025641,515.2065915424694,40.32921810699588,100.0,4.0,35.5,False
pca_reconstruction__per_mode__mean_plus_1.0_std__ewma_alpha_0.20__persistence_3,pca_reconstruction,per_mode,mean_plus_1.0_std,alpha_0.20,0.2,3,3.8461538461538463,33.97435897435898,450.2605113292136,24.691358024691358,100.0,6.5,33.0,False
pca_reconstruction__per_mode__mean_plus_1.0_std__ewma_alpha_0.20__persistence_5,pca_reconstruction,per_mode,mean_plus_1.0_std,alpha_0.20,0.2,5,3.8461538461538463,35.256410256410255,407.00351387374286,18.688981868898185,100.0,8.5,31.0,False
pca_reconstruction__per_mode__mean_plus_1.0_std__ewma_alpha_0.20__persistence_8,pca_reconstruction,per_mode,mean_plus_1.0_std,alpha_0.20,0.2,8,5.769230769230769,37.179487179487175,354.4165757906216,14.661335272022296,100.0,10.0,28.5,False
pca_reconstruction__per_mode__mean_plus_1.0_std__ewma_alpha_0.50__persistence_1,pca_reconstruction,per_mode,mean_plus_1.0_std,alpha_0.50,0.5,1,3.8461538461538463,30.128205128205128,550.4664970313826,48.888888888888886,100.0,2.5,37.0,False
pca_reconstruction__per_mode__mean_plus_1.0_std__ewma_alpha_0.50__persistence_3,pca_reconstruction,per_mode,mean_plus_1.0_std,alpha_0.50,0.5,3,3.8461538461538463,32.69230769230769,474.37295528898585,30.2880658436214,100.0,3.0,36.0,False
pca_reconstruction__per_mode__mean_plus_1.0_std__ewma_alpha_0.50__persistence_5,pca_reconstruction,per_mode,mean_plus_1.0_std,alpha_0.50,0.5,5,3.8461538461538463,35.256410256410255,422.9976978068581,21.234567901234566,100.0,5.5,33.0,False
pca_reconstruction__per_mode__mean_plus_1.0_std__ewma_alpha_0.50__persistence_8,pca_reconstruction,per_mode,mean_plus_1.0_std,alpha_0.50,0.5,8,3.8461538461538463,36.53846153846154,365.2005331394644,16.875871687587168,100.0,9.0,30.0,False
pca_reconstruction__per_mode__mean_plus_1.0_std__ewma_alpha_0.80__persistence_1,pca_reconstruction,per_mode,mean_plus_1.0_std,alpha_0.80,0.8,1,3.8461538461538463,29.48717948717949,568.6417060462862,68.14814814814815,100.0,2.5,38.0,False
pca_reconstruction__per_mode__mean_plus_1.0_std__ewma_alpha_0.80__persistence_3,pca_reconstruction,per_mode,mean_plus_1.0_std,alpha_0.80,0.8,3,3.8461538461538463,32.05128205128205,469.2838967648128,34.23868312757202,100.0,3.0,37.5,False
pca_reconstruction__per_mode__mean_plus_1.0_std__ewma_alpha_0.80__persistence_5,pca_reconstruction,per_mode,mean_plus_1.0_std,alpha_0.80,0.8,5,3.8461538461538463,35.897435897435905,412.3349085181146,22.87308228730823,100.0,6.0,33.0,False
pca_reconstruction__per_mode__mean_plus_1.0_std__ewma_alpha_0.80__persistence_8,pca_reconstruction,per_mode,mean_plus_1.0_std,alpha_0.80,0.8,8,3.8461538461538463,37.820512820512825,351.50854234823703,17.01534170153417,100.0,9.5,28.5,False
pca_reconstruction__per_mode__mean_plus_1.5_std__ewma_off__persistence_1,pca_reconstruction,per_mode,mean_plus_1.5_std,off,,1,7.6923076923076925,51.92307692307693,355.6282563916152,76.42956764295677,100.0,2.0,34.0,False
pca_reconstruction__per_mode__mean_plus_1.5_std__ewma_off__persistence_3,pca_reconstruction,per_mode,mean_plus_1.5_std,off,,3,9.615384615384615,55.769230769230774,238.0952380952381,31.62486368593239,98.07692307692308,4.0,33.0,False
pca_reconstruction__per_mode__mean_plus_1.5_std__ewma_off__persistence_5,pca_reconstruction,per_mode,mean_plus_1.5_std,off,,5,15.384615384615385,58.97435897435898,183.56961105052707,18.90221737549982,98.07692307692308,8.5,29.5,False
pca_reconstruction__per_mode__mean_plus_1.5_std__ewma_off__persistence_8,pca_reconstruction,per_mode,mean_plus_1.5_std,off,,8,23.076923076923077,64.1025641025641,136.9199079122743,11.632133769538349,92.3076923076923,13.5,25.0,False
pca_reconstruction__per_mode__mean_plus_1.5_std__ewma_alpha_0.20__persistence_1,pca_reconstruction,per_mode,mean_plus_1.5_std,alpha_0.20,0.2,1,19.23076923076923,65.38461538461539,269.23542954077305,49.557736580637346,100.0,5.5,32.0,False
pca_reconstruction__per_mode__mean_plus_1.5_std__ewma_alpha_0.20__persistence_3,pca_reconstruction,per_mode,mean_plus_1.5_std,alpha_0.20,0.2,3,34.61538461538461,71.7948717948718,184.17545135102387,26.05113292136193,96.15384615384616,8.0,30.0,False
pca_reconstruction__per_mode__mean_plus_1.5_std__ewma_alpha_0.20__persistence_5,pca_reconstruction,per_mode,mean_plus_1.5_std,alpha_0.20,0.2,5,44.23076923076923,75.64102564102565,136.6775717920756,18.538713195201744,90.38461538461539,11.0,28.0,False
pca_reconstruction__per_mode__mean_plus_1.5_std__ewma_alpha_0.20__persistence_8,pca_reconstruction,per_mode,mean_plus_1.5_std,alpha_0.20,0.2,8,44.23076923076923,73.71794871794872,90.99721313461771,9.572276747849267,75.0,16.0,22.0,False
pca_reconstruction__per_mode__mean_plus_1.5_std__ewma_alpha_0.50__persistence_1,pca_reconstruction,per_mode,mean_plus_1.5_std,alpha_0.50,0.5,1,11.538461538461538,54.48717948717948,323.397552405186,54.525627044711015,100.0,3.0,34.0,False
pca_reconstruction__per_mode__mean_plus_1.5_std__ewma_alpha_0.50__persistence_3,pca_reconstruction,per_mode,mean_plus_1.5_std,alpha_0.50,0.5,3,11.538461538461538,57.6923076923077,230.09814612868047,31.38252756573367,100.0,5.0,31.5,False
pca_reconstruction__per_mode__mean_plus_1.5_std__ewma_alpha_0.50__persistence_5,pca_reconstruction,per_mode,mean_plus_1.5_std,alpha_0.50,0.5,5,17.307692307692307,60.256410256410255,173.75499818247908,20.356234096692113,100.0,8.0,28.0,False
pca_reconstruction__per_mode__mean_plus_1.5_std__ewma_alpha_0.50__persistence_8,pca_reconstruction,per_mode,mean_plus_1.5_std,alpha_0.50,0.5,8,26.923076923076923,64.74358974358974,124.80310190233854,10.662789288743488,86.53846153846153,13.0,25.0,False
pca_reconstruction__per_mode__mean_plus_1.5_std__ewma_alpha_0.80__persistence_1,pca_reconstruction,per_mode,mean_plus_1.5_std,alpha_0.80,0.8,1,7.6923076923076925,52.56410256410256,343.39028232158006,64.71408647140865,100.0,2.0,35.0,False
pca_reconstruction__per_mode__mean_plus_1.5_std__ewma_alpha_0.80__persistence_3,pca_reconstruction,per_mode,mean_plus_1.5_std,alpha_0.80,0.8,3,9.615384615384615,55.769230769230774,237.73173391494,30.89785532533624,100.0,4.0,33.0,False
pca_reconstruction__per_mode__mean_plus_1.5_std__ewma_alpha_0.80__persistence_5,pca_reconstruction,per_mode,mean_plus_1.5_std,alpha_0.80,0.8,5,15.384615384615385,58.97435897435898,183.08493881012964,19.38688961589725,100.0,8.5,29.5,False
pca_reconstruction__per_mode__mean_plus_1.5_std__ewma_alpha_0.80__persistence_8,pca_reconstruction,per_mode,mean_plus_1.5_std,alpha_0.80,0.8,8,23.076923076923077,64.1025641025641,134.7388828304859,11.632133769538349,90.38461538461539,13.5,24.5,False
pca_reconstruction__per_mode__mean_plus_2.0_std__ewma_off__persistence_1,pca_reconstruction,per_mode,mean_plus_2.0_std,off,,1,0.0,0.0,0.0,0.0,0.0,,,True
pca_reconstruction__per_mode__mean_plus_2.0_std__ewma_off__persistence_3,pca_reconstruction,per_mode,mean_plus_2.0_std,off,,3,0.0,0.0,0.0,0.0,0.0,,,True
pca_reconstruction__per_mode__mean_plus_2.0_std__ewma_off__persistence_5,pca_reconstruction,per_mode,mean_plus_2.0_std,off,,5,0.0,0.0,0.0,0.0,0.0,,,True
pca_reconstruction__per_mode__mean_plus_2.0_std__ewma_off__persistence_8,pca_reconstruction,per_mode,mean_plus_2.0_std,off,,8,0.0,0.0,0.0,0.0,0.0,,,True
pca_reconstruction__per_mode__mean_plus_2.0_std__ewma_alpha_0.20__persistence_1,pca_reconstruction,per_mode,mean_plus_2.0_std,alpha_0.20,0.2,1,0.0,0.0,0.0,0.0,0.0,,,True
pca_reconstruction__per_mode__mean_plus_2.0_std__ewma_alpha_0.20__persistence_3,pca_reconstruction,per_mode,mean_plus_2.0_std,alpha_0.20,0.2,3,0.0,0.0,0.0,0.0,0.0,,,True
pca_reconstruction__per_mode__mean_plus_2.0_std__ewma_alpha_0.20__persistence_5,pca_reconstruction,per_mode,mean_plus_2.0_std,alpha_0.20,0.2,5,0.0,0.0,0.0,0.0,0.0,,,True
pca_reconstruction__per_mode__mean_plus_2.0_std__ewma_alpha_0.20__persistence_8,pca_reconstruction,per_mode,mean_plus_2.0_std,alpha_0.20,0.2,8,0.0,0.0,0.0,0.0,0.0,,,True
pca_reconstruction__per_mode__mean_plus_2.0_std__ewma_alpha_0.50__persistence_1,pca_reconstruction,per_mode,mean_plus_2.0_std,alpha_0.50,0.5,1,0.0,0.0,0.0,0.0,0.0,,,True
pca_reconstruction__per_mode__mean_plus_2.0_std__ewma_alpha_0.50__persistence_3,pca_reconstruction,per_mode,mean_plus_2.0_std,alpha_0.50,0.5,3,0.0,0.0,0.0,0.0,0.0,,,True
pca_reconstruction__per_mode__mean_plus_2.0_std__ewma_alpha_0.50__persistence_5,pca_reconstruction,per_mode,mean_plus_2.0_std,alpha_0.50,0.5,5,0.0,0.0,0.0,0.0,0.0,,,True
pca_reconstruction__per_mode__mean_plus_2.0_std__ewma_alpha_0.50__persistence_8,pca_reconstruction,per_mode,mean_plus_2.0_std,alpha_0.50,0.5,8,0.0,0.0,0.0,0.0,0.0,,,True
pca_reconstruction__per_mode__mean_plus_2.0_std__ewma_alpha_0.80__persistence_1,pca_reconstruction,per_mode,mean_plus_2.0_std,alpha_0.80,0.8,1,0.0,0.0,0.0,0.0,0.0,,,True
pca_reconstruction__per_mode__mean_plus_2.0_std__ewma_alpha_0.80__persistence_3,pca_reconstruction,per_mode,mean_plus_2.0_std,alpha_0.80,0.8,3,0.0,0.0,0.0,0.0,0.0,,,True
pca_reconstruction__per_mode__mean_plus_2.0_std__ewma_alpha_0.80__persistence_5,pca_reconstruction,per_mode,mean_plus_2.0_std,alpha_0.80,0.8,5,0.0,0.0,0.0,0.0,0.0,,,True
pca_reconstruction__per_mode__mean_plus_2.0_std__ewma_alpha_0.80__persistence_8,pca_reconstruction,per_mode,mean_plus_2.0_std,alpha_0.80,0.8,8,0.0,0.0,0.0,0.0,0.0,,,True
lstm_calibrated_ensemble__global__quantile_0.900__ewma_off__persistence_1,lstm_calibrated_ensemble,global,quantile_0.900,off,,1,0.0,21.794871794871796,386.404943656852,14.783821478382148,100.0,,,False
lstm_calibrated_ensemble__global__quantile_0.900__ewma_off__persistence_3,lstm_calibrated_ensemble,global,quantile_0.900,off,,3,0.0,24.35897435897436,360.7173149157882,10.878661087866108,100.0,,,False
lstm_calibrated_ensemble__global__quantile_0.900__ewma_off__persistence_5,lstm_calibrated_ensemble,global,quantile_0.900,off,,5,0.0,24.35897435897436,340.1187446988974,9.902370990237099,100.0,,,False
lstm_calibrated_ensemble__global__quantile_0.900__ewma_off__persistence_8,lstm_calibrated_ensemble,global,quantile_0.900,off,,8,3.8461538461538463,27.564102564102566,311.52308251544895,8.507670850767084,96.15384615384616,10.0,29.0,False
lstm_calibrated_ensemble__global__quantile_0.900__ewma_alpha_0.20__persistence_1,lstm_calibrated_ensemble,global,quantile_0.900,alpha_0.20,0.2,1,0.0,24.35897435897436,360.23264267539076,9.208772567551193,100.0,,,False
lstm_calibrated_ensemble__global__quantile_0.900__ewma_alpha_0.20__persistence_3,lstm_calibrated_ensemble,global,quantile_0.900,alpha_0.20,0.2,3,1.9230769230769231,26.923076923076923,341.93626560038774,9.087604507451836,98.07692307692308,7.0,31.0,False
lstm_calibrated_ensemble__global__quantile_0.900__ewma_alpha_0.20__persistence_5,lstm_calibrated_ensemble,global,quantile_0.900,alpha_0.20,0.2,5,3.8461538461538463,30.128205128205128,324.00339270568276,8.481764206955047,96.15384615384616,9.0,31.0,False
lstm_calibrated_ensemble__global__quantile_0.900__ewma_alpha_0.20__persistence_8,lstm_calibrated_ensemble,global,quantile_0.900,alpha_0.20,0.2,8,7.6923076923076925,35.256410256410255,299.0427723252151,7.7547558463589,92.3076923076923,8.0,28.5,False
lstm_calibrated_ensemble__global__quantile_0.900__ewma_alpha_0.50__persistence_1,lstm_calibrated_ensemble,global,quantile_0.900,alpha_0.50,0.5,1,0.0,22.435897435897434,379.619532291288,11.297071129707113,100.0,,,False
lstm_calibrated_ensemble__global__quantile_0.900__ewma_alpha_0.50__persistence_3,lstm_calibrated_ensemble,global,quantile_0.900,alpha_0.50,0.5,3,0.0,23.076923076923077,358.1727856537017,9.902370990237099,100.0,,,False
lstm_calibrated_ensemble__global__quantile_0.900__ewma_alpha_0.50__persistence_5,lstm_calibrated_ensemble,global,quantile_0.900,alpha_0.50,0.5,5,0.0,24.35897435897436,339.02823215800316,9.208772567551193,100.0,,,False
lstm_calibrated_ensemble__global__quantile_0.900__ewma_alpha_0.50__persistence_8,lstm_calibrated_ensemble,global,quantile_0.900,alpha_0.50,0.5,8,3.8461538461538463,29.487179487179485,312.6135950563432,7.9970919665576155,96.15384615384616,9.0,29.0,False
lstm_calibrated_ensemble__global__quantile_0.900__ewma_alpha_0.80__persistence_1,lstm_calibrated_ensemble,global,quantile_0.900,alpha_0.80,0.8,1,0.0,21.153846153846153,384.70859081546104,13.249651324965132,100.0,,,False
lstm_calibrated_ensemble__global__quantile_0.900__ewma_alpha_0.80__persistence_3,lstm_calibrated_ensemble,global,quantile_0.900,alpha_0.80,0.8,3,0.0,23.717948717948715,361.323155216285,10.460251046025105,100.0,,,False
lstm_calibrated_ensemble__global__quantile_0.900__ewma_alpha_0.80__persistence_5,lstm_calibrated_ensemble,global,quantile_0.900,alpha_0.80,0.8,5,0.0,23.717948717948715,341.57276142008965,9.483960948396096,100.0,,,False
lstm_calibrated_ensemble__global__quantile_0.900__ewma_alpha_0.80__persistence_8,lstm_calibrated_ensemble,global,quantile_0.900,alpha_0.80,0.8,8,3.8461538461538463,28.205128205128204,314.30994789773416,8.36059614685569,96.15384615384616,9.0,29.0,False
lstm_calibrated_ensemble__global__quantile_0.950__ewma_off__persistence_1,lstm_calibrated_ensemble,global,quantile_0.950,off,,1,0.0,25.0,323.397552405186,12.691771269177126,100.0,,,False
lstm_calibrated_ensemble__global__quantile_0.950__ewma_off__persistence_3,lstm_calibrated_ensemble,global,quantile_0.950,off,,3,0.0,26.28205128205128,300.49678904640734,9.087604507451836,100.0,,,False
lstm_calibrated_ensemble__global__quantile_0.950__ewma_off__persistence_5,lstm_calibrated_ensemble,global,quantile_0.950,off,,5,3.8461538461538463,29.487179487179485,283.0485883920998,8.23942808675633,96.15384615384616,10.0,29.0,False
lstm_calibrated_ensemble__global__quantile_0.950__ewma_off__persistence_8,lstm_calibrated_ensemble,global,quantile_0.950,off,,8,3.8461538461538463,35.256410256410255,258.93614443232764,7.633587786259542,96.15384615384616,8.0,29.5,False
lstm_calibrated_ensemble__global__quantile_0.950__ewma_alpha_0.20__persistence_1,lstm_calibrated_ensemble,global,quantile_0.950,alpha_0.20,0.2,1,3.8461538461538463,32.05128205128205,282.80625227190114,7.7547558463589,96.15384615384616,9.0,29.0,False
lstm_calibrated_ensemble__global__quantile_0.950__ewma_alpha_0.20__persistence_3,lstm_calibrated_ensemble,global,quantile_0.950,alpha_0.20,0.2,3,3.8461538461538463,34.61538461538461,267.29674057918334,7.7547558463589,96.15384615384616,7.5,29.0,False
lstm_calibrated_ensemble__global__quantile_0.950__ewma_alpha_0.20__persistence_5,lstm_calibrated_ensemble,global,quantile_0.950,alpha_0.20,0.2,5,7.6923076923076925,40.38461538461539,252.27190112686296,7.270083605961468,92.3076923076923,7.0,30.0,False
lstm_calibrated_ensemble__global__quantile_0.950__ewma_alpha_0.20__persistence_8,lstm_calibrated_ensemble,global,quantile_0.950,alpha_0.20,0.2,8,11.538461538461538,45.51282051282052,230.82515448927663,6.906579425663395,88.46153846153847,9.0,27.0,False
lstm_calibrated_ensemble__global__quantile_0.950__ewma_alpha_0.50__persistence_1,lstm_calibrated_ensemble,global,quantile_0.950,alpha_0.50,0.5,1,0.0,25.64102564102564,312.6135950563432,9.32994062765055,100.0,,,False
lstm_calibrated_ensemble__global__quantile_0.950__ewma_alpha_0.50__persistence_3,lstm_calibrated_ensemble,global,quantile_0.950,alpha_0.50,0.5,3,0.0,28.84615384615385,294.6807221616382,8.481764206955047,100.0,,,False
lstm_calibrated_ensemble__global__quantile_0.950__ewma_alpha_0.50__persistence_5,lstm_calibrated_ensemble,global,quantile_0.950,alpha_0.50,0.5,5,3.8461538461538463,31.41025641025641,278.08069792802615,7.9970919665576155,96.15384615384616,10.0,28.5,False
lstm_calibrated_ensemble__global__quantile_0.950__ewma_alpha_0.50__persistence_8,lstm_calibrated_ensemble,global,quantile_0.950,alpha_0.50,0.5,8,3.8461538461538463,36.53846153846154,254.57409426875077,7.3912516660608265,96.15384615384616,7.0,29.0,False
lstm_calibrated_ensemble__global__quantile_0.950__ewma_alpha_0.80__persistence_1,lstm_calibrated_ensemble,global,quantile_0.950,alpha_0.80,0.8,1,0.0,25.0,320.36835090270205,11.436541143654114,100.0,,,False
lstm_calibrated_ensemble__global__quantile_0.950__ewma_alpha_0.80__persistence_3,lstm_calibrated_ensemble,global,quantile_0.950,alpha_0.80,0.8,3,0.0,26.923076923076923,299.2851084454138,8.84526838725312,100.0,,,False
lstm_calibrated_ensemble__global__quantile_0.950__ewma_alpha_0.80__persistence_5,lstm_calibrated_ensemble,global,quantile_0.950,alpha_0.80,0.8,5,3.8461538461538463,30.76923076923077,281.95807585120565,8.36059614685569,96.15384615384616,9.5,30.0,False
lstm_calibrated_ensemble__global__quantile_0.950__ewma_alpha_0.80__persistence_8,lstm_calibrated_ensemble,global,quantile_0.950,alpha_0.80,0.8,8,3.8461538461538463,35.256410256410255,257.6032957712347,7.633587786259542,96.15384615384616,7.0,29.0,False
lstm_calibrated_ensemble__global__quantile_0.975__ewma_off__persistence_1,lstm_calibrated_ensemble,global,quantile_0.975,off,,1,0.0,28.846153846153843,263.4193626560039,10.905125408942203,100.0,,,False
lstm_calibrated_ensemble__global__quantile_0.975__ewma_off__persistence_3,lstm_calibrated_ensemble,global,quantile_0.975,off,,3,1.9230769230769231,34.61538461538461,242.6996243790137,8.84526838725312,98.07692307692308,6.0,33.0,False
lstm_calibrated_ensemble__global__quantile_0.975__ewma_off__persistence_5,lstm_calibrated_ensemble,global,quantile_0.975,off,,5,3.8461538461538463,37.82051282051282,225.7360959651036,8.118260026656973,96.15384615384616,9.0,31.0,False
lstm_calibrated_ensemble__global__quantile_0.975__ewma_off__persistence_8,lstm_calibrated_ensemble,global,quantile_0.975,off,,8,5.769230769230769,44.87179487179487,202.10832424572882,7.512419726160184,94.23076923076923,6.0,30.0,False
lstm_calibrated_ensemble__global__quantile_0.975__ewma_alpha_0.20__persistence_1,lstm_calibrated_ensemble,global,quantile_0.975,alpha_0.20,0.2,1,7.6923076923076925,44.230769230769226,211.43826487337938,7.512419726160184,92.3076923076923,6.5,30.0,False
lstm_calibrated_ensemble__global__quantile_0.975__ewma_alpha_0.20__persistence_3,lstm_calibrated_ensemble,global,quantile_0.975,alpha_0.20,0.2,3,11.538461538461538,48.07692307692307,196.53459348115837,6.906579425663395,90.38461538461539,8.0,28.0,False
lstm_calibrated_ensemble__global__quantile_0.975__ewma_alpha_0.20__persistence_5,lstm_calibrated_ensemble,global,quantile_0.975,alpha_0.20,0.2,5,13.461538461538462,50.0,182.72143462983158,6.664243305464679,88.46153846153847,10.0,26.0,False
lstm_calibrated_ensemble__global__quantile_0.975__ewma_alpha_0.20__persistence_8,lstm_calibrated_ensemble,global,quantile_0.975,alpha_0.20,0.2,8,15.384615384615385,52.56410256410256,162.8498727735369,6.179571065067249,84.61538461538461,12.5,23.0,False
lstm_calibrated_ensemble__global__quantile_0.975__ewma_alpha_0.50__persistence_1,lstm_calibrated_ensemble,global,quantile_0.975,alpha_0.50,0.5,1,3.8461538461538463,34.61538461538461,251.78722888646553,8.724100327153762,96.15384615384616,6.0,31.5,False
lstm_calibrated_ensemble__global__quantile_0.975__ewma_alpha_0.50__persistence_3,lstm_calibrated_ensemble,global,quantile_0.975,alpha_0.50,0.5,3,3.8461538461538463,36.53846153846154,234.58136435235673,8.36059614685569,96.15384615384616,9.0,30.0,False
lstm_calibrated_ensemble__global__quantile_0.975__ewma_alpha_0.50__persistence_5,lstm_calibrated_ensemble,global,quantile_0.975,alpha_0.50,0.5,5,3.8461538461538463,40.38461538461538,217.9813401187447,8.118260026656973,96.15384615384616,7.5,28.5,False
lstm_calibrated_ensemble__global__quantile_0.975__ewma_alpha_0.50__persistence_8,lstm_calibrated_ensemble,global,quantile_0.975,alpha_0.50,0.5,8,7.6923076923076925,46.794871794871796,194.47473645946928,7.148915545862111,92.3076923076923,8.0,29.0,False
lstm_calibrated_ensemble__global__quantile_0.975__ewma_alpha_0.80__persistence_1,lstm_calibrated_ensemble,global,quantile_0.975,alpha_0.80,0.8,1,0.0,30.76923076923077,259.9054889131225,9.814612868047982,100.0,,,False
lstm_calibrated_ensemble__global__quantile_0.975__ewma_alpha_0.80__persistence_3,lstm_calibrated_ensemble,global,quantile_0.975,alpha_0.80,0.8,3,3.8461538461538463,35.256410256410255,240.88210347752332,8.602932267054404,96.15384615384616,6.0,32.0,False
lstm_calibrated_ensemble__global__quantile_0.975__ewma_alpha_0.80__persistence_5,lstm_calibrated_ensemble,global,quantile_0.975,alpha_0.80,0.8,5,3.8461538461538463,38.46153846153846,224.2820792439113,7.9970919665576155,96.15384615384616,10.0,30.0,False
lstm_calibrated_ensemble__global__quantile_0.975__ewma_alpha_0.80__persistence_8,lstm_calibrated_ensemble,global,quantile_0.975,alpha_0.80,0.8,8,5.769230769230769,45.51282051282052,200.89664364473524,7.3912516660608265,94.23076923076923,6.5,29.5,False
lstm_calibrated_ensemble__global__quantile_0.990__ewma_off__persistence_1,lstm_calibrated_ensemble,global,quantile_0.990,off,,1,5.769230769230769,48.07692307692307,178.35938446625468,8.36059614685569,94.23076923076923,6.5,31.5,False
lstm_calibrated_ensemble__global__quantile_0.990__ewma_off__persistence_3,lstm_calibrated_ensemble,global,quantile_0.990,off,,3,5.769230769230769,51.28205128205128,162.12286441294074,7.633587786259542,94.23076923076923,7.0,30.0,False
lstm_calibrated_ensemble__global__quantile_0.990__ewma_off__persistence_5,lstm_calibrated_ensemble,global,quantile_0.990,off,,5,7.6923076923076925,52.56410256410256,146.97685690052103,7.512419726160184,94.23076923076923,9.0,28.0,False
lstm_calibrated_ensemble__global__quantile_0.990__ewma_off__persistence_8,lstm_calibrated_ensemble,global,quantile_0.990,off,,8,17.307692307692307,58.97435897435898,125.65127832303405,6.4219071852659635,82.6923076923077,9.0,26.0,False
lstm_calibrated_ensemble__global__quantile_0.990__ewma_alpha_0.20__persistence_1,lstm_calibrated_ensemble,global,quantile_0.990,alpha_0.20,0.2,1,19.23076923076923,58.333333333333336,128.43814370531928,6.05840300496789,82.6923076923077,12.0,23.0,False
lstm_calibrated_ensemble__global__quantile_0.990__ewma_alpha_0.20__persistence_3,lstm_calibrated_ensemble,global,quantile_0.990,alpha_0.20,0.2,3,21.153846153846153,59.61538461538462,116.44250575548286,5.8160668847691745,80.76923076923077,14.0,21.5,False
lstm_calibrated_ensemble__global__quantile_0.990__ewma_alpha_0.20__persistence_5,lstm_calibrated_ensemble,global,quantile_0.990,alpha_0.20,0.2,5,26.923076923076923,62.82051282051282,105.05270810614321,5.452562704471101,75.0,15.5,20.0,False
lstm_calibrated_ensemble__global__quantile_0.990__ewma_alpha_0.20__persistence_8,lstm_calibrated_ensemble,global,quantile_0.990,alpha_0.20,0.2,8,32.69230769230769,64.74358974358974,89.3008602932267,4.725554343874955,63.46153846153846,17.5,21.5,False
lstm_calibrated_ensemble__global__quantile_0.990__ewma_alpha_0.50__persistence_1,lstm_calibrated_ensemble,global,quantile_0.990,alpha_0.50,0.5,1,5.769230769230769,48.07692307692307,168.302435478008,7.270083605961468,94.23076923076923,7.0,29.0,False
lstm_calibrated_ensemble__global__quantile_0.990__ewma_alpha_0.50__persistence_3,lstm_calibrated_ensemble,global,quantile_0.990,alpha_0.50,0.5,3,9.615384615384615,51.92307692307693,153.76226826608507,6.906579425663395,92.3076923076923,9.0,27.0,False
lstm_calibrated_ensemble__global__quantile_0.990__ewma_alpha_0.50__persistence_5,lstm_calibrated_ensemble,global,quantile_0.990,alpha_0.50,0.5,5,13.461538461538462,54.48717948717948,139.94910941475828,6.664243305464679,88.46153846153847,9.0,27.0,False
lstm_calibrated_ensemble__global__quantile_0.990__ewma_alpha_0.50__persistence_8,lstm_calibrated_ensemble,global,quantile_0.990,alpha_0.50,0.5,8,19.23076923076923,58.333333333333336,121.04689203925845,5.8160668847691745,80.76923076923077,12.0,24.0,False
lstm_calibrated_ensemble__global__quantile_0.990__ewma_alpha_0.80__persistence_1,lstm_calibrated_ensemble,global,quantile_0.990,alpha_0.80,0.8,1,5.769230769230769,48.71794871794872,176.0571913243669,7.9970919665576155,94.23076923076923,6.5,31.5,False
lstm_calibrated_ensemble__global__quantile_0.990__ewma_alpha_0.80__persistence_3,lstm_calibrated_ensemble,global,quantile_0.990,alpha_0.80,0.8,3,7.6923076923076925,52.56410256410256,160.3053435114504,7.3912516660608265,94.23076923076923,7.0,30.0,False
lstm_calibrated_ensemble__global__quantile_0.990__ewma_alpha_0.80__persistence_5,lstm_calibrated_ensemble,global,quantile_0.990,alpha_0.80,0.8,5,9.615384615384615,53.205128205128204,145.52284017932874,7.270083605961468,92.3076923076923,9.0,28.0,False
lstm_calibrated_ensemble__global__quantile_0.990__ewma_alpha_0.80__persistence_8,lstm_calibrated_ensemble,global,quantile_0.990,alpha_0.80,0.8,8,17.307692307692307,59.61538461538462,124.68193384223919,6.300739125166606,82.6923076923077,9.5,26.0,False
lstm_calibrated_ensemble__global__quantile_0.995__ewma_off__persistence_1,lstm_calibrated_ensemble,global,quantile_0.995,off,,1,32.69230769230769,71.7948717948718,67.97528171573973,4.846722403974312,69.23076923076923,17.5,23.0,False
lstm_calibrated_ensemble__global__quantile_0.995__ewma_off__persistence_3,lstm_calibrated_ensemble,global,quantile_0.995,off,,3,40.38461538461539,75.0,58.64534108808918,4.119714043378165,61.53846153846154,19.0,22.0,True
lstm_calibrated_ensemble__global__quantile_0.995__ewma_off__persistence_5,lstm_calibrated_ensemble,global,quantile_0.995,off,,5,48.07692307692308,78.20512820512822,50.64824912153156,3.5138737428813767,53.84615384615385,21.0,20.0,True
lstm_calibrated_ensemble__global__quantile_0.995__ewma_off__persistence_8,lstm_calibrated_ensemble,global,quantile_0.995,off,,8,46.15384615384615,72.43589743589745,40.712468193384225,2.7868653822852294,42.30769230769231,21.0,20.0,True
lstm_calibrated_ensemble__global__quantile_0.995__ewma_alpha_0.20__persistence_1,lstm_calibrated_ensemble,global,quantile_0.995,alpha_0.20,0.2,1,44.23076923076923,77.56410256410257,49.19423240033927,3.87737792317945,57.69230769230769,19.0,20.0,True
lstm_calibrated_ensemble__global__quantile_0.995__ewma_alpha_0.20__persistence_3,lstm_calibrated_ensemble,global,quantile_0.995,alpha_0.20,0.2,3,48.07692307692308,79.48717948717949,41.681812674179085,3.392705682782019,51.92307692307692,19.5,20.0,True
lstm_calibrated_ensemble__global__quantile_0.995__ewma_alpha_0.20__persistence_5,lstm_calibrated_ensemble,global,quantile_0.995,alpha_0.20,0.2,5,50.0,75.0,35.25990548891312,2.665697322185872,40.38461538461539,19.0,19.0,True
lstm_calibrated_ensemble__global__quantile_0.995__ewma_alpha_0.20__persistence_8,lstm_calibrated_ensemble,global,quantile_0.995,alpha_0.20,0.2,8,46.15384615384615,69.87179487179488,27.383981582454865,2.423361201987156,36.53846153846154,21.5,17.5,True
lstm_calibrated_ensemble__global__quantile_0.995__ewma_alpha_0.50__persistence_1,lstm_calibrated_ensemble,global,quantile_0.995,alpha_0.50,0.5,1,32.69230769230769,72.43589743589745,63.492063492063494,4.725554343874955,69.23076923076923,17.0,23.0,False
lstm_calibrated_ensemble__global__quantile_0.995__ewma_alpha_0.50__persistence_3,lstm_calibrated_ensemble,global,quantile_0.995,alpha_0.50,0.5,3,42.30769230769231,75.64102564102564,54.2832909245123,3.9985459832788077,59.61538461538461,19.0,21.0,True
lstm_calibrated_ensemble__global__quantile_0.995__ewma_alpha_0.50__persistence_5,lstm_calibrated_ensemble,global,quantile_0.995,alpha_0.50,0.5,5,50.0,80.76923076923077,46.77087119835211,3.392705682782019,51.92307692307692,19.5,20.0,True
lstm_calibrated_ensemble__global__quantile_0.995__ewma_alpha_0.50__persistence_8,lstm_calibrated_ensemble,global,quantile_0.995,alpha_0.50,0.5,8,48.07692307692308,73.71794871794872,37.3197625106022,2.665697322185872,40.38461538461539,21.0,19.5,True
lstm_calibrated_ensemble__global__quantile_0.995__ewma_alpha_0.80__persistence_1,lstm_calibrated_ensemble,global,quantile_0.995,alpha_0.80,0.8,1,32.69230769230769,71.7948717948718,66.88476917484552,4.725554343874955,69.23076923076923,17.5,23.0,False
lstm_calibrated_ensemble__global__quantile_0.995__ewma_alpha_0.80__persistence_3,lstm_calibrated_ensemble,global,quantile_0.995,alpha_0.80,0.8,3,40.38461538461539,75.0,57.675996607294316,4.119714043378165,61.53846153846154,19.0,22.0,True
lstm_calibrated_ensemble__global__quantile_0.995__ewma_alpha_0.80__persistence_5,lstm_calibrated_ensemble,global,quantile_0.995,alpha_0.80,0.8,5,48.07692307692308,78.20512820512822,49.80007270083606,3.5138737428813767,53.84615384615385,21.0,20.0,True
lstm_calibrated_ensemble__global__quantile_0.995__ewma_alpha_0.80__persistence_8,lstm_calibrated_ensemble,global,quantile_0.995,alpha_0.80,0.8,8,46.15384615384615,73.07692307692308,39.864291772688716,2.7868653822852294,42.30769230769231,20.5,20.0,True
lstm_calibrated_ensemble__global__mean_plus_1.0_std__ewma_off__persistence_1,lstm_calibrated_ensemble,global,mean_plus_1.0_std,off,,1,0.0,16.666666666666668,506.36132315521627,19.525801952580196,100.0,,,False
lstm_calibrated_ensemble__global__mean_plus_1.0_std__ewma_off__persistence_3,lstm_calibrated_ensemble,global,mean_plus_1.0_std,off,,3,0.0,17.94871794871795,475.099963649582,12.97071129707113,100.0,,,False
lstm_calibrated_ensemble__global__mean_plus_1.0_std__ewma_off__persistence_5,lstm_calibrated_ensemble,global,mean_plus_1.0_std,off,,5,0.0,18.589743589743588,451.71452805040593,11.297071129707113,100.0,,,False
lstm_calibrated_ensemble__global__mean_plus_1.0_std__ewma_off__persistence_8,lstm_calibrated_ensemble,global,mean_plus_1.0_std,off,,8,0.0,21.794871794871796,420.6955046649703,9.623430962343097,100.0,,,False
lstm_calibrated_ensemble__global__mean_plus_1.0_std__ewma_alpha_0.20__persistence_1,lstm_calibrated_ensemble,global,mean_plus_1.0_std,alpha_0.20,0.2,1,0.0,17.94871794871795,488.1861141403126,11.157601115760112,100.0,,,False
lstm_calibrated_ensemble__global__mean_plus_1.0_std__ewma_alpha_0.20__persistence_3,lstm_calibrated_ensemble,global,mean_plus_1.0_std,alpha_0.20,0.2,3,0.0,18.589743589743588,467.4663758633224,10.878661087866108,100.0,,,False
lstm_calibrated_ensemble__global__mean_plus_1.0_std__ewma_alpha_0.20__persistence_5,lstm_calibrated_ensemble,global,mean_plus_1.0_std,alpha_0.20,0.2,5,0.0,21.794871794871796,447.4736459469284,9.762900976290098,100.0,,,False
lstm_calibrated_ensemble__global__mean_plus_1.0_std__ewma_alpha_0.20__persistence_8,lstm_calibrated_ensemble,global,mean_plus_1.0_std,alpha_0.20,0.2,8,1.9230769230769231,24.35897435897436,419.4838240639767,8.84526838725312,98.07692307692308,7.0,30.5,False
lstm_calibrated_ensemble__global__mean_plus_1.0_std__ewma_alpha_0.50__persistence_1,lstm_calibrated_ensemble,global,mean_plus_1.0_std,alpha_0.50,0.5,1,0.0,17.307692307692307,501.63576881134134,13.807531380753138,100.0,,,False
lstm_calibrated_ensemble__global__mean_plus_1.0_std__ewma_alpha_0.50__persistence_3,lstm_calibrated_ensemble,global,mean_plus_1.0_std,alpha_0.50,0.5,3,0.0,18.589743589743588,477.15982067127106,12.412831241283124,100.0,,,False
lstm_calibrated_ensemble__global__mean_plus_1.0_std__ewma_alpha_0.50__persistence_5,lstm_calibrated_ensemble,global,mean_plus_1.0_std,alpha_0.50,0.5,5,0.0,19.23076923076923,454.50139343269115,11.157601115760112,100.0,,,False
lstm_calibrated_ensemble__global__mean_plus_1.0_std__ewma_alpha_0.50__persistence_8,lstm_calibrated_ensemble,global,mean_plus_1.0_std,alpha_0.50,0.5,8,0.0,22.435897435897434,423.967042287653,9.344490934449093,100.0,,,False
lstm_calibrated_ensemble__global__mean_plus_1.0_std__ewma_alpha_0.80__persistence_1,lstm_calibrated_ensemble,global,mean_plus_1.0_std,alpha_0.80,0.8,1,0.0,16.666666666666668,504.907306434024,16.317991631799163,100.0,,,False
lstm_calibrated_ensemble__global__mean_plus_1.0_std__ewma_alpha_0.80__persistence_3,lstm_calibrated_ensemble,global,mean_plus_1.0_std,alpha_0.80,0.8,3,0.0,18.589743589743588,477.2809887313704,12.691771269177126,100.0,,,False
lstm_calibrated_ensemble__global__mean_plus_1.0_std__ewma_alpha_0.80__persistence_5,lstm_calibrated_ensemble,global,mean_plus_1.0_std,alpha_0.80,0.8,5,0.0,18.589743589743588,454.2590573124924,11.01813110181311,100.0,,,False
lstm_calibrated_ensemble__global__mean_plus_1.0_std__ewma_alpha_0.80__persistence_8,lstm_calibrated_ensemble,global,mean_plus_1.0_std,alpha_0.80,0.8,8,0.0,21.794871794871796,423.8458742275536,9.483960948396096,100.0,,,False
lstm_calibrated_ensemble__global__mean_plus_1.5_std__ewma_off__persistence_1,lstm_calibrated_ensemble,global,mean_plus_1.5_std,off,,1,0.0,25.0,347.2676602447595,12.97071129707113,100.0,,,False
lstm_calibrated_ensemble__global__mean_plus_1.5_std__ewma_off__persistence_3,lstm_calibrated_ensemble,global,mean_plus_1.5_std,off,,3,0.0,25.64102564102564,323.6398885253847,10.056948988246699,100.0,,,False
lstm_calibrated_ensemble__global__mean_plus_1.5_std__ewma_off__persistence_5,lstm_calibrated_ensemble,global,mean_plus_1.5_std,off,,5,3.8461538461538463,28.205128205128204,304.01066278928874,8.724100327153762,96.15384615384616,7.5,28.5,False
lstm_calibrated_ensemble__global__mean_plus_1.5_std__ewma_off__persistence_8,lstm_calibrated_ensemble,global,mean_plus_1.5_std,off,,8,3.8461538461538463,32.05128205128205,278.44420210832425,7.9970919665576155,96.15384615384616,10.0,29.0,False
lstm_calibrated_ensemble__global__mean_plus_1.5_std__ewma_alpha_0.20__persistence_1,lstm_calibrated_ensemble,global,mean_plus_1.5_std,alpha_0.20,0.2,1,3.8461538461538463,28.84615384615385,310.6749060947534,7.9970919665576155,96.15384615384616,9.0,31.0,False
lstm_calibrated_ensemble__global__mean_plus_1.5_std__ewma_alpha_0.20__persistence_3,lstm_calibrated_ensemble,global,mean_plus_1.5_std,alpha_0.20,0.2,3,3.8461538461538463,32.05128205128205,294.6807221616382,7.875923906458258,96.15384615384616,8.0,30.0,False
lstm_calibrated_ensemble__global__mean_plus_1.5_std__ewma_alpha_0.20__persistence_5,lstm_calibrated_ensemble,global,mean_plus_1.5_std,alpha_0.20,0.2,5,5.769230769230769,34.61538461538461,279.050042408821,7.512419726160184,94.23076923076923,7.5,28.5,False
lstm_calibrated_ensemble__global__mean_plus_1.5_std__ewma_alpha_0.20__persistence_8,lstm_calibrated_ensemble,global,mean_plus_1.5_std,alpha_0.20,0.2,8,7.6923076923076925,40.38461538461539,256.87628741063855,7.270083605961468,92.3076923076923,7.0,29.0,False
lstm_calibrated_ensemble__global__mean_plus_1.5_std__ewma_alpha_0.50__persistence_1,lstm_calibrated_ensemble,global,mean_plus_1.5_std,alpha_0.50,0.5,1,0.0,24.358974358974354,338.78589603780443,10.599721059972106,100.0,,,False
lstm_calibrated_ensemble__global__mean_plus_1.5_std__ewma_alpha_0.50__persistence_3,lstm_calibrated_ensemble,global,mean_plus_1.5_std,alpha_0.50,0.5,3,0.0,25.0,318.5508300012117,9.623430962343097,100.0,,,False
lstm_calibrated_ensemble__global__mean_plus_1.5_std__ewma_alpha_0.50__persistence_5,lstm_calibrated_ensemble,global,mean_plus_1.5_std,alpha_0.50,0.5,5,3.8461538461538463,30.76923076923077,300.1332848661093,8.23942808675633,96.15384615384616,7.5,30.5,False
lstm_calibrated_ensemble__global__mean_plus_1.5_std__ewma_alpha_0.50__persistence_8,lstm_calibrated_ensemble,global,mean_plus_1.5_std,alpha_0.50,0.5,8,3.8461538461538463,33.333333333333336,276.14200896643644,7.7547558463589,96.15384615384616,8.5,29.0,False
lstm_calibrated_ensemble__global__mean_plus_1.5_std__ewma_alpha_0.80__persistence_1,lstm_calibrated_ensemble,global,mean_plus_1.5_std,alpha_0.80,0.8,1,0.0,24.358974358974354,345.6924754634678,11.99442119944212,100.0,,,False
lstm_calibrated_ensemble__global__mean_plus_1.5_std__ewma_alpha_0.80__persistence_3,lstm_calibrated_ensemble,global,mean_plus_1.5_std,alpha_0.80,0.8,3,0.0,25.0,323.6398885253847,10.181311018131101,100.0,,,False
lstm_calibrated_ensemble__global__mean_plus_1.5_std__ewma_alpha_0.80__persistence_5,lstm_calibrated_ensemble,global,mean_plus_1.5_std,alpha_0.80,0.8,5,3.8461538461538463,29.48717948717949,304.01066278928874,8.602932267054404,96.15384615384616,7.5,30.5,False
lstm_calibrated_ensemble__global__mean_plus_1.5_std__ewma_alpha_0.80__persistence_8,lstm_calibrated_ensemble,global,mean_plus_1.5_std,alpha_0.80,0.8,8,3.8461538461538463,32.05128205128205,278.80770628862234,7.9970919665576155,96.15384615384616,10.0,29.0,False
lstm_calibrated_ensemble__global__mean_plus_2.0_std__ewma_off__persistence_1,lstm_calibrated_ensemble,global,mean_plus_2.0_std,off,,1,0.0,0.0,0.0,0.0,0.0,,,True
lstm_calibrated_ensemble__global__mean_plus_2.0_std__ewma_off__persistence_3,lstm_calibrated_ensemble,global,mean_plus_2.0_std,off,,3,0.0,0.0,0.0,0.0,0.0,,,True
lstm_calibrated_ensemble__global__mean_plus_2.0_std__ewma_off__persistence_5,lstm_calibrated_ensemble,global,mean_plus_2.0_std,off,,5,0.0,0.0,0.0,0.0,0.0,,,True
lstm_calibrated_ensemble__global__mean_plus_2.0_std__ewma_off__persistence_8,lstm_calibrated_ensemble,global,mean_plus_2.0_std,off,,8,0.0,0.0,0.0,0.0,0.0,,,True
lstm_calibrated_ensemble__global__mean_plus_2.0_std__ewma_alpha_0.20__persistence_1,lstm_calibrated_ensemble,global,mean_plus_2.0_std,alpha_0.20,0.2,1,0.0,0.0,0.0,0.0,0.0,,,True
lstm_calibrated_ensemble__global__mean_plus_2.0_std__ewma_alpha_0.20__persistence_3,lstm_calibrated_ensemble,global,mean_plus_2.0_std,alpha_0.20,0.2,3,0.0,0.0,0.0,0.0,0.0,,,True
lstm_calibrated_ensemble__global__mean_plus_2.0_std__ewma_alpha_0.20__persistence_5,lstm_calibrated_ensemble,global,mean_plus_2.0_std,alpha_0.20,0.2,5,0.0,0.0,0.0,0.0,0.0,,,True
lstm_calibrated_ensemble__global__mean_plus_2.0_std__ewma_alpha_0.20__persistence_8,lstm_calibrated_ensemble,global,mean_plus_2.0_std,alpha_0.20,0.2,8,0.0,0.0,0.0,0.0,0.0,,,True
lstm_calibrated_ensemble__global__mean_plus_2.0_std__ewma_alpha_0.50__persistence_1,lstm_calibrated_ensemble,global,mean_plus_2.0_std,alpha_0.50,0.5,1,0.0,0.0,0.0,0.0,0.0,,,True
lstm_calibrated_ensemble__global__mean_plus_2.0_std__ewma_alpha_0.50__persistence_3,lstm_calibrated_ensemble,global,mean_plus_2.0_std,alpha_0.50,0.5,3,0.0,0.0,0.0,0.0,0.0,,,True
lstm_calibrated_ensemble__global__mean_plus_2.0_std__ewma_alpha_0.50__persistence_5,lstm_calibrated_ensemble,global,mean_plus_2.0_std,alpha_0.50,0.5,5,0.0,0.0,0.0,0.0,0.0,,,True
lstm_calibrated_ensemble__global__mean_plus_2.0_std__ewma_alpha_0.50__persistence_8,lstm_calibrated_ensemble,global,mean_plus_2.0_std,alpha_0.50,0.5,8,0.0,0.0,0.0,0.0,0.0,,,True
lstm_calibrated_ensemble__global__mean_plus_2.0_std__ewma_alpha_0.80__persistence_1,lstm_calibrated_ensemble,global,mean_plus_2.0_std,alpha_0.80,0.8,1,0.0,0.0,0.0,0.0,0.0,,,True
lstm_calibrated_ensemble__global__mean_plus_2.0_std__ewma_alpha_0.80__persistence_3,lstm_calibrated_ensemble,global,mean_plus_2.0_std,alpha_0.80,0.8,3,0.0,0.0,0.0,0.0,0.0,,,True
lstm_calibrated_ensemble__global__mean_plus_2.0_std__ewma_alpha_0.80__persistence_5,lstm_calibrated_ensemble,global,mean_plus_2.0_std,alpha_0.80,0.8,5,0.0,0.0,0.0,0.0,0.0,,,True
lstm_calibrated_ensemble__global__mean_plus_2.0_std__ewma_alpha_0.80__persistence_8,lstm_calibrated_ensemble,global,mean_plus_2.0_std,alpha_0.80,0.8,8,0.0,0.0,0.0,0.0,0.0,,,True
lstm_calibrated_ensemble__per_mode__quantile_0.900__ewma_off__persistence_1,lstm_calibrated_ensemble,per_mode,quantile_0.900,off,,1,0.0,21.794871794871796,388.1012964982431,19.665271966527197,100.0,,,False
lstm_calibrated_ensemble__per_mode__quantile_0.900__ewma_off__persistence_3,lstm_calibrated_ensemble,per_mode,quantile_0.900,off,,3,0.0,24.35897435897436,355.50708833151583,12.273361227336123,100.0,,,False
lstm_calibrated_ensemble__per_mode__quantile_0.900__ewma_off__persistence_5,lstm_calibrated_ensemble,per_mode,quantile_0.900,off,,5,1.9230769230769231,25.64102564102564,333.09099721313464,9.902370990237099,98.07692307692308,7.0,29.0,False
lstm_calibrated_ensemble__per_mode__quantile_0.900__ewma_off__persistence_8,lstm_calibrated_ensemble,per_mode,quantile_0.900,off,,8,3.8461538461538463,28.205128205128204,305.22234339028233,8.36059614685569,96.15384615384616,9.0,29.0,False
lstm_calibrated_ensemble__per_mode__quantile_0.900__ewma_alpha_0.20__persistence_1,lstm_calibrated_ensemble,per_mode,quantile_0.900,alpha_0.20,0.2,1,0.0,24.358974358974354,359.74797043499336,16.596931659693166,100.0,,,False
lstm_calibrated_ensemble__per_mode__quantile_0.900__ewma_alpha_0.20__persistence_3,lstm_calibrated_ensemble,per_mode,quantile_0.900,alpha_0.20,0.2,3,1.9230769230769231,27.564102564102566,332.0004846722404,10.420453168544771,98.07692307692308,9.0,32.0,False
lstm_calibrated_ensemble__per_mode__quantile_0.900__ewma_alpha_0.20__persistence_5,lstm_calibrated_ensemble,per_mode,quantile_0.900,alpha_0.20,0.2,5,3.8461538461538463,31.41025641025641,312.2500908760451,9.208772567551193,96.15384615384616,7.5,31.0,False
lstm_calibrated_ensemble__per_mode__quantile_0.900__ewma_alpha_0.20__persistence_8,lstm_calibrated_ensemble,per_mode,quantile_0.900,alpha_0.20,0.2,8,5.769230769230769,35.89743589743589,285.35078153398763,7.7547558463589,94.23076923076923,5.5,29.0,False
lstm_calibrated_ensemble__per_mode__quantile_0.900__ewma_alpha_0.50__persistence_1,lstm_calibrated_ensemble,per_mode,quantile_0.900,alpha_0.50,0.5,1,0.0,22.435897435897434,381.43705319277836,16.596931659693166,100.0,,,False
lstm_calibrated_ensemble__per_mode__quantile_0.900__ewma_alpha_0.50__persistence_3,lstm_calibrated_ensemble,per_mode,quantile_0.900,alpha_0.50,0.5,3,0.0,24.35897435897436,353.3260632497274,11.157601115760112,100.0,,,False
lstm_calibrated_ensemble__per_mode__quantile_0.900__ewma_alpha_0.50__persistence_5,lstm_calibrated_ensemble,per_mode,quantile_0.900,alpha_0.50,0.5,5,1.9230769230769231,26.28205128205128,332.4851569126378,9.344490934449093,98.07692307692308,8.0,29.0,False
lstm_calibrated_ensemble__per_mode__quantile_0.900__ewma_alpha_0.50__persistence_8,lstm_calibrated_ensemble,per_mode,quantile_0.900,alpha_0.50,0.5,8,3.8461538461538463,30.128205128205128,305.70701563067973,8.23942808675633,96.15384615384616,8.0,29.0,False
lstm_calibrated_ensemble__per_mode__quantile_0.900__ewma_alpha_0.80__persistence_1,lstm_calibrated_ensemble,per_mode,quantile_0.900,alpha_0.80,0.8,1,0.0,21.794871794871796,386.5261117169514,18.549511854951184,100.0,,,False
lstm_calibrated_ensemble__per_mode__quantile_0.900__ewma_alpha_0.80__persistence_3,lstm_calibrated_ensemble,per_mode,quantile_0.900,alpha_0.80,0.8,3,0.0,24.35897435897436,355.38592027141647,12.273361227336123,100.0,,,False
lstm_calibrated_ensemble__per_mode__quantile_0.900__ewma_alpha_0.80__persistence_5,lstm_calibrated_ensemble,per_mode,quantile_0.900,alpha_0.80,0.8,5,1.9230769230769231,26.28205128205128,332.8486610929359,9.762900976290098,98.07692307692308,7.0,29.0,False
lstm_calibrated_ensemble__per_mode__quantile_0.900__ewma_alpha_0.80__persistence_8,lstm_calibrated_ensemble,per_mode,quantile_0.900,alpha_0.80,0.8,8,3.8461538461538463,28.846153846153843,305.46467951048106,8.118260026656973,96.15384615384616,7.5,29.5,False
lstm_calibrated_ensemble__per_mode__quantile_0.950__ewma_off__persistence_1,lstm_calibrated_ensemble,per_mode,quantile_0.950,off,,1,0.0,25.0,323.2763843450866,17.99163179916318,100.0,,,False
lstm_calibrated_ensemble__per_mode__quantile_0.950__ewma_off__persistence_3,lstm_calibrated_ensemble,per_mode,quantile_0.950,off,,3,0.0,26.923076923076923,293.10553738034656,11.147461529140918,100.0,,,False
lstm_calibrated_ensemble__per_mode__quantile_0.950__ewma_off__persistence_5,lstm_calibrated_ensemble,per_mode,quantile_0.950,off,,5,3.8461538461538463,30.128205128205128,272.02229492305827,8.966436447352478,96.15384615384616,10.0,26.0,False
lstm_calibrated_ensemble__per_mode__quantile_0.950__ewma_off__persistence_8,lstm_calibrated_ensemble,per_mode,quantile_0.950,off,,8,3.8461538461538463,35.897435897435905,246.21349812189507,7.875923906458258,96.15384615384616,9.0,29.0,False
lstm_calibrated_ensemble__per_mode__quantile_0.950__ewma_alpha_0.20__persistence_1,lstm_calibrated_ensemble,per_mode,quantile_0.950,alpha_0.20,0.2,1,3.8461538461538463,34.61538461538461,282.44274809160305,14.297831091724222,96.15384615384616,6.0,31.0,False
lstm_calibrated_ensemble__per_mode__quantile_0.950__ewma_alpha_0.20__persistence_3,lstm_calibrated_ensemble,per_mode,quantile_0.950,alpha_0.20,0.2,3,3.8461538461538463,37.17948717948718,256.51278323034046,9.93578092814734,96.15384615384616,5.0,29.0,False
lstm_calibrated_ensemble__per_mode__quantile_0.950__ewma_alpha_0.20__persistence_5,lstm_calibrated_ensemble,per_mode,quantile_0.950,alpha_0.20,0.2,5,9.615384615384615,41.666666666666664,237.97407003513874,7.875923906458258,92.3076923076923,6.0,30.0,False
lstm_calibrated_ensemble__per_mode__quantile_0.950__ewma_alpha_0.20__persistence_8,lstm_calibrated_ensemble,per_mode,quantile_0.950,alpha_0.20,0.2,8,11.538461538461538,47.43589743589744,215.19447473645948,7.027747485762753,88.46153846153847,9.0,27.5,False
lstm_calibrated_ensemble__per_mode__quantile_0.950__ewma_alpha_0.50__persistence_1,lstm_calibrated_ensemble,per_mode,quantile_0.950,alpha_0.50,0.5,1,0.0,26.923076923076923,312.4924269962438,16.457461645746164,100.0,,,False
lstm_calibrated_ensemble__per_mode__quantile_0.950__ewma_alpha_0.50__persistence_3,lstm_calibrated_ensemble,per_mode,quantile_0.950,alpha_0.50,0.5,3,0.0,29.487179487179485,284.2602689930934,10.420453168544771,100.0,,,False
lstm_calibrated_ensemble__per_mode__quantile_0.950__ewma_alpha_0.50__persistence_5,lstm_calibrated_ensemble,per_mode,quantile_0.950,alpha_0.50,0.5,5,3.8461538461538463,32.05128205128205,264.38870713679876,9.208772567551193,96.15384615384616,10.0,28.0,False
lstm_calibrated_ensemble__per_mode__quantile_0.950__ewma_alpha_0.50__persistence_8,lstm_calibrated_ensemble,per_mode,quantile_0.950,alpha_0.50,0.5,8,3.8461538461538463,38.46153846153846,237.85290197503937,7.875923906458258,96.15384615384616,7.0,29.5,False
lstm_calibrated_ensemble__per_mode__quantile_0.950__ewma_alpha_0.80__persistence_1,lstm_calibrated_ensemble,per_mode,quantile_0.950,alpha_0.80,0.8,1,0.0,25.64102564102564,320.4895189628014,17.294281729428175,100.0,,,False
lstm_calibrated_ensemble__per_mode__quantile_0.950__ewma_alpha_0.80__persistence_3,lstm_calibrated_ensemble,per_mode,quantile_0.950,alpha_0.80,0.8,3,0.0,26.923076923076923,291.16684841875684,11.02629346904156,100.0,,,False
lstm_calibrated_ensemble__per_mode__quantile_0.950__ewma_alpha_0.80__persistence_5,lstm_calibrated_ensemble,per_mode,quantile_0.950,alpha_0.80,0.8,5,3.8461538461538463,30.76923076923077,270.2047740215679,9.208772567551193,96.15384615384616,10.0,26.0,False
lstm_calibrated_ensemble__per_mode__quantile_0.950__ewma_alpha_0.80__persistence_8,lstm_calibrated_ensemble,per_mode,quantile_0.950,alpha_0.80,0.8,8,3.8461538461538463,36.53846153846154,244.03247304010662,7.875923906458258,96.15384615384616,9.0,29.0,False
lstm_calibrated_ensemble__per_mode__quantile_0.975__ewma_off__persistence_1,lstm_calibrated_ensemble,per_mode,quantile_0.975,off,,1,0.0,30.76923076923077,256.51278323034046,21.757322175732217,100.0,,,False
lstm_calibrated_ensemble__per_mode__quantile_0.975__ewma_off__persistence_3,lstm_calibrated_ensemble,per_mode,quantile_0.975,off,,3,1.9230769230769231,37.17948717948718,220.76820550102994,11.147461529140918,98.07692307692308,4.0,34.0,False
lstm_calibrated_ensemble__per_mode__quantile_0.975__ewma_off__persistence_5,lstm_calibrated_ensemble,per_mode,quantile_0.975,off,,5,3.8461538461538463,41.02564102564102,199.80613110384104,9.087604507451836,96.15384615384616,6.0,32.0,False
lstm_calibrated_ensemble__per_mode__quantile_0.975__ewma_off__persistence_8,lstm_calibrated_ensemble,per_mode,quantile_0.975,off,,8,7.6923076923076925,49.358974358974365,174.23967042287654,6.906579425663395,94.23076923076923,6.0,29.0,False
lstm_calibrated_ensemble__per_mode__quantile_0.975__ewma_alpha_0.20__persistence_1,lstm_calibrated_ensemble,per_mode,quantile_0.975,alpha_0.20,0.2,1,7.6923076923076925,43.58974358974359,213.01344965467104,15.630679752817157,92.3076923076923,6.0,30.5,False
lstm_calibrated_ensemble__per_mode__quantile_0.975__ewma_alpha_0.20__persistence_3,lstm_calibrated_ensemble,per_mode,quantile_0.975,alpha_0.20,0.2,3,11.538461538461538,49.35897435897436,185.99297225251425,8.84526838725312,90.38461538461539,8.0,29.0,False
lstm_calibrated_ensemble__per_mode__quantile_0.975__ewma_alpha_0.20__persistence_5,lstm_calibrated_ensemble,per_mode,quantile_0.975,alpha_0.20,0.2,5,13.461538461538462,50.641025641025635,169.51411607900158,7.270083605961468,88.46153846153847,10.0,27.0,False
lstm_calibrated_ensemble__per_mode__quantile_0.975__ewma_alpha_0.20__persistence_8,lstm_calibrated_ensemble,per_mode,quantile_0.975,alpha_0.20,0.2,8,15.384615384615385,53.84615384615385,148.79437780201138,6.300739125166606,84.61538461538461,13.0,24.0,False
lstm_calibrated_ensemble__per_mode__quantile_0.975__ewma_alpha_0.50__persistence_1,lstm_calibrated_ensemble,per_mode,quantile_0.975,alpha_0.50,0.5,1,3.8461538461538463,35.256410256410255,246.0923300617957,18.828451882845187,96.15384615384616,6.5,31.5,False
lstm_calibrated_ensemble__per_mode__quantile_0.975__ewma_alpha_0.50__persistence_3,lstm_calibrated_ensemble,per_mode,quantile_0.975,alpha_0.50,0.5,3,3.8461538461538463,39.1025641025641,213.86162607536653,10.541621228644129,96.15384615384616,6.0,32.0,False
lstm_calibrated_ensemble__per_mode__quantile_0.975__ewma_alpha_0.50__persistence_5,lstm_calibrated_ensemble,per_mode,quantile_0.975,alpha_0.50,0.5,5,3.8461538461538463,42.948717948717956,193.8688961589725,8.84526838725312,96.15384615384616,6.0,30.0,False
lstm_calibrated_ensemble__per_mode__quantile_0.975__ewma_alpha_0.50__persistence_8,lstm_calibrated_ensemble,per_mode,quantile_0.975,alpha_0.50,0.5,8,9.615384615384615,50.641025641025635,169.39294801890222,6.785411365564038,90.38461538461539,8.0,28.0,False
lstm_calibrated_ensemble__per_mode__quantile_0.975__ewma_alpha_0.80__persistence_1,lstm_calibrated_ensemble,per_mode,quantile_0.975,alpha_0.80,0.8,1,1.9230769230769231,32.69230769230769,253.60474978795588,20.235066036592755,100.0,7.0,28.0,False
lstm_calibrated_ensemble__per_mode__quantile_0.975__ewma_alpha_0.80__persistence_3,lstm_calibrated_ensemble,per_mode,quantile_0.975,alpha_0.80,0.8,3,3.8461538461538463,37.820512820512825,219.435356839937,11.02629346904156,96.15384615384616,5.0,34.0,False
lstm_calibrated_ensemble__per_mode__quantile_0.975__ewma_alpha_0.80__persistence_5,lstm_calibrated_ensemble,per_mode,quantile_0.975,alpha_0.80,0.8,5,3.8461538461538463,41.666666666666664,198.4732824427481,8.84526838725312,96.15384615384616,7.0,28.0,False
lstm_calibrated_ensemble__per_mode__quantile_0.975__ewma_alpha_0.80__persistence_8,lstm_calibrated_ensemble,per_mode,quantile_0.975,alpha_0.80,0.8,8,7.6923076923076925,50.0,173.51266206228038,7.027747485762753,94.23076923076923,7.0,29.0,False
lstm_calibrated_ensemble__per_mode__quantile_0.990__ewma_off__persistence_1,lstm_calibrated_ensemble,per_mode,quantile_0.990,off,,1,26.923076923076923,64.1025641025641,167.33309099721313,23.14309947897734,96.15384615384616,5.0,32.0,False
lstm_calibrated_ensemble__per_mode__quantile_0.990__ewma_off__persistence_3,lstm_calibrated_ensemble,per_mode,quantile_0.990,off,,3,30.76923076923077,67.94871794871796,126.62062280382891,14.782503332121653,90.38461538461539,8.0,29.0,False
lstm_calibrated_ensemble__per_mode__quantile_0.990__ewma_off__persistence_5,lstm_calibrated_ensemble,per_mode,quantile_0.990,off,,5,34.61538461538461,71.7948717948718,99.35780928147341,10.299285108445414,90.38461538461539,8.0,27.0,False
lstm_calibrated_ensemble__per_mode__quantile_0.990__ewma_off__persistence_8,lstm_calibrated_ensemble,per_mode,quantile_0.990,off,,8,46.15384615384615,77.56410256410255,72.70083605961469,6.543075245365322,67.3076923076923,15.0,23.0,False
lstm_calibrated_ensemble__per_mode__quantile_0.990__ewma_alpha_0.20__persistence_1,lstm_calibrated_ensemble,per_mode,quantile_0.990,alpha_0.20,0.2,1,34.61538461538461,72.43589743589745,123.95492548164304,21.325578577486976,82.6923076923077,9.0,29.0,False
lstm_calibrated_ensemble__per_mode__quantile_0.990__ewma_alpha_0.20__persistence_3,lstm_calibrated_ensemble,per_mode,quantile_0.990,alpha_0.20,0.2,3,44.23076923076923,77.56410256410257,87.11983521143827,12.237974070035138,76.92307692307692,13.0,25.0,False
lstm_calibrated_ensemble__per_mode__quantile_0.990__ewma_alpha_0.20__persistence_5,lstm_calibrated_ensemble,per_mode,quantile_0.990,alpha_0.20,0.2,5,48.07692307692308,77.56410256410257,65.67308857385193,7.270083605961468,65.38461538461539,15.0,23.0,False
lstm_calibrated_ensemble__per_mode__quantile_0.990__ewma_alpha_0.20__persistence_8,lstm_calibrated_ensemble,per_mode,quantile_0.990,alpha_0.20,0.2,8,51.92307692307692,78.2051282051282,46.528535078153396,4.483218223676239,50.0,18.0,21.0,True
lstm_calibrated_ensemble__per_mode__quantile_0.990__ewma_alpha_0.50__persistence_1,lstm_calibrated_ensemble,per_mode,quantile_0.990,alpha_0.50,0.5,1,26.923076923076923,64.74358974358974,158.97249485035744,23.021931418877983,96.15384615384616,6.0,32.0,False
lstm_calibrated_ensemble__per_mode__quantile_0.990__ewma_alpha_0.50__persistence_3,lstm_calibrated_ensemble,per_mode,quantile_0.990,alpha_0.50,0.5,3,34.61538461538461,69.87179487179488,118.62353083727129,14.540167211922936,90.38461538461539,8.5,29.0,False
lstm_calibrated_ensemble__per_mode__quantile_0.990__ewma_alpha_0.50__persistence_5,lstm_calibrated_ensemble,per_mode,quantile_0.990,alpha_0.50,0.5,5,42.30769230769231,75.0,92.57239791590936,9.572276747849267,82.6923076923077,8.5,26.5,False
lstm_calibrated_ensemble__per_mode__quantile_0.990__ewma_alpha_0.50__persistence_8,lstm_calibrated_ensemble,per_mode,quantile_0.990,alpha_0.50,0.5,8,50.0,80.12820512820512,67.24827335514358,6.179571065067249,65.38461538461539,15.0,23.0,False
lstm_calibrated_ensemble__per_mode__quantile_0.990__ewma_alpha_0.80__persistence_1,lstm_calibrated_ensemble,per_mode,quantile_0.990,alpha_0.80,0.8,1,26.923076923076923,64.1025641025641,166.0002423361202,22.77959529867927,96.15384615384616,5.0,32.0,False
lstm_calibrated_ensemble__per_mode__quantile_0.990__ewma_alpha_0.80__persistence_3,lstm_calibrated_ensemble,per_mode,quantile_0.990,alpha_0.80,0.8,3,32.69230769230769,68.58974358974359,125.65127832303405,14.661335272022296,90.38461538461539,8.0,29.0,False
lstm_calibrated_ensemble__per_mode__quantile_0.990__ewma_alpha_0.80__persistence_5,lstm_calibrated_ensemble,per_mode,quantile_0.990,alpha_0.80,0.8,5,36.53846153846154,72.43589743589745,98.5096328607779,10.299285108445414,90.38461538461539,8.0,27.0,False
lstm_calibrated_ensemble__per_mode__quantile_0.990__ewma_alpha_0.80__persistence_8,lstm_calibrated_ensemble,per_mode,quantile_0.990,alpha_0.80,0.8,8,48.07692307692308,78.84615384615385,71.85265963891918,6.300739125166606,65.38461538461539,14.5,23.0,False
lstm_calibrated_ensemble__per_mode__quantile_0.995__ewma_off__persistence_1,lstm_calibrated_ensemble,per_mode,quantile_0.995,off,,1,30.76923076923077,69.87179487179488,98.63080092087726,26.293469041560645,92.3076923076923,6.0,29.5,False
lstm_calibrated_ensemble__per_mode__quantile_0.995__ewma_off__persistence_3,lstm_calibrated_ensemble,per_mode,quantile_0.995,off,,3,40.38461538461539,75.0,61.55337453047377,6.4219071852659635,65.38461538461539,16.0,22.0,False
lstm_calibrated_ensemble__per_mode__quantile_0.995__ewma_off__persistence_5,lstm_calibrated_ensemble,per_mode,quantile_0.995,off,,5,48.07692307692308,78.20512820512822,50.89058524173028,3.756209863080092,53.84615384615385,21.0,20.0,True
lstm_calibrated_ensemble__per_mode__quantile_0.995__ewma_off__persistence_8,lstm_calibrated_ensemble,per_mode,quantile_0.995,off,,8,51.92307692307692,77.56410256410255,40.83363625348358,2.7868653822852294,42.30769230769231,22.0,18.0,True
lstm_calibrated_ensemble__per_mode__quantile_0.995__ewma_alpha_0.20__persistence_1,lstm_calibrated_ensemble,per_mode,quantile_0.995,alpha_0.20,0.2,1,44.23076923076923,78.84615384615385,65.55192051375258,17.20586453410881,78.84615384615384,12.0,27.0,False
lstm_calibrated_ensemble__per_mode__quantile_0.995__ewma_alpha_0.20__persistence_3,lstm_calibrated_ensemble,per_mode,quantile_0.995,alpha_0.20,0.2,3,53.84615384615385,80.12820512820512,41.31830849388101,4.2408821034775235,48.07692307692308,18.0,20.0,True
lstm_calibrated_ensemble__per_mode__quantile_0.995__ewma_alpha_0.20__persistence_5,lstm_calibrated_ensemble,per_mode,quantile_0.995,alpha_0.20,0.2,5,51.92307692307692,76.28205128205128,33.92705682782019,2.9080334423845873,40.38461538461539,21.0,20.0,True
lstm_calibrated_ensemble__per_mode__quantile_0.995__ewma_alpha_0.20__persistence_8,lstm_calibrated_ensemble,per_mode,quantile_0.995,alpha_0.20,0.2,8,50.0,71.15384615384615,26.172300981461287,2.0598570216890826,32.69230769230769,23.0,17.5,True
lstm_calibrated_ensemble__per_mode__quantile_0.995__ewma_alpha_0.50__persistence_1,lstm_calibrated_ensemble,per_mode,quantile_0.995,alpha_0.50,0.5,1,32.69230769230769,71.7948717948718,90.02786865382285,24.35478007997092,88.46153846153847,6.5,29.5,False
lstm_calibrated_ensemble__per_mode__quantile_0.995__ewma_alpha_0.50__persistence_3,lstm_calibrated_ensemble,per_mode,quantile_0.995,alpha_0.50,0.5,3,42.30769230769231,75.64102564102564,55.979643765903305,5.452562704471101,59.61538461538461,18.0,20.0,True
lstm_calibrated_ensemble__per_mode__quantile_0.995__ewma_alpha_0.50__persistence_5,lstm_calibrated_ensemble,per_mode,quantile_0.995,alpha_0.50,0.5,5,50.0,80.12820512820512,46.528535078153396,3.5138737428813767,51.92307692307692,21.0,19.0,True
lstm_calibrated_ensemble__per_mode__quantile_0.995__ewma_alpha_0.50__persistence_8,lstm_calibrated_ensemble,per_mode,quantile_0.995,alpha_0.50,0.5,8,53.84615384615385,78.84615384615385,37.3197625106022,2.665697322185872,40.38461538461539,22.0,17.5,True
lstm_calibrated_ensemble__per_mode__quantile_0.995__ewma_alpha_0.80__persistence_1,lstm_calibrated_ensemble,per_mode,quantile_0.995,alpha_0.80,0.8,1,30.76923076923077,69.87179487179488,96.2074397188901,25.929964861262572,92.3076923076923,6.0,30.0,False
lstm_calibrated_ensemble__per_mode__quantile_0.995__ewma_alpha_0.80__persistence_3,lstm_calibrated_ensemble,per_mode,quantile_0.995,alpha_0.80,0.8,3,40.38461538461539,75.0,60.09935780928147,5.8160668847691745,61.53846153846154,17.0,22.0,False
lstm_calibrated_ensemble__per_mode__quantile_0.995__ewma_alpha_0.80__persistence_5,lstm_calibrated_ensemble,per_mode,quantile_0.995,alpha_0.80,0.8,5,50.0,78.84615384615385,50.163576881134134,3.635041802980734,51.92307692307692,21.0,20.0,True
lstm_calibrated_ensemble__per_mode__quantile_0.995__ewma_alpha_0.80__persistence_8,lstm_calibrated_ensemble,per_mode,quantile_0.995,alpha_0.80,0.8,8,51.92307692307692,78.2051282051282,40.34896401308615,2.7868653822852294,42.30769230769231,22.0,18.5,True
lstm_calibrated_ensemble__per_mode__mean_plus_1.0_std__ewma_off__persistence_1,lstm_calibrated_ensemble,per_mode,mean_plus_1.0_std,off,,1,0.0,16.666666666666668,508.1788440567067,22.386831275720166,100.0,,,False
lstm_calibrated_ensemble__per_mode__mean_plus_1.0_std__ewma_off__persistence_3,lstm_calibrated_ensemble,per_mode,mean_plus_1.0_std,off,,3,0.0,17.30769230769231,473.5247788682903,13.82716049382716,100.0,,,False
lstm_calibrated_ensemble__per_mode__mean_plus_1.0_std__ewma_off__persistence_5,lstm_calibrated_ensemble,per_mode,mean_plus_1.0_std,off,,5,0.0,17.94871794871795,449.04883072822,11.297071129707113,100.0,,,False
lstm_calibrated_ensemble__per_mode__mean_plus_1.0_std__ewma_off__persistence_8,lstm_calibrated_ensemble,per_mode,mean_plus_1.0_std,off,,8,0.0,21.794871794871796,418.7568157033806,9.344490934449093,100.0,,,False
lstm_calibrated_ensemble__per_mode__mean_plus_1.0_std__ewma_alpha_0.20__persistence_1,lstm_calibrated_ensemble,per_mode,mean_plus_1.0_std,alpha_0.20,0.2,1,0.0,18.589743589743588,488.67078638071007,17.448559670781894,100.0,,,False
lstm_calibrated_ensemble__per_mode__mean_plus_1.0_std__ewma_alpha_0.20__persistence_3,lstm_calibrated_ensemble,per_mode,mean_plus_1.0_std,alpha_0.20,0.2,3,0.0,19.23076923076923,461.5291409184539,11.157601115760112,100.0,,,False
lstm_calibrated_ensemble__per_mode__mean_plus_1.0_std__ewma_alpha_0.20__persistence_5,lstm_calibrated_ensemble,per_mode,mean_plus_1.0_std,alpha_0.20,0.2,5,0.0,21.153846153846157,440.567066521265,10.320781032078104,100.0,,,False
lstm_calibrated_ensemble__per_mode__mean_plus_1.0_std__ewma_alpha_0.20__persistence_8,lstm_calibrated_ensemble,per_mode,mean_plus_1.0_std,alpha_0.20,0.2,8,1.9230769230769231,23.71794871794872,412.57724463831335,8.481764206955047,98.07692307692308,8.0,29.0,False
lstm_calibrated_ensemble__per_mode__mean_plus_1.0_std__ewma_alpha_0.50__persistence_1,lstm_calibrated_ensemble,per_mode,mean_plus_1.0_std,alpha_0.50,0.5,1,0.0,16.025641025641026,502.8474494123349,18.765432098765434,100.0,,,False
lstm_calibrated_ensemble__per_mode__mean_plus_1.0_std__ewma_alpha_0.50__persistence_3,lstm_calibrated_ensemble,per_mode,mean_plus_1.0_std,alpha_0.50,0.5,3,0.0,18.589743589743588,473.0401066278929,12.691771269177126,100.0,,,False
lstm_calibrated_ensemble__per_mode__mean_plus_1.0_std__ewma_alpha_0.50__persistence_5,lstm_calibrated_ensemble,per_mode,mean_plus_1.0_std,alpha_0.50,0.5,5,0.0,19.871794871794872,450.0181752090149,11.157601115760112,100.0,,,False
lstm_calibrated_ensemble__per_mode__mean_plus_1.0_std__ewma_alpha_0.50__persistence_8,lstm_calibrated_ensemble,per_mode,mean_plus_1.0_std,alpha_0.50,0.5,8,0.0,21.794871794871796,419.6049921240761,9.344490934449093,100.0,,,False
lstm_calibrated_ensemble__per_mode__mean_plus_1.0_std__ewma_alpha_0.80__persistence_1,lstm_calibrated_ensemble,per_mode,mean_plus_1.0_std,alpha_0.80,0.8,1,0.0,16.666666666666668,505.87665091481887,20.08230452674897,100.0,,,False
lstm_calibrated_ensemble__per_mode__mean_plus_1.0_std__ewma_alpha_0.80__persistence_3,lstm_calibrated_ensemble,per_mode,mean_plus_1.0_std,alpha_0.80,0.8,3,0.0,17.94871794871795,473.40361080819093,13.389121338912133,100.0,,,False
lstm_calibrated_ensemble__per_mode__mean_plus_1.0_std__ewma_alpha_0.80__persistence_5,lstm_calibrated_ensemble,per_mode,mean_plus_1.0_std,alpha_0.80,0.8,5,0.0,18.589743589743588,449.4123349085181,11.01813110181311,100.0,,,False
lstm_calibrated_ensemble__per_mode__mean_plus_1.0_std__ewma_alpha_0.80__persistence_8,lstm_calibrated_ensemble,per_mode,mean_plus_1.0_std,alpha_0.80,0.8,8,0.0,21.794871794871796,419.8473282442748,9.06555090655509,100.0,,,False
lstm_calibrated_ensemble__per_mode__mean_plus_1.5_std__ewma_off__persistence_1,lstm_calibrated_ensemble,per_mode,mean_plus_1.5_std,off,,1,0.0,24.358974358974354,347.38882830485886,20.92050209205021,100.0,,,False
lstm_calibrated_ensemble__per_mode__mean_plus_1.5_std__ewma_off__persistence_3,lstm_calibrated_ensemble,per_mode,mean_plus_1.5_std,off,,3,0.0,25.64102564102564,313.46177147703867,12.133891213389122,100.0,,,False
lstm_calibrated_ensemble__per_mode__mean_plus_1.5_std__ewma_off__persistence_5,lstm_calibrated_ensemble,per_mode,mean_plus_1.5_std,off,,5,1.9230769230769231,28.205128205128204,291.5303525990549,9.32994062765055,98.07692307692308,9.0,32.0,False
lstm_calibrated_ensemble__per_mode__mean_plus_1.5_std__ewma_off__persistence_8,lstm_calibrated_ensemble,per_mode,mean_plus_1.5_std,off,,8,3.8461538461538463,34.61538461538461,265.842723857991,7.633587786259542,96.15384615384616,9.5,30.0,False
lstm_calibrated_ensemble__per_mode__mean_plus_1.5_std__ewma_alpha_0.20__persistence_1,lstm_calibrated_ensemble,per_mode,mean_plus_1.5_std,alpha_0.20,0.2,1,3.8461538461538463,31.41025641025641,311.15957833515085,19.9442119944212,98.07692307692308,7.0,32.0,False
lstm_calibrated_ensemble__per_mode__mean_plus_1.5_std__ewma_alpha_0.20__persistence_3,lstm_calibrated_ensemble,per_mode,mean_plus_1.5_std,alpha_0.20,0.2,3,3.8461538461538463,33.333333333333336,278.3230340482249,10.541621228644129,96.15384615384616,8.0,29.0,False
lstm_calibrated_ensemble__per_mode__mean_plus_1.5_std__ewma_alpha_0.20__persistence_5,lstm_calibrated_ensemble,per_mode,mean_plus_1.5_std,alpha_0.20,0.2,5,5.769230769230769,38.46153846153846,258.93614443232764,8.481764206955047,94.23076923076923,5.0,30.0,False
lstm_calibrated_ensemble__per_mode__mean_plus_1.5_std__ewma_alpha_0.20__persistence_8,lstm_calibrated_ensemble,per_mode,mean_plus_1.5_std,alpha_0.20,0.2,8,9.615384615384615,42.30769230769231,235.06603659275416,7.148915545862111,90.38461538461539,7.0,28.0,False
lstm_calibrated_ensemble__per_mode__mean_plus_1.5_std__ewma_alpha_0.50__persistence_1,lstm_calibrated_ensemble,per_mode,mean_plus_1.5_std,alpha_0.50,0.5,1,0.0,24.358974358974354,338.42239185750634,20.0836820083682,100.0,,,False
lstm_calibrated_ensemble__per_mode__mean_plus_1.5_std__ewma_alpha_0.50__persistence_3,lstm_calibrated_ensemble,per_mode,mean_plus_1.5_std,alpha_0.50,0.5,3,0.0,25.64102564102564,306.4340239912759,10.878661087866108,100.0,,,False
lstm_calibrated_ensemble__per_mode__mean_plus_1.5_std__ewma_alpha_0.50__persistence_5,lstm_calibrated_ensemble,per_mode,mean_plus_1.5_std,alpha_0.50,0.5,5,3.8461538461538463,31.41025641025641,286.1989579546831,8.966436447352478,96.15384615384616,9.5,29.5,False
lstm_calibrated_ensemble__per_mode__mean_plus_1.5_std__ewma_alpha_0.50__persistence_8,lstm_calibrated_ensemble,per_mode,mean_plus_1.5_std,alpha_0.50,0.5,8,3.8461538461538463,35.89743589743589,260.6324972737186,7.633587786259542,96.15384615384616,6.5,28.5,False
lstm_calibrated_ensemble__per_mode__mean_plus_1.5_std__ewma_alpha_0.80__persistence_1,lstm_calibrated_ensemble,per_mode,mean_plus_1.5_std,alpha_0.80,0.8,1,0.0,24.358974358974354,345.93481158366654,20.502092050209207,100.0,,,False
lstm_calibrated_ensemble__per_mode__mean_plus_1.5_std__ewma_alpha_0.80__persistence_3,lstm_calibrated_ensemble,per_mode,mean_plus_1.5_std,alpha_0.80,0.8,3,0.0,25.64102564102564,312.9770992366412,11.854951185495118,100.0,,,False
lstm_calibrated_ensemble__per_mode__mean_plus_1.5_std__ewma_alpha_0.80__persistence_5,lstm_calibrated_ensemble,per_mode,mean_plus_1.5_std,alpha_0.80,0.8,5,1.9230769230769231,28.846153846153843,291.28801647885615,9.572276747849267,98.07692307692308,10.0,29.0,False
lstm_calibrated_ensemble__per_mode__mean_plus_1.5_std__ewma_alpha_0.80__persistence_8,lstm_calibrated_ensemble,per_mode,mean_plus_1.5_std,alpha_0.80,0.8,8,3.8461538461538463,34.61538461538461,264.87337937719616,7.7547558463589,96.15384615384616,9.5,30.0,False
lstm_calibrated_ensemble__per_mode__mean_plus_2.0_std__ewma_off__persistence_1,lstm_calibrated_ensemble,per_mode,mean_plus_2.0_std,off,,1,0.0,0.0,0.0,0.0,0.0,,,True
lstm_calibrated_ensemble__per_mode__mean_plus_2.0_std__ewma_off__persistence_3,lstm_calibrated_ensemble,per_mode,mean_plus_2.0_std,off,,3,0.0,0.0,0.0,0.0,0.0,,,True
lstm_calibrated_ensemble__per_mode__mean_plus_2.0_std__ewma_off__persistence_5,lstm_calibrated_ensemble,per_mode,mean_plus_2.0_std,off,,5,0.0,0.0,0.0,0.0,0.0,,,True
lstm_calibrated_ensemble__per_mode__mean_plus_2.0_std__ewma_off__persistence_8,lstm_calibrated_ensemble,per_mode,mean_plus_2.0_std,off,,8,0.0,0.0,0.0,0.0,0.0,,,True
lstm_calibrated_ensemble__per_mode__mean_plus_2.0_std__ewma_alpha_0.20__persistence_1,lstm_calibrated_ensemble,per_mode,mean_plus_2.0_std,alpha_0.20,0.2,1,0.0,0.0,0.0,0.0,0.0,,,True
lstm_calibrated_ensemble__per_mode__mean_plus_2.0_std__ewma_alpha_0.20__persistence_3,lstm_calibrated_ensemble,per_mode,mean_plus_2.0_std,alpha_0.20,0.2,3,0.0,0.0,0.0,0.0,0.0,,,True
lstm_calibrated_ensemble__per_mode__mean_plus_2.0_std__ewma_alpha_0.20__persistence_5,lstm_calibrated_ensemble,per_mode,mean_plus_2.0_std,alpha_0.20,0.2,5,0.0,0.0,0.0,0.0,0.0,,,True
lstm_calibrated_ensemble__per_mode__mean_plus_2.0_std__ewma_alpha_0.20__persistence_8,lstm_calibrated_ensemble,per_mode,mean_plus_2.0_std,alpha_0.20,0.2,8,0.0,0.0,0.0,0.0,0.0,,,True
lstm_calibrated_ensemble__per_mode__mean_plus_2.0_std__ewma_alpha_0.50__persistence_1,lstm_calibrated_ensemble,per_mode,mean_plus_2.0_std,alpha_0.50,0.5,1,0.0,0.0,0.0,0.0,0.0,,,True
lstm_calibrated_ensemble__per_mode__mean_plus_2.0_std__ewma_alpha_0.50__persistence_3,lstm_calibrated_ensemble,per_mode,mean_plus_2.0_std,alpha_0.50,0.5,3,0.0,0.0,0.0,0.0,0.0,,,True
lstm_calibrated_ensemble__per_mode__mean_plus_2.0_std__ewma_alpha_0.50__persistence_5,lstm_calibrated_ensemble,per_mode,mean_plus_2.0_std,alpha_0.50,0.5,5,0.0,0.0,0.0,0.0,0.0,,,True
lstm_calibrated_ensemble__per_mode__mean_plus_2.0_std__ewma_alpha_0.50__persistence_8,lstm_calibrated_ensemble,per_mode,mean_plus_2.0_std,alpha_0.50,0.5,8,0.0,0.0,0.0,0.0,0.0,,,True
lstm_calibrated_ensemble__per_mode__mean_plus_2.0_std__ewma_alpha_0.80__persistence_1,lstm_calibrated_ensemble,per_mode,mean_plus_2.0_std,alpha_0.80,0.8,1,0.0,0.0,0.0,0.0,0.0,,,True
lstm_calibrated_ensemble__per_mode__mean_plus_2.0_std__ewma_alpha_0.80__persistence_3,lstm_calibrated_ensemble,per_mode,mean_plus_2.0_std,alpha_0.80,0.8,3,0.0,0.0,0.0,0.0,0.0,,,True
lstm_calibrated_ensemble__per_mode__mean_plus_2.0_std__ewma_alpha_0.80__persistence_5,lstm_calibrated_ensemble,per_mode,mean_plus_2.0_std,alpha_0.80,0.8,5,0.0,0.0,0.0,0.0,0.0,,,True
lstm_calibrated_ensemble__per_mode__mean_plus_2.0_std__ewma_alpha_0.80__persistence_8,lstm_calibrated_ensemble,per_mode,mean_plus_2.0_std,alpha_0.80,0.8,8,0.0,0.0,0.0,0.0,0.0,,,True
